season,week,player_id,player_display_name,position,team,opponent,is_bye,matchup_factor,weekly_points_pred,sim_p10,sim_p25,sim_median,sim_p75,sim_p90,sim_bust_prob,sim_boom_prob,scoring,locked_at,source_note,source_board
2026,3,00-0034796,Lamar Jackson,QB,BAL,DAL,False,1.43,26.93,17.49,21.51,27.18,33.23,38.75,0.0,0.83,ppr,2026-09-22 13:17,"Pre-kickoff snapshot locked 2026-09-22 (all Week 3 games 9/24-9/28, none yet played). Live data refreshed same day (Sleeper live API blocked by sandbox proxy 403, fell back to committed snapshot - see data/fallback/README). Manual weekly-out overrides applied for confirmed Week 3 absences: Jayden Daniels (WAS QB, elbow, Mariota starting), David Njoku and Charlie Kolar (both LAC TE, placed on IR after Week 2, min 4 games) - all via multi-source web confirmation (ESPN/CBS/NFL.com/Chargers.com), not yet reflected in Sleeper's live feed.",/home/user/ffcc/output/draft_rankings/draft_rankings_2026_ppr.csv
2026,3,00-0039139,Jahmyr Gibbs,RB,DET,NYJ,False,1.27,26.77,20.03,22.65,25.43,30.18,36.26,0.0,0.95,ppr,2026-09-22 13:17,"Pre-kickoff snapshot locked 2026-09-22 (all Week 3 games 9/24-9/28, none yet played). Live data refreshed same day (Sleeper live API blocked by sandbox proxy 403, fell back to committed snapshot - see data/fallback/README). Manual weekly-out overrides applied for confirmed Week 3 absences: Jayden Daniels (WAS QB, elbow, Mariota starting), David Njoku and Charlie Kolar (both LAC TE, placed on IR after Week 2, min 4 games) - all via multi-source web confirmation (ESPN/CBS/NFL.com/Chargers.com), not yet reflected in Sleeper's live feed.",/home/user/ffcc/output/draft_rankings/draft_rankings_2026_ppr.csv
2026,3,00-0033280,Christian McCaffrey,RB,SF,ARI,False,1.19,23.2,16.23,18.92,21.73,26.47,32.51,0.0,0.81,ppr,2026-09-22 13:17,"Pre-kickoff snapshot locked 2026-09-22 (all Week 3 games 9/24-9/28, none yet played). Live data refreshed same day (Sleeper live API blocked by sandbox proxy 403, fell back to committed snapshot - see data/fallback/README). Manual weekly-out overrides applied for confirmed Week 3 absences: Jayden Daniels (WAS QB, elbow, Mariota starting), David Njoku and Charlie Kolar (both LAC TE, placed on IR after Week 2, min 4 games) - all via multi-source web confirmation (ESPN/CBS/NFL.com/Chargers.com), not yet reflected in Sleeper's live feed.",/home/user/ffcc/output/draft_rankings/draft_rankings_2026_ppr.csv
2026,3,00-0036900,Ja'Marr Chase,WR,CIN,PIT,False,1.14,22.82,15.3,18.19,21.28,25.81,31.8,0.0,0.72,ppr,2026-09-22 13:17,"Pre-kickoff snapshot locked 2026-09-22 (all Week 3 games 9/24-9/28, none yet played). Live data refreshed same day (Sleeper live API blocked by sandbox proxy 403, fell back to committed snapshot - see data/fallback/README). Manual weekly-out overrides applied for confirmed Week 3 absences: Jayden Daniels (WAS QB, elbow, Mariota starting), David Njoku and Charlie Kolar (both LAC TE, placed on IR after Week 2, min 4 games) - all via multi-source web confirmation (ESPN/CBS/NFL.com/Chargers.com), not yet reflected in Sleeper's live feed.",/home/user/ffcc/output/draft_rankings/draft_rankings_2026_ppr.csv
2026,3,00-0036389,Jalen Hurts,QB,PHI,CHI,False,1.11,22.68,13.2,17.29,23.07,29.25,34.61,0.0,0.64,ppr,2026-09-22 13:17,"Pre-kickoff snapshot locked 2026-09-22 (all Week 3 games 9/24-9/28, none yet played). Live data refreshed same day (Sleeper live API blocked by sandbox proxy 403, fell back to committed snapshot - see data/fallback/README). Manual weekly-out overrides applied for confirmed Week 3 absences: Jayden Daniels (WAS QB, elbow, Mariota starting), David Njoku and Charlie Kolar (both LAC TE, placed on IR after Week 2, min 4 games) - all via multi-source web confirmation (ESPN/CBS/NFL.com/Chargers.com), not yet reflected in Sleeper's live feed.",/home/user/ffcc/output/draft_rankings/draft_rankings_2026_ppr.csv
2026,3,00-0033106,Jared Goff,QB,DET,NYJ,False,1.22,20.45,11.02,15.25,20.91,26.92,32.3,0.01,0.56,ppr,2026-09-22 13:17,"Pre-kickoff snapshot locked 2026-09-22 (all Week 3 games 9/24-9/28, none yet played). Live data refreshed same day (Sleeper live API blocked by sandbox proxy 403, fell back to committed snapshot - see data/fallback/README). Manual weekly-out overrides applied for confirmed Week 3 absences: Jayden Daniels (WAS QB, elbow, Mariota starting), David Njoku and Charlie Kolar (both LAC TE, placed on IR after Week 2, min 4 games) - all via multi-source web confirmation (ESPN/CBS/NFL.com/Chargers.com), not yet reflected in Sleeper's live feed.",/home/user/ffcc/output/draft_rankings/draft_rankings_2026_ppr.csv
2026,3,00-0036358,CeeDee Lamb,WR,DAL,BAL,False,1.17,20.0,12.75,15.56,18.48,22.84,28.95,0.0,0.48,ppr,2026-09-22 13:17,"Pre-kickoff snapshot locked 2026-09-22 (all Week 3 games 9/24-9/28, none yet played). Live data refreshed same day (Sleeper live API blocked by sandbox proxy 403, fell back to committed snapshot - see data/fallback/README). Manual weekly-out overrides applied for confirmed Week 3 absences: Jayden Daniels (WAS QB, elbow, Mariota starting), David Njoku and Charlie Kolar (both LAC TE, placed on IR after Week 2, min 4 games) - all via multi-source web confirmation (ESPN/CBS/NFL.com/Chargers.com), not yet reflected in Sleeper's live feed.",/home/user/ffcc/output/draft_rankings/draft_rankings_2026_ppr.csv
2026,3,00-0038542,Bijan Robinson,RB,ATL,GB,False,0.98,19.65,12.85,15.38,18.05,22.85,28.92,0.0,0.5,ppr,2026-09-22 13:17,"Pre-kickoff snapshot locked 2026-09-22 (all Week 3 games 9/24-9/28, none yet played). Live data refreshed same day (Sleeper live API blocked by sandbox proxy 403, fell back to committed snapshot - see data/fallback/README). Manual weekly-out overrides applied for confirmed Week 3 absences: Jayden Daniels (WAS QB, elbow, Mariota starting), David Njoku and Charlie Kolar (both LAC TE, placed on IR after Week 2, min 4 games) - all via multi-source web confirmation (ESPN/CBS/NFL.com/Chargers.com), not yet reflected in Sleeper's live feed.",/home/user/ffcc/output/draft_rankings/draft_rankings_2026_ppr.csv
2026,3,00-0038543,Jaxon Smith-Njigba,WR,SEA,WAS,False,1.13,19.55,12.27,15.14,18.14,22.76,28.63,0.0,0.46,ppr,2026-09-22 13:17,"Pre-kickoff snapshot locked 2026-09-22 (all Week 3 games 9/24-9/28, none yet played). Live data refreshed same day (Sleeper live API blocked by sandbox proxy 403, fell back to committed snapshot - see data/fallback/README). Manual weekly-out overrides applied for confirmed Week 3 absences: Jayden Daniels (WAS QB, elbow, Mariota starting), David Njoku and Charlie Kolar (both LAC TE, placed on IR after Week 2, min 4 games) - all via multi-source web confirmation (ESPN/CBS/NFL.com/Chargers.com), not yet reflected in Sleeper's live feed.",/home/user/ffcc/output/draft_rankings/draft_rankings_2026_ppr.csv
2026,3,00-0033077,Dak Prescott,QB,DAL,BAL,False,1.09,19.03,9.54,13.76,19.25,25.43,30.85,0.01,0.48,ppr,2026-09-22 13:17,"Pre-kickoff snapshot locked 2026-09-22 (all Week 3 games 9/24-9/28, none yet played). Live data refreshed same day (Sleeper live API blocked by sandbox proxy 403, fell back to committed snapshot - see data/fallback/README). Manual weekly-out overrides applied for confirmed Week 3 absences: Jayden Daniels (WAS QB, elbow, Mariota starting), David Njoku and Charlie Kolar (both LAC TE, placed on IR after Week 2, min 4 games) - all via multi-source web confirmation (ESPN/CBS/NFL.com/Chargers.com), not yet reflected in Sleeper's live feed.",/home/user/ffcc/output/draft_rankings/draft_rankings_2026_ppr.csv
2026,3,00-0033873,Patrick Mahomes,QB,KC,MIA,False,1.11,18.94,9.53,13.81,19.35,25.26,30.86,0.01,0.48,ppr,2026-09-22 13:17,"Pre-kickoff snapshot locked 2026-09-22 (all Week 3 games 9/24-9/28, none yet played). Live data refreshed same day (Sleeper live API blocked by sandbox proxy 403, fell back to committed snapshot - see data/fallback/README). Manual weekly-out overrides applied for confirmed Week 3 absences: Jayden Daniels (WAS QB, elbow, Mariota starting), David Njoku and Charlie Kolar (both LAC TE, placed on IR after Week 2, min 4 games) - all via multi-source web confirmation (ESPN/CBS/NFL.com/Chargers.com), not yet reflected in Sleeper's live feed.",/home/user/ffcc/output/draft_rankings/draft_rankings_2026_ppr.csv
2026,3,00-0036554,Nico Collins,WR,HOU,IND,False,1.17,18.94,11.68,14.52,17.54,21.92,27.93,0.0,0.41,ppr,2026-09-22 13:17,"Pre-kickoff snapshot locked 2026-09-22 (all Week 3 games 9/24-9/28, none yet played). Live data refreshed same day (Sleeper live API blocked by sandbox proxy 403, fell back to committed snapshot - see data/fallback/README). Manual weekly-out overrides applied for confirmed Week 3 absences: Jayden Daniels (WAS QB, elbow, Mariota starting), David Njoku and Charlie Kolar (both LAC TE, placed on IR after Week 2, min 4 games) - all via multi-source web confirmation (ESPN/CBS/NFL.com/Chargers.com), not yet reflected in Sleeper's live feed.",/home/user/ffcc/output/draft_rankings/draft_rankings_2026_ppr.csv
2026,3,00-0040691,Jaxson Dart,QB,NYG,TEN,False,1.17,18.65,9.22,13.43,19.21,25.27,30.58,0.01,0.48,ppr,2026-09-22 13:17,"Pre-kickoff snapshot locked 2026-09-22 (all Week 3 games 9/24-9/28, none yet played). Live data refreshed same day (Sleeper live API blocked by sandbox proxy 403, fell back to committed snapshot - see data/fallback/README). Manual weekly-out overrides applied for confirmed Week 3 absences: Jayden Daniels (WAS QB, elbow, Mariota starting), David Njoku and Charlie Kolar (both LAC TE, placed on IR after Week 2, min 4 games) - all via multi-source web confirmation (ESPN/CBS/NFL.com/Chargers.com), not yet reflected in Sleeper's live feed.",/home/user/ffcc/output/draft_rankings/draft_rankings_2026_ppr.csv
2026,3,00-0036963,Amon-Ra St. Brown,WR,DET,NYJ,False,0.99,17.93,10.63,13.44,16.37,20.91,26.91,0.0,0.35,ppr,2026-09-22 13:17,"Pre-kickoff snapshot locked 2026-09-22 (all Week 3 games 9/24-9/28, none yet played). Live data refreshed same day (Sleeper live API blocked by sandbox proxy 403, fell back to committed snapshot - see data/fallback/README). Manual weekly-out overrides applied for confirmed Week 3 absences: Jayden Daniels (WAS QB, elbow, Mariota starting), David Njoku and Charlie Kolar (both LAC TE, placed on IR after Week 2, min 4 games) - all via multi-source web confirmation (ESPN/CBS/NFL.com/Chargers.com), not yet reflected in Sleeper's live feed.",/home/user/ffcc/output/draft_rankings/draft_rankings_2026_ppr.csv
2026,3,00-0039337,Malik Nabers,WR,NYG,TEN,False,1.16,17.86,10.55,13.36,16.32,20.88,26.89,0.0,0.34,ppr,2026-09-22 13:17,"Pre-kickoff snapshot locked 2026-09-22 (all Week 3 games 9/24-9/28, none yet played). Live data refreshed same day (Sleeper live API blocked by sandbox proxy 403, fell back to committed snapshot - see data/fallback/README). Manual weekly-out overrides applied for confirmed Week 3 absences: Jayden Daniels (WAS QB, elbow, Mariota starting), David Njoku and Charlie Kolar (both LAC TE, placed on IR after Week 2, min 4 games) - all via multi-source web confirmation (ESPN/CBS/NFL.com/Chargers.com), not yet reflected in Sleeper's live feed.",/home/user/ffcc/output/draft_rankings/draft_rankings_2026_ppr.csv
2026,3,00-0039851,Drake Maye,QB,NE,JAX,False,0.97,17.84,8.59,12.68,18.41,24.41,29.72,0.02,0.45,ppr,2026-09-22 13:17,"Pre-kickoff snapshot locked 2026-09-22 (all Week 3 games 9/24-9/28, none yet played). Live data refreshed same day (Sleeper live API blocked by sandbox proxy 403, fell back to committed snapshot - see data/fallback/README). Manual weekly-out overrides applied for confirmed Week 3 absences: Jayden Daniels (WAS QB, elbow, Mariota starting), David Njoku and Charlie Kolar (both LAC TE, placed on IR after Week 2, min 4 games) - all via multi-source web confirmation (ESPN/CBS/NFL.com/Chargers.com), not yet reflected in Sleeper's live feed.",/home/user/ffcc/output/draft_rankings/draft_rankings_2026_ppr.csv
2026,3,00-0039064,Zay Flowers,WR,BAL,DAL,False,1.28,17.74,10.36,13.33,16.21,20.53,26.5,0.0,0.33,ppr,2026-09-22 13:17,"Pre-kickoff snapshot locked 2026-09-22 (all Week 3 games 9/24-9/28, none yet played). Live data refreshed same day (Sleeper live API blocked by sandbox proxy 403, fell back to committed snapshot - see data/fallback/README). Manual weekly-out overrides applied for confirmed Week 3 absences: Jayden Daniels (WAS QB, elbow, Mariota starting), David Njoku and Charlie Kolar (both LAC TE, placed on IR after Week 2, min 4 games) - all via multi-source web confirmation (ESPN/CBS/NFL.com/Chargers.com), not yet reflected in Sleeper's live feed.",/home/user/ffcc/output/draft_rankings/draft_rankings_2026_ppr.csv
2026,3,00-0036442,Joe Burrow,QB,CIN,PIT,False,1.15,17.61,8.2,12.13,17.86,24.27,29.5,0.01,0.43,ppr,2026-09-22 13:17,"Pre-kickoff snapshot locked 2026-09-22 (all Week 3 games 9/24-9/28, none yet played). Live data refreshed same day (Sleeper live API blocked by sandbox proxy 403, fell back to committed snapshot - see data/fallback/README). Manual weekly-out overrides applied for confirmed Week 3 absences: Jayden Daniels (WAS QB, elbow, Mariota starting), David Njoku and Charlie Kolar (both LAC TE, placed on IR after Week 2, min 4 games) - all via multi-source web confirmation (ESPN/CBS/NFL.com/Chargers.com), not yet reflected in Sleeper's live feed.",/home/user/ffcc/output/draft_rankings/draft_rankings_2026_ppr.csv
2026,3,00-0039075,Puka Nacua,WR,LA,DEN,False,0.88,17.52,10.4,13.17,16.07,20.52,26.17,0.0,0.33,ppr,2026-09-22 13:17,"Pre-kickoff snapshot locked 2026-09-22 (all Week 3 games 9/24-9/28, none yet played). Live data refreshed same day (Sleeper live API blocked by sandbox proxy 403, fell back to committed snapshot - see data/fallback/README). Manual weekly-out overrides applied for confirmed Week 3 absences: Jayden Daniels (WAS QB, elbow, Mariota starting), David Njoku and Charlie Kolar (both LAC TE, placed on IR after Week 2, min 4 games) - all via multi-source web confirmation (ESPN/CBS/NFL.com/Chargers.com), not yet reflected in Sleeper's live feed.",/home/user/ffcc/output/draft_rankings/draft_rankings_2026_ppr.csv
2026,3,00-0041027,Jeremiyah Love,RB,ARI,SF,False,1.07,17.45,10.65,13.27,16.01,20.71,26.64,0.0,0.36,ppr,2026-09-22 13:17,"Pre-kickoff snapshot locked 2026-09-22 (all Week 3 games 9/24-9/28, none yet played). Live data refreshed same day (Sleeper live API blocked by sandbox proxy 403, fell back to committed snapshot - see data/fallback/README). Manual weekly-out overrides applied for confirmed Week 3 absences: Jayden Daniels (WAS QB, elbow, Mariota starting), David Njoku and Charlie Kolar (both LAC TE, placed on IR after Week 2, min 4 games) - all via multi-source web confirmation (ESPN/CBS/NFL.com/Chargers.com), not yet reflected in Sleeper's live feed.",/home/user/ffcc/output/draft_rankings/draft_rankings_2026_ppr.csv
2026,3,00-0037247,George Pickens,WR,DAL,BAL,False,1.17,17.4,10.14,12.92,15.89,20.27,26.17,0.01,0.32,ppr,2026-09-22 13:17,"Pre-kickoff snapshot locked 2026-09-22 (all Week 3 games 9/24-9/28, none yet played). Live data refreshed same day (Sleeper live API blocked by sandbox proxy 403, fell back to committed snapshot - see data/fallback/README). Manual weekly-out overrides applied for confirmed Week 3 absences: Jayden Daniels (WAS QB, elbow, Mariota starting), David Njoku and Charlie Kolar (both LAC TE, placed on IR after Week 2, min 4 games) - all via multi-source web confirmation (ESPN/CBS/NFL.com/Chargers.com), not yet reflected in Sleeper's live feed.",/home/user/ffcc/output/draft_rankings/draft_rankings_2026_ppr.csv
2026,3,00-0023459,Aaron Rodgers,QB,PIT,CIN,False,1.13,17.33,8.06,12.12,17.61,23.83,29.1,0.02,0.42,ppr,2026-09-22 13:17,"Pre-kickoff snapshot locked 2026-09-22 (all Week 3 games 9/24-9/28, none yet played). Live data refreshed same day (Sleeper live API blocked by sandbox proxy 403, fell back to committed snapshot - see data/fallback/README). Manual weekly-out overrides applied for confirmed Week 3 absences: Jayden Daniels (WAS QB, elbow, Mariota starting), David Njoku and Charlie Kolar (both LAC TE, placed on IR after Week 2, min 4 games) - all via multi-source web confirmation (ESPN/CBS/NFL.com/Chargers.com), not yet reflected in Sleeper's live feed.",/home/user/ffcc/output/draft_rankings/draft_rankings_2026_ppr.csv
2026,3,00-0036223,Jonathan Taylor,RB,IND,HOU,False,0.91,17.13,10.33,12.99,15.71,20.4,26.67,0.01,0.35,ppr,2026-09-22 13:17,"Pre-kickoff snapshot locked 2026-09-22 (all Week 3 games 9/24-9/28, none yet played). Live data refreshed same day (Sleeper live API blocked by sandbox proxy 403, fell back to committed snapshot - see data/fallback/README). Manual weekly-out overrides applied for confirmed Week 3 absences: Jayden Daniels (WAS QB, elbow, Mariota starting), David Njoku and Charlie Kolar (both LAC TE, placed on IR after Week 2, min 4 games) - all via multi-source web confirmation (ESPN/CBS/NFL.com/Chargers.com), not yet reflected in Sleeper's live feed.",/home/user/ffcc/output/draft_rankings/draft_rankings_2026_ppr.csv
2026,3,00-0036264,Jordan Love,QB,GB,ATL,False,1.0,17.06,7.85,11.85,17.44,23.47,28.7,0.02,0.4,ppr,2026-09-22 13:17,"Pre-kickoff snapshot locked 2026-09-22 (all Week 3 games 9/24-9/28, none yet played). Live data refreshed same day (Sleeper live API blocked by sandbox proxy 403, fell back to committed snapshot - see data/fallback/README). Manual weekly-out overrides applied for confirmed Week 3 absences: Jayden Daniels (WAS QB, elbow, Mariota starting), David Njoku and Charlie Kolar (both LAC TE, placed on IR after Week 2, min 4 games) - all via multi-source web confirmation (ESPN/CBS/NFL.com/Chargers.com), not yet reflected in Sleeper's live feed.",/home/user/ffcc/output/draft_rankings/draft_rankings_2026_ppr.csv
2026,3,00-0037744,Trey McBride,TE,ARI,SF,False,1.11,16.89,11.3,13.61,15.95,19.22,23.67,0.0,0.82,ppr,2026-09-22 13:17,"Pre-kickoff snapshot locked 2026-09-22 (all Week 3 games 9/24-9/28, none yet played). Live data refreshed same day (Sleeper live API blocked by sandbox proxy 403, fell back to committed snapshot - see data/fallback/README). Manual weekly-out overrides applied for confirmed Week 3 absences: Jayden Daniels (WAS QB, elbow, Mariota starting), David Njoku and Charlie Kolar (both LAC TE, placed on IR after Week 2, min 4 games) - all via multi-source web confirmation (ESPN/CBS/NFL.com/Chargers.com), not yet reflected in Sleeper's live feed.",/home/user/ffcc/output/draft_rankings/draft_rankings_2026_ppr.csv
2026,3,00-0036410,Tee Higgins,WR,CIN,PIT,False,1.14,16.83,9.49,12.39,15.35,19.76,25.61,0.01,0.29,ppr,2026-09-22 13:17,"Pre-kickoff snapshot locked 2026-09-22 (all Week 3 games 9/24-9/28, none yet played). Live data refreshed same day (Sleeper live API blocked by sandbox proxy 403, fell back to committed snapshot - see data/fallback/README). Manual weekly-out overrides applied for confirmed Week 3 absences: Jayden Daniels (WAS QB, elbow, Mariota starting), David Njoku and Charlie Kolar (both LAC TE, placed on IR after Week 2, min 4 games) - all via multi-source web confirmation (ESPN/CBS/NFL.com/Chargers.com), not yet reflected in Sleeper's live feed.",/home/user/ffcc/output/draft_rankings/draft_rankings_2026_ppr.csv
2026,3,00-0037834,Brock Purdy,QB,SF,ARI,False,1.04,16.76,7.36,11.49,17.08,23.05,28.53,0.02,0.39,ppr,2026-09-22 13:17,"Pre-kickoff snapshot locked 2026-09-22 (all Week 3 games 9/24-9/28, none yet played). Live data refreshed same day (Sleeper live API blocked by sandbox proxy 403, fell back to committed snapshot - see data/fallback/README). Manual weekly-out overrides applied for confirmed Week 3 absences: Jayden Daniels (WAS QB, elbow, Mariota starting), David Njoku and Charlie Kolar (both LAC TE, placed on IR after Week 2, min 4 games) - all via multi-source web confirmation (ESPN/CBS/NFL.com/Chargers.com), not yet reflected in Sleeper's live feed.",/home/user/ffcc/output/draft_rankings/draft_rankings_2026_ppr.csv
2026,3,00-0039732,Bo Nix,QB,DEN,LA,False,0.93,16.62,7.23,11.43,17.03,23.17,28.62,0.03,0.39,ppr,2026-09-22 13:17,"Pre-kickoff snapshot locked 2026-09-22 (all Week 3 games 9/24-9/28, none yet played). Live data refreshed same day (Sleeper live API blocked by sandbox proxy 403, fell back to committed snapshot - see data/fallback/README). Manual weekly-out overrides applied for confirmed Week 3 absences: Jayden Daniels (WAS QB, elbow, Mariota starting), David Njoku and Charlie Kolar (both LAC TE, placed on IR after Week 2, min 4 games) - all via multi-source web confirmation (ESPN/CBS/NFL.com/Chargers.com), not yet reflected in Sleeper's live feed.",/home/user/ffcc/output/draft_rankings/draft_rankings_2026_ppr.csv
2026,3,00-0034857,Josh Allen,QB,BUF,LAC,False,0.77,16.43,7.03,11.09,16.85,22.79,27.89,0.03,0.37,ppr,2026-09-22 13:17,"Pre-kickoff snapshot locked 2026-09-22 (all Week 3 games 9/24-9/28, none yet played). Live data refreshed same day (Sleeper live API blocked by sandbox proxy 403, fell back to committed snapshot - see data/fallback/README). Manual weekly-out overrides applied for confirmed Week 3 absences: Jayden Daniels (WAS QB, elbow, Mariota starting), David Njoku and Charlie Kolar (both LAC TE, placed on IR after Week 2, min 4 games) - all via multi-source web confirmation (ESPN/CBS/NFL.com/Chargers.com), not yet reflected in Sleeper's live feed.",/home/user/ffcc/output/draft_rankings/draft_rankings_2026_ppr.csv
2026,3,00-0032764,Derrick Henry,RB,BAL,DAL,False,1.13,16.33,9.5,12.22,14.96,19.79,25.96,0.01,0.32,ppr,2026-09-22 13:17,"Pre-kickoff snapshot locked 2026-09-22 (all Week 3 games 9/24-9/28, none yet played). Live data refreshed same day (Sleeper live API blocked by sandbox proxy 403, fell back to committed snapshot - see data/fallback/README). Manual weekly-out overrides applied for confirmed Week 3 absences: Jayden Daniels (WAS QB, elbow, Mariota starting), David Njoku and Charlie Kolar (both LAC TE, placed on IR after Week 2, min 4 games) - all via multi-source web confirmation (ESPN/CBS/NFL.com/Chargers.com), not yet reflected in Sleeper's live feed.",/home/user/ffcc/output/draft_rankings/draft_rankings_2026_ppr.csv
2026,3,00-0036971,Trevor Lawrence,QB,JAX,NE,False,0.9,16.32,6.88,10.95,16.51,22.71,28.2,0.03,0.37,ppr,2026-09-22 13:17,"Pre-kickoff snapshot locked 2026-09-22 (all Week 3 games 9/24-9/28, none yet played). Live data refreshed same day (Sleeper live API blocked by sandbox proxy 403, fell back to committed snapshot - see data/fallback/README). Manual weekly-out overrides applied for confirmed Week 3 absences: Jayden Daniels (WAS QB, elbow, Mariota starting), David Njoku and Charlie Kolar (both LAC TE, placed on IR after Week 2, min 4 games) - all via multi-source web confirmation (ESPN/CBS/NFL.com/Chargers.com), not yet reflected in Sleeper's live feed.",/home/user/ffcc/output/draft_rankings/draft_rankings_2026_ppr.csv
2026,3,00-0037239,Chris Olave,WR,NO,LV,False,1.09,16.3,9.02,11.76,14.77,19.24,25.01,0.01,0.27,ppr,2026-09-22 13:17,"Pre-kickoff snapshot locked 2026-09-22 (all Week 3 games 9/24-9/28, none yet played). Live data refreshed same day (Sleeper live API blocked by sandbox proxy 403, fell back to committed snapshot - see data/fallback/README). Manual weekly-out overrides applied for confirmed Week 3 absences: Jayden Daniels (WAS QB, elbow, Mariota starting), David Njoku and Charlie Kolar (both LAC TE, placed on IR after Week 2, min 4 games) - all via multi-source web confirmation (ESPN/CBS/NFL.com/Chargers.com), not yet reflected in Sleeper's live feed.",/home/user/ffcc/output/draft_rankings/draft_rankings_2026_ppr.csv
2026,3,00-0036912,DeVonta Smith,WR,PHI,CHI,False,1.18,16.29,9.01,11.82,14.72,19.24,25.0,0.01,0.27,ppr,2026-09-22 13:17,"Pre-kickoff snapshot locked 2026-09-22 (all Week 3 games 9/24-9/28, none yet played). Live data refreshed same day (Sleeper live API blocked by sandbox proxy 403, fell back to committed snapshot - see data/fallback/README). Manual weekly-out overrides applied for confirmed Week 3 absences: Jayden Daniels (WAS QB, elbow, Mariota starting), David Njoku and Charlie Kolar (both LAC TE, placed on IR after Week 2, min 4 games) - all via multi-source web confirmation (ESPN/CBS/NFL.com/Chargers.com), not yet reflected in Sleeper's live feed.",/home/user/ffcc/output/draft_rankings/draft_rankings_2026_ppr.csv
2026,3,00-0036322,Justin Jefferson,WR,MIN,TB,False,1.02,16.06,8.86,11.58,14.52,19.04,25.02,0.01,0.26,ppr,2026-09-22 13:17,"Pre-kickoff snapshot locked 2026-09-22 (all Week 3 games 9/24-9/28, none yet played). Live data refreshed same day (Sleeper live API blocked by sandbox proxy 403, fell back to committed snapshot - see data/fallback/README). Manual weekly-out overrides applied for confirmed Week 3 absences: Jayden Daniels (WAS QB, elbow, Mariota starting), David Njoku and Charlie Kolar (both LAC TE, placed on IR after Week 2, min 4 games) - all via multi-source web confirmation (ESPN/CBS/NFL.com/Chargers.com), not yet reflected in Sleeper's live feed.",/home/user/ffcc/output/draft_rankings/draft_rankings_2026_ppr.csv
2026,3,00-0039163,C.J. Stroud,QB,HOU,IND,False,1.04,16.03,6.69,10.73,16.48,22.64,27.74,0.03,0.37,ppr,2026-09-22 13:17,"Pre-kickoff snapshot locked 2026-09-22 (all Week 3 games 9/24-9/28, none yet played). Live data refreshed same day (Sleeper live API blocked by sandbox proxy 403, fell back to committed snapshot - see data/fallback/README). Manual weekly-out overrides applied for confirmed Week 3 absences: Jayden Daniels (WAS QB, elbow, Mariota starting), David Njoku and Charlie Kolar (both LAC TE, placed on IR after Week 2, min 4 games) - all via multi-source web confirmation (ESPN/CBS/NFL.com/Chargers.com), not yet reflected in Sleeper's live feed.",/home/user/ffcc/output/draft_rankings/draft_rankings_2026_ppr.csv
2026,3,00-0041438,Carnell Tate,WR,TEN,NYG,False,1.1,15.99,8.85,11.55,14.55,18.97,24.95,0.01,0.26,ppr,2026-09-22 13:17,"Pre-kickoff snapshot locked 2026-09-22 (all Week 3 games 9/24-9/28, none yet played). Live data refreshed same day (Sleeper live API blocked by sandbox proxy 403, fell back to committed snapshot - see data/fallback/README). Manual weekly-out overrides applied for confirmed Week 3 absences: Jayden Daniels (WAS QB, elbow, Mariota starting), David Njoku and Charlie Kolar (both LAC TE, placed on IR after Week 2, min 4 games) - all via multi-source web confirmation (ESPN/CBS/NFL.com/Chargers.com), not yet reflected in Sleeper's live feed.",/home/user/ffcc/output/draft_rankings/draft_rankings_2026_ppr.csv
2026,3,00-0033288,George Kittle,TE,SF,ARI,False,1.27,15.98,10.45,12.68,14.98,18.33,22.98,0.0,0.75,ppr,2026-09-22 13:17,"Pre-kickoff snapshot locked 2026-09-22 (all Week 3 games 9/24-9/28, none yet played). Live data refreshed same day (Sleeper live API blocked by sandbox proxy 403, fell back to committed snapshot - see data/fallback/README). Manual weekly-out overrides applied for confirmed Week 3 absences: Jayden Daniels (WAS QB, elbow, Mariota starting), David Njoku and Charlie Kolar (both LAC TE, placed on IR after Week 2, min 4 games) - all via multi-source web confirmation (ESPN/CBS/NFL.com/Chargers.com), not yet reflected in Sleeper's live feed.",/home/user/ffcc/output/draft_rankings/draft_rankings_2026_ppr.csv
2026,3,00-0026498,Matthew Stafford,QB,LA,DEN,False,0.87,15.89,6.19,10.38,16.31,22.26,27.74,0.04,0.36,ppr,2026-09-22 13:17,"Pre-kickoff snapshot locked 2026-09-22 (all Week 3 games 9/24-9/28, none yet played). Live data refreshed same day (Sleeper live API blocked by sandbox proxy 403, fell back to committed snapshot - see data/fallback/README). Manual weekly-out overrides applied for confirmed Week 3 absences: Jayden Daniels (WAS QB, elbow, Mariota starting), David Njoku and Charlie Kolar (both LAC TE, placed on IR after Week 2, min 4 games) - all via multi-source web confirmation (ESPN/CBS/NFL.com/Chargers.com), not yet reflected in Sleeper's live feed.",/home/user/ffcc/output/draft_rankings/draft_rankings_2026_ppr.csv
2026,3,00-0037238,Drake London,WR,ATL,GB,False,1.02,15.69,8.37,11.2,14.14,18.55,24.08,0.01,0.25,ppr,2026-09-22 13:17,"Pre-kickoff snapshot locked 2026-09-22 (all Week 3 games 9/24-9/28, none yet played). Live data refreshed same day (Sleeper live API blocked by sandbox proxy 403, fell back to committed snapshot - see data/fallback/README). Manual weekly-out overrides applied for confirmed Week 3 absences: Jayden Daniels (WAS QB, elbow, Mariota starting), David Njoku and Charlie Kolar (both LAC TE, placed on IR after Week 2, min 4 games) - all via multi-source web confirmation (ESPN/CBS/NFL.com/Chargers.com), not yet reflected in Sleeper's live feed.",/home/user/ffcc/output/draft_rankings/draft_rankings_2026_ppr.csv
2026,3,00-0039040,De'Von Achane,RB,MIA,KC,False,0.87,15.46,8.56,11.23,14.11,18.95,25.23,0.01,0.28,ppr,2026-09-22 13:17,"Pre-kickoff snapshot locked 2026-09-22 (all Week 3 games 9/24-9/28, none yet played). Live data refreshed same day (Sleeper live API blocked by sandbox proxy 403, fell back to committed snapshot - see data/fallback/README). Manual weekly-out overrides applied for confirmed Week 3 absences: Jayden Daniels (WAS QB, elbow, Mariota starting), David Njoku and Charlie Kolar (both LAC TE, placed on IR after Week 2, min 4 games) - all via multi-source web confirmation (ESPN/CBS/NFL.com/Chargers.com), not yet reflected in Sleeper's live feed.",/home/user/ffcc/output/draft_rankings/draft_rankings_2026_ppr.csv
2026,3,00-0037740,Garrett Wilson,WR,NYJ,DET,False,1.16,15.45,8.08,11.05,13.94,18.43,24.38,0.01,0.24,ppr,2026-09-22 13:17,"Pre-kickoff snapshot locked 2026-09-22 (all Week 3 games 9/24-9/28, none yet played). Live data refreshed same day (Sleeper live API blocked by sandbox proxy 403, fell back to committed snapshot - see data/fallback/README). Manual weekly-out overrides applied for confirmed Week 3 absences: Jayden Daniels (WAS QB, elbow, Mariota starting), David Njoku and Charlie Kolar (both LAC TE, placed on IR after Week 2, min 4 games) - all via multi-source web confirmation (ESPN/CBS/NFL.com/Chargers.com), not yet reflected in Sleeper's live feed.",/home/user/ffcc/output/draft_rankings/draft_rankings_2026_ppr.csv
2026,3,00-0039918,Caleb Williams,QB,CHI,PHI,False,0.89,15.45,6.04,10.18,15.83,21.86,27.28,0.04,0.34,ppr,2026-09-22 13:17,"Pre-kickoff snapshot locked 2026-09-22 (all Week 3 games 9/24-9/28, none yet played). Live data refreshed same day (Sleeper live API blocked by sandbox proxy 403, fell back to committed snapshot - see data/fallback/README). Manual weekly-out overrides applied for confirmed Week 3 absences: Jayden Daniels (WAS QB, elbow, Mariota starting), David Njoku and Charlie Kolar (both LAC TE, placed on IR after Week 2, min 4 games) - all via multi-source web confirmation (ESPN/CBS/NFL.com/Chargers.com), not yet reflected in Sleeper's live feed.",/home/user/ffcc/output/draft_rankings/draft_rankings_2026_ppr.csv
2026,3,00-0034844,Saquon Barkley,RB,PHI,CHI,False,0.96,15.3,8.56,11.22,13.96,18.69,24.94,0.01,0.27,ppr,2026-09-22 13:17,"Pre-kickoff snapshot locked 2026-09-22 (all Week 3 games 9/24-9/28, none yet played). Live data refreshed same day (Sleeper live API blocked by sandbox proxy 403, fell back to committed snapshot - see data/fallback/README). Manual weekly-out overrides applied for confirmed Week 3 absences: Jayden Daniels (WAS QB, elbow, Mariota starting), David Njoku and Charlie Kolar (both LAC TE, placed on IR after Week 2, min 4 games) - all via multi-source web confirmation (ESPN/CBS/NFL.com/Chargers.com), not yet reflected in Sleeper's live feed.",/home/user/ffcc/output/draft_rankings/draft_rankings_2026_ppr.csv
2026,3,00-0037228,Jaylen Warren,RB,PIT,CIN,False,1.29,15.23,8.48,11.08,13.78,18.69,24.77,0.01,0.27,ppr,2026-09-22 13:17,"Pre-kickoff snapshot locked 2026-09-22 (all Week 3 games 9/24-9/28, none yet played). Live data refreshed same day (Sleeper live API blocked by sandbox proxy 403, fell back to committed snapshot - see data/fallback/README). Manual weekly-out overrides applied for confirmed Week 3 absences: Jayden Daniels (WAS QB, elbow, Mariota starting), David Njoku and Charlie Kolar (both LAC TE, placed on IR after Week 2, min 4 games) - all via multi-source web confirmation (ESPN/CBS/NFL.com/Chargers.com), not yet reflected in Sleeper's live feed.",/home/user/ffcc/output/draft_rankings/draft_rankings_2026_ppr.csv
2026,3,00-0036355,Justin Herbert,QB,LAC,BUF,False,0.8,14.82,5.61,9.55,15.17,21.22,27.0,0.04,0.32,ppr,2026-09-22 13:17,"Pre-kickoff snapshot locked 2026-09-22 (all Week 3 games 9/24-9/28, none yet played). Live data refreshed same day (Sleeper live API blocked by sandbox proxy 403, fell back to committed snapshot - see data/fallback/README). Manual weekly-out overrides applied for confirmed Week 3 absences: Jayden Daniels (WAS QB, elbow, Mariota starting), David Njoku and Charlie Kolar (both LAC TE, placed on IR after Week 2, min 4 games) - all via multi-source web confirmation (ESPN/CBS/NFL.com/Chargers.com), not yet reflected in Sleeper's live feed.",/home/user/ffcc/output/draft_rankings/draft_rankings_2026_ppr.csv
2026,3,00-0040676,Cam Ward,QB,TEN,NYG,False,1.12,14.59,5.11,9.37,15.01,21.23,26.52,0.05,0.31,ppr,2026-09-22 13:17,"Pre-kickoff snapshot locked 2026-09-22 (all Week 3 games 9/24-9/28, none yet played). Live data refreshed same day (Sleeper live API blocked by sandbox proxy 403, fell back to committed snapshot - see data/fallback/README). Manual weekly-out overrides applied for confirmed Week 3 absences: Jayden Daniels (WAS QB, elbow, Mariota starting), David Njoku and Charlie Kolar (both LAC TE, placed on IR after Week 2, min 4 games) - all via multi-source web confirmation (ESPN/CBS/NFL.com/Chargers.com), not yet reflected in Sleeper's live feed.",/home/user/ffcc/output/draft_rankings/draft_rankings_2026_ppr.csv
2026,3,00-0040122,Ashton Jeanty,RB,LV,NO,False,0.94,14.58,7.78,10.45,13.2,17.97,24.31,0.01,0.24,ppr,2026-09-22 13:17,"Pre-kickoff snapshot locked 2026-09-22 (all Week 3 games 9/24-9/28, none yet played). Live data refreshed same day (Sleeper live API blocked by sandbox proxy 403, fell back to committed snapshot - see data/fallback/README). Manual weekly-out overrides applied for confirmed Week 3 absences: Jayden Daniels (WAS QB, elbow, Mariota starting), David Njoku and Charlie Kolar (both LAC TE, placed on IR after Week 2, min 4 games) - all via multi-source web confirmation (ESPN/CBS/NFL.com/Chargers.com), not yet reflected in Sleeper's live feed.",/home/user/ffcc/output/draft_rankings/draft_rankings_2026_ppr.csv
2026,3,00-0038134,Kenneth Walker III,RB,KC,MIA,False,1.13,14.52,7.78,10.5,13.19,18.01,24.08,0.01,0.25,ppr,2026-09-22 13:17,"Pre-kickoff snapshot locked 2026-09-22 (all Week 3 games 9/24-9/28, none yet played). Live data refreshed same day (Sleeper live API blocked by sandbox proxy 403, fell back to committed snapshot - see data/fallback/README). Manual weekly-out overrides applied for confirmed Week 3 absences: Jayden Daniels (WAS QB, elbow, Mariota starting), David Njoku and Charlie Kolar (both LAC TE, placed on IR after Week 2, min 4 games) - all via multi-source web confirmation (ESPN/CBS/NFL.com/Chargers.com), not yet reflected in Sleeper's live feed.",/home/user/ffcc/output/draft_rankings/draft_rankings_2026_ppr.csv
2026,3,00-0040666,Omarion Hampton,RB,LAC,BUF,False,1.09,14.46,7.4,10.29,13.09,17.95,24.18,0.02,0.24,ppr,2026-09-22 13:17,"Pre-kickoff snapshot locked 2026-09-22 (all Week 3 games 9/24-9/28, none yet played). Live data refreshed same day (Sleeper live API blocked by sandbox proxy 403, fell back to committed snapshot - see data/fallback/README). Manual weekly-out overrides applied for confirmed Week 3 absences: Jayden Daniels (WAS QB, elbow, Mariota starting), David Njoku and Charlie Kolar (both LAC TE, placed on IR after Week 2, min 4 games) - all via multi-source web confirmation (ESPN/CBS/NFL.com/Chargers.com), not yet reflected in Sleeper's live feed.",/home/user/ffcc/output/draft_rankings/draft_rankings_2026_ppr.csv
2026,3,00-0036894,Pat Freiermuth,TE,PIT,CIN,False,1.57,14.39,8.85,11.13,13.43,16.77,21.27,0.01,0.59,ppr,2026-09-22 13:17,"Pre-kickoff snapshot locked 2026-09-22 (all Week 3 games 9/24-9/28, none yet played). Live data refreshed same day (Sleeper live API blocked by sandbox proxy 403, fell back to committed snapshot - see data/fallback/README). Manual weekly-out overrides applied for confirmed Week 3 absences: Jayden Daniels (WAS QB, elbow, Mariota starting), David Njoku and Charlie Kolar (both LAC TE, placed on IR after Week 2, min 4 games) - all via multi-source web confirmation (ESPN/CBS/NFL.com/Chargers.com), not yet reflected in Sleeper's live feed.",/home/user/ffcc/output/draft_rankings/draft_rankings_2026_ppr.csv
2026,3,00-0037248,James Cook,RB,BUF,LAC,False,0.84,14.37,7.63,10.26,12.87,17.67,23.73,0.01,0.23,ppr,2026-09-22 13:17,"Pre-kickoff snapshot locked 2026-09-22 (all Week 3 games 9/24-9/28, none yet played). Live data refreshed same day (Sleeper live API blocked by sandbox proxy 403, fell back to committed snapshot - see data/fallback/README). Manual weekly-out overrides applied for confirmed Week 3 absences: Jayden Daniels (WAS QB, elbow, Mariota starting), David Njoku and Charlie Kolar (both LAC TE, placed on IR after Week 2, min 4 games) - all via multi-source web confirmation (ESPN/CBS/NFL.com/Chargers.com), not yet reflected in Sleeper's live feed.",/home/user/ffcc/output/draft_rankings/draft_rankings_2026_ppr.csv
2026,3,00-0036997,Javonte Williams,RB,DAL,BAL,False,1.05,14.09,7.22,9.92,12.72,17.58,23.65,0.02,0.23,ppr,2026-09-22 13:17,"Pre-kickoff snapshot locked 2026-09-22 (all Week 3 games 9/24-9/28, none yet played). Live data refreshed same day (Sleeper live API blocked by sandbox proxy 403, fell back to committed snapshot - see data/fallback/README). Manual weekly-out overrides applied for confirmed Week 3 absences: Jayden Daniels (WAS QB, elbow, Mariota starting), David Njoku and Charlie Kolar (both LAC TE, placed on IR after Week 2, min 4 games) - all via multi-source web confirmation (ESPN/CBS/NFL.com/Chargers.com), not yet reflected in Sleeper's live feed.",/home/user/ffcc/output/draft_rankings/draft_rankings_2026_ppr.csv
2026,3,00-0033119,Jacoby Brissett,QB,ARI,SF,False,1.05,14.07,4.88,8.97,14.5,20.64,25.76,0.05,0.29,ppr,2026-09-22 13:17,"Pre-kickoff snapshot locked 2026-09-22 (all Week 3 games 9/24-9/28, none yet played). Live data refreshed same day (Sleeper live API blocked by sandbox proxy 403, fell back to committed snapshot - see data/fallback/README). Manual weekly-out overrides applied for confirmed Week 3 absences: Jayden Daniels (WAS QB, elbow, Mariota starting), David Njoku and Charlie Kolar (both LAC TE, placed on IR after Week 2, min 4 games) - all via multi-source web confirmation (ESPN/CBS/NFL.com/Chargers.com), not yet reflected in Sleeper's live feed.",/home/user/ffcc/output/draft_rankings/draft_rankings_2026_ppr.csv
2026,3,00-0039067,Rashee Rice,WR,KC,MIA,False,0.97,14.01,6.68,9.54,12.49,17.03,22.82,0.02,0.2,ppr,2026-09-22 13:17,"Pre-kickoff snapshot locked 2026-09-22 (all Week 3 games 9/24-9/28, none yet played). Live data refreshed same day (Sleeper live API blocked by sandbox proxy 403, fell back to committed snapshot - see data/fallback/README). Manual weekly-out overrides applied for confirmed Week 3 absences: Jayden Daniels (WAS QB, elbow, Mariota starting), David Njoku and Charlie Kolar (both LAC TE, placed on IR after Week 2, min 4 games) - all via multi-source web confirmation (ESPN/CBS/NFL.com/Chargers.com), not yet reflected in Sleeper's live feed.",/home/user/ffcc/output/draft_rankings/draft_rankings_2026_ppr.csv
2026,3,00-0038597,Chase Brown,RB,CIN,PIT,False,0.89,13.79,6.9,9.45,12.35,16.99,22.89,0.02,0.21,ppr,2026-09-22 13:17,"Pre-kickoff snapshot locked 2026-09-22 (all Week 3 games 9/24-9/28, none yet played). Live data refreshed same day (Sleeper live API blocked by sandbox proxy 403, fell back to committed snapshot - see data/fallback/README). Manual weekly-out overrides applied for confirmed Week 3 absences: Jayden Daniels (WAS QB, elbow, Mariota starting), David Njoku and Charlie Kolar (both LAC TE, placed on IR after Week 2, min 4 games) - all via multi-source web confirmation (ESPN/CBS/NFL.com/Chargers.com), not yet reflected in Sleeper's live feed.",/home/user/ffcc/output/draft_rankings/draft_rankings_2026_ppr.csv
2026,3,00-0036139,Rico Dowdle,RB,PIT,CIN,False,1.29,13.58,6.69,9.4,12.17,17.07,23.19,0.02,0.22,ppr,2026-09-22 13:17,"Pre-kickoff snapshot locked 2026-09-22 (all Week 3 games 9/24-9/28, none yet played). Live data refreshed same day (Sleeper live API blocked by sandbox proxy 403, fell back to committed snapshot - see data/fallback/README). Manual weekly-out overrides applied for confirmed Week 3 absences: Jayden Daniels (WAS QB, elbow, Mariota starting), David Njoku and Charlie Kolar (both LAC TE, placed on IR after Week 2, min 4 games) - all via multi-source web confirmation (ESPN/CBS/NFL.com/Chargers.com), not yet reflected in Sleeper's live feed.",/home/user/ffcc/output/draft_rankings/draft_rankings_2026_ppr.csv
2026,3,00-0034348,Courtland Sutton,WR,DEN,LA,False,1.03,13.57,6.31,9.14,12.04,16.59,22.69,0.03,0.19,ppr,2026-09-22 13:17,"Pre-kickoff snapshot locked 2026-09-22 (all Week 3 games 9/24-9/28, none yet played). Live data refreshed same day (Sleeper live API blocked by sandbox proxy 403, fell back to committed snapshot - see data/fallback/README). Manual weekly-out overrides applied for confirmed Week 3 absences: Jayden Daniels (WAS QB, elbow, Mariota starting), David Njoku and Charlie Kolar (both LAC TE, placed on IR after Week 2, min 4 games) - all via multi-source web confirmation (ESPN/CBS/NFL.com/Chargers.com), not yet reflected in Sleeper's live feed.",/home/user/ffcc/output/draft_rankings/draft_rankings_2026_ppr.csv
2026,3,00-0036973,Travis Etienne,RB,NO,LV,False,1.04,13.45,6.67,9.24,11.94,16.67,22.94,0.02,0.2,ppr,2026-09-22 13:17,"Pre-kickoff snapshot locked 2026-09-22 (all Week 3 games 9/24-9/28, none yet played). Live data refreshed same day (Sleeper live API blocked by sandbox proxy 403, fell back to committed snapshot - see data/fallback/README). Manual weekly-out overrides applied for confirmed Week 3 absences: Jayden Daniels (WAS QB, elbow, Mariota starting), David Njoku and Charlie Kolar (both LAC TE, placed on IR after Week 2, min 4 games) - all via multi-source web confirmation (ESPN/CBS/NFL.com/Chargers.com), not yet reflected in Sleeper's live feed.",/home/user/ffcc/output/draft_rankings/draft_rankings_2026_ppr.csv
2026,3,00-0033537,Deshaun Watson,QB,CLE,CAR,False,0.85,13.4,4.05,8.2,13.84,19.82,25.18,0.07,0.26,ppr,2026-09-22 13:17,"Pre-kickoff snapshot locked 2026-09-22 (all Week 3 games 9/24-9/28, none yet played). Live data refreshed same day (Sleeper live API blocked by sandbox proxy 403, fell back to committed snapshot - see data/fallback/README). Manual weekly-out overrides applied for confirmed Week 3 absences: Jayden Daniels (WAS QB, elbow, Mariota starting), David Njoku and Charlie Kolar (both LAC TE, placed on IR after Week 2, min 4 games) - all via multi-source web confirmation (ESPN/CBS/NFL.com/Chargers.com), not yet reflected in Sleeper's live feed.",/home/user/ffcc/output/draft_rankings/draft_rankings_2026_ppr.csv
2026,3,00-0036275,D'Andre Swift,RB,CHI,PHI,False,1.04,13.39,6.44,9.13,11.87,16.61,22.68,0.03,0.2,ppr,2026-09-22 13:17,"Pre-kickoff snapshot locked 2026-09-22 (all Week 3 games 9/24-9/28, none yet played). Live data refreshed same day (Sleeper live API blocked by sandbox proxy 403, fell back to committed snapshot - see data/fallback/README). Manual weekly-out overrides applied for confirmed Week 3 absences: Jayden Daniels (WAS QB, elbow, Mariota starting), David Njoku and Charlie Kolar (both LAC TE, placed on IR after Week 2, min 4 games) - all via multi-source web confirmation (ESPN/CBS/NFL.com/Chargers.com), not yet reflected in Sleeper's live feed.",/home/user/ffcc/output/draft_rankings/draft_rankings_2026_ppr.csv
2026,3,00-0038120,Breece Hall,RB,NYJ,DET,False,0.88,13.27,6.46,9.12,11.91,16.53,22.65,0.02,0.2,ppr,2026-09-22 13:17,"Pre-kickoff snapshot locked 2026-09-22 (all Week 3 games 9/24-9/28, none yet played). Live data refreshed same day (Sleeper live API blocked by sandbox proxy 403, fell back to committed snapshot - see data/fallback/README). Manual weekly-out overrides applied for confirmed Week 3 absences: Jayden Daniels (WAS QB, elbow, Mariota starting), David Njoku and Charlie Kolar (both LAC TE, placed on IR after Week 2, min 4 games) - all via multi-source web confirmation (ESPN/CBS/NFL.com/Chargers.com), not yet reflected in Sleeper's live feed.",/home/user/ffcc/output/draft_rankings/draft_rankings_2026_ppr.csv
2026,3,00-0038128,Malik Willis,QB,MIA,KC,False,0.92,13.25,3.84,7.96,13.53,19.54,25.1,0.07,0.24,ppr,2026-09-22 13:17,"Pre-kickoff snapshot locked 2026-09-22 (all Week 3 games 9/24-9/28, none yet played). Live data refreshed same day (Sleeper live API blocked by sandbox proxy 403, fell back to committed snapshot - see data/fallback/README). Manual weekly-out overrides applied for confirmed Week 3 absences: Jayden Daniels (WAS QB, elbow, Mariota starting), David Njoku and Charlie Kolar (both LAC TE, placed on IR after Week 2, min 4 games) - all via multi-source web confirmation (ESPN/CBS/NFL.com/Chargers.com), not yet reflected in Sleeper's live feed.",/home/user/ffcc/output/draft_rankings/draft_rankings_2026_ppr.csv
2026,3,00-0035261,Tony Pollard,RB,TEN,NYG,False,1.17,13.25,6.45,9.05,11.76,16.38,22.74,0.03,0.2,ppr,2026-09-22 13:17,"Pre-kickoff snapshot locked 2026-09-22 (all Week 3 games 9/24-9/28, none yet played). Live data refreshed same day (Sleeper live API blocked by sandbox proxy 403, fell back to committed snapshot - see data/fallback/README). Manual weekly-out overrides applied for confirmed Week 3 absences: Jayden Daniels (WAS QB, elbow, Mariota starting), David Njoku and Charlie Kolar (both LAC TE, placed on IR after Week 2, min 4 games) - all via multi-source web confirmation (ESPN/CBS/NFL.com/Chargers.com), not yet reflected in Sleeper's live feed.",/home/user/ffcc/output/draft_rankings/draft_rankings_2026_ppr.csv
2026,3,00-0040784,Quinshon Judkins,RB,CLE,CAR,False,1.1,13.13,6.3,9.04,11.63,16.35,22.24,0.03,0.19,ppr,2026-09-22 13:17,"Pre-kickoff snapshot locked 2026-09-22 (all Week 3 games 9/24-9/28, none yet played). Live data refreshed same day (Sleeper live API blocked by sandbox proxy 403, fell back to committed snapshot - see data/fallback/README). Manual weekly-out overrides applied for confirmed Week 3 absences: Jayden Daniels (WAS QB, elbow, Mariota starting), David Njoku and Charlie Kolar (both LAC TE, placed on IR after Week 2, min 4 games) - all via multi-source web confirmation (ESPN/CBS/NFL.com/Chargers.com), not yet reflected in Sleeper's live feed.",/home/user/ffcc/output/draft_rankings/draft_rankings_2026_ppr.csv
2026,3,00-0035228,Kyler Murray,QB,MIN,TB,False,1.19,13.09,3.63,7.79,13.42,19.52,25.01,0.08,0.25,ppr,2026-09-22 13:17,"Pre-kickoff snapshot locked 2026-09-22 (all Week 3 games 9/24-9/28, none yet played). Live data refreshed same day (Sleeper live API blocked by sandbox proxy 403, fell back to committed snapshot - see data/fallback/README). Manual weekly-out overrides applied for confirmed Week 3 absences: Jayden Daniels (WAS QB, elbow, Mariota starting), David Njoku and Charlie Kolar (both LAC TE, placed on IR after Week 2, min 4 games) - all via multi-source web confirmation (ESPN/CBS/NFL.com/Chargers.com), not yet reflected in Sleeper's live feed.",/home/user/ffcc/output/draft_rankings/draft_rankings_2026_ppr.csv
2026,3,00-0041512,Jadarian Price,RB,SEA,WAS,False,1.16,13.08,6.37,8.98,11.7,16.33,22.51,0.02,0.2,ppr,2026-09-22 13:17,"Pre-kickoff snapshot locked 2026-09-22 (all Week 3 games 9/24-9/28, none yet played). Live data refreshed same day (Sleeper live API blocked by sandbox proxy 403, fell back to committed snapshot - see data/fallback/README). Manual weekly-out overrides applied for confirmed Week 3 absences: Jayden Daniels (WAS QB, elbow, Mariota starting), David Njoku and Charlie Kolar (both LAC TE, placed on IR after Week 2, min 4 games) - all via multi-source web confirmation (ESPN/CBS/NFL.com/Chargers.com), not yet reflected in Sleeper's live feed.",/home/user/ffcc/output/draft_rankings/draft_rankings_2026_ppr.csv
2026,3,00-0038124,Christian Watson,WR,GB,ATL,False,1.09,12.8,5.54,8.35,11.18,15.57,21.3,0.04,0.15,ppr,2026-09-22 13:17,"Pre-kickoff snapshot locked 2026-09-22 (all Week 3 games 9/24-9/28, none yet played). Live data refreshed same day (Sleeper live API blocked by sandbox proxy 403, fell back to committed snapshot - see data/fallback/README). Manual weekly-out overrides applied for confirmed Week 3 absences: Jayden Daniels (WAS QB, elbow, Mariota starting), David Njoku and Charlie Kolar (both LAC TE, placed on IR after Week 2, min 4 games) - all via multi-source web confirmation (ESPN/CBS/NFL.com/Chargers.com), not yet reflected in Sleeper's live feed.",/home/user/ffcc/output/draft_rankings/draft_rankings_2026_ppr.csv
2026,3,00-0030565,Geno Smith,QB,NYJ,DET,False,1.12,12.76,3.27,7.33,12.98,19.29,24.66,0.09,0.24,ppr,2026-09-22 13:17,"Pre-kickoff snapshot locked 2026-09-22 (all Week 3 games 9/24-9/28, none yet played). Live data refreshed same day (Sleeper live API blocked by sandbox proxy 403, fell back to committed snapshot - see data/fallback/README). Manual weekly-out overrides applied for confirmed Week 3 absences: Jayden Daniels (WAS QB, elbow, Mariota starting), David Njoku and Charlie Kolar (both LAC TE, placed on IR after Week 2, min 4 games) - all via multi-source web confirmation (ESPN/CBS/NFL.com/Chargers.com), not yet reflected in Sleeper's live feed.",/home/user/ffcc/output/draft_rankings/draft_rankings_2026_ppr.csv
2026,3,00-0039338,Brock Bowers,TE,LV,NO,False,0.94,12.71,7.23,9.41,11.74,15.16,19.83,0.01,0.41,ppr,2026-09-22 13:17,"Pre-kickoff snapshot locked 2026-09-22 (all Week 3 games 9/24-9/28, none yet played). Live data refreshed same day (Sleeper live API blocked by sandbox proxy 403, fell back to committed snapshot - see data/fallback/README). Manual weekly-out overrides applied for confirmed Week 3 absences: Jayden Daniels (WAS QB, elbow, Mariota starting), David Njoku and Charlie Kolar (both LAC TE, placed on IR after Week 2, min 4 games) - all via multi-source web confirmation (ESPN/CBS/NFL.com/Chargers.com), not yet reflected in Sleeper's live feed.",/home/user/ffcc/output/draft_rankings/draft_rankings_2026_ppr.csv
2026,3,00-0039146,Jayden Reed,WR,GB,ATL,False,1.09,12.6,5.32,8.19,11.13,15.59,21.63,0.04,0.16,ppr,2026-09-22 13:17,"Pre-kickoff snapshot locked 2026-09-22 (all Week 3 games 9/24-9/28, none yet played). Live data refreshed same day (Sleeper live API blocked by sandbox proxy 403, fell back to committed snapshot - see data/fallback/README). Manual weekly-out overrides applied for confirmed Week 3 absences: Jayden Daniels (WAS QB, elbow, Mariota starting), David Njoku and Charlie Kolar (both LAC TE, placed on IR after Week 2, min 4 games) - all via multi-source web confirmation (ESPN/CBS/NFL.com/Chargers.com), not yet reflected in Sleeper's live feed.",/home/user/ffcc/output/draft_rankings/draft_rankings_2026_ppr.csv
2026,3,00-0038117,Wan'Dale Robinson,WR,TEN,NYG,False,1.1,12.38,5.16,7.9,10.87,15.36,21.28,0.04,0.15,ppr,2026-09-22 13:17,"Pre-kickoff snapshot locked 2026-09-22 (all Week 3 games 9/24-9/28, none yet played). Live data refreshed same day (Sleeper live API blocked by sandbox proxy 403, fell back to committed snapshot - see data/fallback/README). Manual weekly-out overrides applied for confirmed Week 3 absences: Jayden Daniels (WAS QB, elbow, Mariota starting), David Njoku and Charlie Kolar (both LAC TE, placed on IR after Week 2, min 4 games) - all via multi-source web confirmation (ESPN/CBS/NFL.com/Chargers.com), not yet reflected in Sleeper's live feed.",/home/user/ffcc/output/draft_rankings/draft_rankings_2026_ppr.csv
2026,3,00-0037840,Kyren Williams,RB,LA,DEN,False,0.77,12.35,5.51,8.19,10.93,15.59,21.6,0.03,0.17,ppr,2026-09-22 13:17,"Pre-kickoff snapshot locked 2026-09-22 (all Week 3 games 9/24-9/28, none yet played). Live data refreshed same day (Sleeper live API blocked by sandbox proxy 403, fell back to committed snapshot - see data/fallback/README). Manual weekly-out overrides applied for confirmed Week 3 absences: Jayden Daniels (WAS QB, elbow, Mariota starting), David Njoku and Charlie Kolar (both LAC TE, placed on IR after Week 2, min 4 games) - all via multi-source web confirmation (ESPN/CBS/NFL.com/Chargers.com), not yet reflected in Sleeper's live feed.",/home/user/ffcc/output/draft_rankings/draft_rankings_2026_ppr.csv
2026,3,00-0031381,Davante Adams,WR,LA,DEN,False,0.88,12.25,4.9,7.78,10.71,15.17,21.02,0.05,0.14,ppr,2026-09-22 13:17,"Pre-kickoff snapshot locked 2026-09-22 (all Week 3 games 9/24-9/28, none yet played). Live data refreshed same day (Sleeper live API blocked by sandbox proxy 403, fell back to committed snapshot - see data/fallback/README). Manual weekly-out overrides applied for confirmed Week 3 absences: Jayden Daniels (WAS QB, elbow, Mariota starting), David Njoku and Charlie Kolar (both LAC TE, placed on IR after Week 2, min 4 games) - all via multi-source web confirmation (ESPN/CBS/NFL.com/Chargers.com), not yet reflected in Sleeper's live feed.",/home/user/ffcc/output/draft_rankings/draft_rankings_2026_ppr.csv
2026,3,00-0037240,Jameson Williams,WR,DET,NYJ,False,0.99,12.24,4.96,7.83,10.74,15.17,21.24,0.05,0.15,ppr,2026-09-22 13:17,"Pre-kickoff snapshot locked 2026-09-22 (all Week 3 games 9/24-9/28, none yet played). Live data refreshed same day (Sleeper live API blocked by sandbox proxy 403, fell back to committed snapshot - see data/fallback/README). Manual weekly-out overrides applied for confirmed Week 3 absences: Jayden Daniels (WAS QB, elbow, Mariota starting), David Njoku and Charlie Kolar (both LAC TE, placed on IR after Week 2, min 4 games) - all via multi-source web confirmation (ESPN/CBS/NFL.com/Chargers.com), not yet reflected in Sleeper's live feed.",/home/user/ffcc/output/draft_rankings/draft_rankings_2026_ppr.csv
2026,3,00-0039150,Bryce Young,QB,CAR,CLE,False,0.82,12.21,2.8,6.95,12.63,18.76,24.06,0.1,0.22,ppr,2026-09-22 13:17,"Pre-kickoff snapshot locked 2026-09-22 (all Week 3 games 9/24-9/28, none yet played). Live data refreshed same day (Sleeper live API blocked by sandbox proxy 403, fell back to committed snapshot - see data/fallback/README). Manual weekly-out overrides applied for confirmed Week 3 absences: Jayden Daniels (WAS QB, elbow, Mariota starting), David Njoku and Charlie Kolar (both LAC TE, placed on IR after Week 2, min 4 games) - all via multi-source web confirmation (ESPN/CBS/NFL.com/Chargers.com), not yet reflected in Sleeper's live feed.",/home/user/ffcc/output/draft_rankings/draft_rankings_2026_ppr.csv
2026,3,00-0040715,Cam Skattebo,RB,NYG,TEN,False,0.97,12.14,5.26,7.92,10.76,15.53,21.76,0.04,0.18,ppr,2026-09-22 13:17,"Pre-kickoff snapshot locked 2026-09-22 (all Week 3 games 9/24-9/28, none yet played). Live data refreshed same day (Sleeper live API blocked by sandbox proxy 403, fell back to committed snapshot - see data/fallback/README). Manual weekly-out overrides applied for confirmed Week 3 absences: Jayden Daniels (WAS QB, elbow, Mariota starting), David Njoku and Charlie Kolar (both LAC TE, placed on IR after Week 2, min 4 games) - all via multi-source web confirmation (ESPN/CBS/NFL.com/Chargers.com), not yet reflected in Sleeper's live feed.",/home/user/ffcc/output/draft_rankings/draft_rankings_2026_ppr.csv
2026,3,00-0040718,Travis Hunter,WR,JAX,NE,False,0.95,12.1,4.83,7.67,10.63,15.1,21.05,0.05,0.15,ppr,2026-09-22 13:17,"Pre-kickoff snapshot locked 2026-09-22 (all Week 3 games 9/24-9/28, none yet played). Live data refreshed same day (Sleeper live API blocked by sandbox proxy 403, fell back to committed snapshot - see data/fallback/README). Manual weekly-out overrides applied for confirmed Week 3 absences: Jayden Daniels (WAS QB, elbow, Mariota starting), David Njoku and Charlie Kolar (both LAC TE, placed on IR after Week 2, min 4 games) - all via multi-source web confirmation (ESPN/CBS/NFL.com/Chargers.com), not yet reflected in Sleeper's live feed.",/home/user/ffcc/output/draft_rankings/draft_rankings_2026_ppr.csv
2026,3,00-0039065,Sam LaPorta,TE,DET,NYJ,False,1.15,11.99,6.41,8.64,11.02,14.3,18.78,0.02,0.35,ppr,2026-09-22 13:17,"Pre-kickoff snapshot locked 2026-09-22 (all Week 3 games 9/24-9/28, none yet played). Live data refreshed same day (Sleeper live API blocked by sandbox proxy 403, fell back to committed snapshot - see data/fallback/README). Manual weekly-out overrides applied for confirmed Week 3 absences: Jayden Daniels (WAS QB, elbow, Mariota starting), David Njoku and Charlie Kolar (both LAC TE, placed on IR after Week 2, min 4 games) - all via multi-source web confirmation (ESPN/CBS/NFL.com/Chargers.com), not yet reflected in Sleeper's live feed.",/home/user/ffcc/output/draft_rankings/draft_rankings_2026_ppr.csv
2026,3,00-0039849,Marvin Harrison Jr.,WR,ARI,SF,False,1.04,11.96,4.71,7.52,10.47,15.01,20.83,0.05,0.14,ppr,2026-09-22 13:17,"Pre-kickoff snapshot locked 2026-09-22 (all Week 3 games 9/24-9/28, none yet played). Live data refreshed same day (Sleeper live API blocked by sandbox proxy 403, fell back to committed snapshot - see data/fallback/README). Manual weekly-out overrides applied for confirmed Week 3 absences: Jayden Daniels (WAS QB, elbow, Mariota starting), David Njoku and Charlie Kolar (both LAC TE, placed on IR after Week 2, min 4 games) - all via multi-source web confirmation (ESPN/CBS/NFL.com/Chargers.com), not yet reflected in Sleeper's live feed.",/home/user/ffcc/output/draft_rankings/draft_rankings_2026_ppr.csv
2026,3,00-0039893,Brian Thomas Jr.,WR,JAX,NE,False,0.95,11.88,4.61,7.45,10.29,14.94,20.8,0.06,0.14,ppr,2026-09-22 13:17,"Pre-kickoff snapshot locked 2026-09-22 (all Week 3 games 9/24-9/28, none yet played). Live data refreshed same day (Sleeper live API blocked by sandbox proxy 403, fell back to committed snapshot - see data/fallback/README). Manual weekly-out overrides applied for confirmed Week 3 absences: Jayden Daniels (WAS QB, elbow, Mariota starting), David Njoku and Charlie Kolar (both LAC TE, placed on IR after Week 2, min 4 games) - all via multi-source web confirmation (ESPN/CBS/NFL.com/Chargers.com), not yet reflected in Sleeper's live feed.",/home/user/ffcc/output/draft_rankings/draft_rankings_2026_ppr.csv
2026,3,00-0040743,Tyler Shough,QB,NO,LV,False,0.99,11.84,2.41,6.41,12.21,18.24,23.69,0.11,0.21,ppr,2026-09-22 13:17,"Pre-kickoff snapshot locked 2026-09-22 (all Week 3 games 9/24-9/28, none yet played). Live data refreshed same day (Sleeper live API blocked by sandbox proxy 403, fell back to committed snapshot - see data/fallback/README). Manual weekly-out overrides applied for confirmed Week 3 absences: Jayden Daniels (WAS QB, elbow, Mariota starting), David Njoku and Charlie Kolar (both LAC TE, placed on IR after Week 2, min 4 games) - all via multi-source web confirmation (ESPN/CBS/NFL.com/Chargers.com), not yet reflected in Sleeper's live feed.",/home/user/ffcc/output/draft_rankings/draft_rankings_2026_ppr.csv
2026,3,00-0037545,Rashid Shaheed,WR,SEA,WAS,False,1.13,11.72,4.3,7.26,10.22,14.75,20.59,0.06,0.13,ppr,2026-09-22 13:17,"Pre-kickoff snapshot locked 2026-09-22 (all Week 3 games 9/24-9/28, none yet played). Live data refreshed same day (Sleeper live API blocked by sandbox proxy 403, fell back to committed snapshot - see data/fallback/README). Manual weekly-out overrides applied for confirmed Week 3 absences: Jayden Daniels (WAS QB, elbow, Mariota starting), David Njoku and Charlie Kolar (both LAC TE, placed on IR after Week 2, min 4 games) - all via multi-source web confirmation (ESPN/CBS/NFL.com/Chargers.com), not yet reflected in Sleeper's live feed.",/home/user/ffcc/output/draft_rankings/draft_rankings_2026_ppr.csv
2026,3,00-0035710,Daniel Jones,QB,IND,HOU,False,0.79,11.63,2.33,6.23,12.16,18.41,23.56,0.12,0.21,ppr,2026-09-22 13:17,"Pre-kickoff snapshot locked 2026-09-22 (all Week 3 games 9/24-9/28, none yet played). Live data refreshed same day (Sleeper live API blocked by sandbox proxy 403, fell back to committed snapshot - see data/fallback/README). Manual weekly-out overrides applied for confirmed Week 3 absences: Jayden Daniels (WAS QB, elbow, Mariota starting), David Njoku and Charlie Kolar (both LAC TE, placed on IR after Week 2, min 4 games) - all via multi-source web confirmation (ESPN/CBS/NFL.com/Chargers.com), not yet reflected in Sleeper's live feed.",/home/user/ffcc/output/draft_rankings/draft_rankings_2026_ppr.csv
2026,3,00-0034960,Jakobi Meyers,WR,JAX,NE,False,0.95,11.61,4.43,7.25,10.11,14.55,20.56,0.06,0.13,ppr,2026-09-22 13:17,"Pre-kickoff snapshot locked 2026-09-22 (all Week 3 games 9/24-9/28, none yet played). Live data refreshed same day (Sleeper live API blocked by sandbox proxy 403, fell back to committed snapshot - see data/fallback/README). Manual weekly-out overrides applied for confirmed Week 3 absences: Jayden Daniels (WAS QB, elbow, Mariota starting), David Njoku and Charlie Kolar (both LAC TE, placed on IR after Week 2, min 4 games) - all via multi-source web confirmation (ESPN/CBS/NFL.com/Chargers.com), not yet reflected in Sleeper's live feed.",/home/user/ffcc/output/draft_rankings/draft_rankings_2026_ppr.csv
2026,3,00-0040867,Makai Lemon,WR,PHI,CHI,False,1.18,11.58,4.34,7.19,10.12,14.57,20.57,0.06,0.13,ppr,2026-09-22 13:17,"Pre-kickoff snapshot locked 2026-09-22 (all Week 3 games 9/24-9/28, none yet played). Live data refreshed same day (Sleeper live API blocked by sandbox proxy 403, fell back to committed snapshot - see data/fallback/README). Manual weekly-out overrides applied for confirmed Week 3 absences: Jayden Daniels (WAS QB, elbow, Mariota starting), David Njoku and Charlie Kolar (both LAC TE, placed on IR after Week 2, min 4 games) - all via multi-source web confirmation (ESPN/CBS/NFL.com/Chargers.com), not yet reflected in Sleeper's live feed.",/home/user/ffcc/output/draft_rankings/draft_rankings_2026_ppr.csv
2026,3,00-0040124,Tetairoa McMillan,WR,CAR,CLE,False,0.87,11.56,4.14,7.02,9.96,14.38,20.45,0.07,0.13,ppr,2026-09-22 13:17,"Pre-kickoff snapshot locked 2026-09-22 (all Week 3 games 9/24-9/28, none yet played). Live data refreshed same day (Sleeper live API blocked by sandbox proxy 403, fell back to committed snapshot - see data/fallback/README). Manual weekly-out overrides applied for confirmed Week 3 absences: Jayden Daniels (WAS QB, elbow, Mariota starting), David Njoku and Charlie Kolar (both LAC TE, placed on IR after Week 2, min 4 games) - all via multi-source web confirmation (ESPN/CBS/NFL.com/Chargers.com), not yet reflected in Sleeper's live feed.",/home/user/ffcc/output/draft_rankings/draft_rankings_2026_ppr.csv
2026,3,00-0030506,Travis Kelce,TE,KC,MIA,False,1.22,11.55,6.09,8.21,10.62,13.86,18.63,0.02,0.32,ppr,2026-09-22 13:17,"Pre-kickoff snapshot locked 2026-09-22 (all Week 3 games 9/24-9/28, none yet played). Live data refreshed same day (Sleeper live API blocked by sandbox proxy 403, fell back to committed snapshot - see data/fallback/README). Manual weekly-out overrides applied for confirmed Week 3 absences: Jayden Daniels (WAS QB, elbow, Mariota starting), David Njoku and Charlie Kolar (both LAC TE, placed on IR after Week 2, min 4 games) - all via multi-source web confirmation (ESPN/CBS/NFL.com/Chargers.com), not yet reflected in Sleeper's live feed.",/home/user/ffcc/output/draft_rankings/draft_rankings_2026_ppr.csv
2026,3,00-0038994,Jordan Addison,WR,MIN,TB,False,1.02,11.53,4.15,7.05,10.02,14.49,20.17,0.06,0.13,ppr,2026-09-22 13:17,"Pre-kickoff snapshot locked 2026-09-22 (all Week 3 games 9/24-9/28, none yet played). Live data refreshed same day (Sleeper live API blocked by sandbox proxy 403, fell back to committed snapshot - see data/fallback/README). Manual weekly-out overrides applied for confirmed Week 3 absences: Jayden Daniels (WAS QB, elbow, Mariota starting), David Njoku and Charlie Kolar (both LAC TE, placed on IR after Week 2, min 4 games) - all via multi-source web confirmation (ESPN/CBS/NFL.com/Chargers.com), not yet reflected in Sleeper's live feed.",/home/user/ffcc/output/draft_rankings/draft_rankings_2026_ppr.csv
2026,3,00-0034855,Baker Mayfield,QB,TB,MIN,False,0.68,11.52,2.11,6.06,11.98,17.93,23.35,0.13,0.2,ppr,2026-09-22 13:17,"Pre-kickoff snapshot locked 2026-09-22 (all Week 3 games 9/24-9/28, none yet played). Live data refreshed same day (Sleeper live API blocked by sandbox proxy 403, fell back to committed snapshot - see data/fallback/README). Manual weekly-out overrides applied for confirmed Week 3 absences: Jayden Daniels (WAS QB, elbow, Mariota starting), David Njoku and Charlie Kolar (both LAC TE, placed on IR after Week 2, min 4 games) - all via multi-source web confirmation (ESPN/CBS/NFL.com/Chargers.com), not yet reflected in Sleeper's live feed.",/home/user/ffcc/output/draft_rankings/draft_rankings_2026_ppr.csv
2026,3,00-0036613,Jaylen Waddle,WR,DEN,LA,False,1.03,11.5,4.2,7.1,9.98,14.33,20.15,0.06,0.13,ppr,2026-09-22 13:17,"Pre-kickoff snapshot locked 2026-09-22 (all Week 3 games 9/24-9/28, none yet played). Live data refreshed same day (Sleeper live API blocked by sandbox proxy 403, fell back to committed snapshot - see data/fallback/README). Manual weekly-out overrides applied for confirmed Week 3 absences: Jayden Daniels (WAS QB, elbow, Mariota starting), David Njoku and Charlie Kolar (both LAC TE, placed on IR after Week 2, min 4 games) - all via multi-source web confirmation (ESPN/CBS/NFL.com/Chargers.com), not yet reflected in Sleeper's live feed.",/home/user/ffcc/output/draft_rankings/draft_rankings_2026_ppr.csv
2026,3,00-0038559,Michael Wilson,WR,ARI,SF,False,1.04,11.46,4.16,7.04,9.99,14.6,20.37,0.07,0.13,ppr,2026-09-22 13:17,"Pre-kickoff snapshot locked 2026-09-22 (all Week 3 games 9/24-9/28, none yet played). Live data refreshed same day (Sleeper live API blocked by sandbox proxy 403, fell back to committed snapshot - see data/fallback/README). Manual weekly-out overrides applied for confirmed Week 3 absences: Jayden Daniels (WAS QB, elbow, Mariota starting), David Njoku and Charlie Kolar (both LAC TE, placed on IR after Week 2, min 4 games) - all via multi-source web confirmation (ESPN/CBS/NFL.com/Chargers.com), not yet reflected in Sleeper's live feed.",/home/user/ffcc/output/draft_rankings/draft_rankings_2026_ppr.csv
2026,3,00-0040663,Harold Fannin Jr.,TE,CLE,CAR,False,1.03,11.46,6.07,8.2,10.51,13.8,18.47,0.02,0.31,ppr,2026-09-22 13:17,"Pre-kickoff snapshot locked 2026-09-22 (all Week 3 games 9/24-9/28, none yet played). Live data refreshed same day (Sleeper live API blocked by sandbox proxy 403, fell back to committed snapshot - see data/fallback/README). Manual weekly-out overrides applied for confirmed Week 3 absences: Jayden Daniels (WAS QB, elbow, Mariota starting), David Njoku and Charlie Kolar (both LAC TE, placed on IR after Week 2, min 4 games) - all via multi-source web confirmation (ESPN/CBS/NFL.com/Chargers.com), not yet reflected in Sleeper's live feed.",/home/user/ffcc/output/draft_rankings/draft_rankings_2026_ppr.csv
2026,3,00-0035640,DK Metcalf,WR,PIT,CIN,False,0.82,11.26,3.96,6.77,9.79,14.24,20.33,0.07,0.13,ppr,2026-09-22 13:17,"Pre-kickoff snapshot locked 2026-09-22 (all Week 3 games 9/24-9/28, none yet played). Live data refreshed same day (Sleeper live API blocked by sandbox proxy 403, fell back to committed snapshot - see data/fallback/README). Manual weekly-out overrides applied for confirmed Week 3 absences: Jayden Daniels (WAS QB, elbow, Mariota starting), David Njoku and Charlie Kolar (both LAC TE, placed on IR after Week 2, min 4 games) - all via multi-source web confirmation (ESPN/CBS/NFL.com/Chargers.com), not yet reflected in Sleeper's live feed.",/home/user/ffcc/output/draft_rankings/draft_rankings_2026_ppr.csv
2026,3,00-0033908,Cooper Kupp,WR,SEA,WAS,False,1.13,10.98,3.71,6.59,9.57,14.15,20.35,0.08,0.13,ppr,2026-09-22 13:17,"Pre-kickoff snapshot locked 2026-09-22 (all Week 3 games 9/24-9/28, none yet played). Live data refreshed same day (Sleeper live API blocked by sandbox proxy 403, fell back to committed snapshot - see data/fallback/README). Manual weekly-out overrides applied for confirmed Week 3 absences: Jayden Daniels (WAS QB, elbow, Mariota starting), David Njoku and Charlie Kolar (both LAC TE, placed on IR after Week 2, min 4 games) - all via multi-source web confirmation (ESPN/CBS/NFL.com/Chargers.com), not yet reflected in Sleeper's live feed.",/home/user/ffcc/output/draft_rankings/draft_rankings_2026_ppr.csv
2026,3,00-0039915,Ladd McConkey,WR,LAC,BUF,False,0.86,10.96,3.75,6.47,9.47,13.81,19.76,0.08,0.12,ppr,2026-09-22 13:17,"Pre-kickoff snapshot locked 2026-09-22 (all Week 3 games 9/24-9/28, none yet played). Live data refreshed same day (Sleeper live API blocked by sandbox proxy 403, fell back to committed snapshot - see data/fallback/README). Manual weekly-out overrides applied for confirmed Week 3 absences: Jayden Daniels (WAS QB, elbow, Mariota starting), David Njoku and Charlie Kolar (both LAC TE, placed on IR after Week 2, min 4 games) - all via multi-source web confirmation (ESPN/CBS/NFL.com/Chargers.com), not yet reflected in Sleeper's live feed.",/home/user/ffcc/output/draft_rankings/draft_rankings_2026_ppr.csv
2026,3,00-0039361,Bucky Irving,RB,TB,MIN,False,0.89,10.84,3.97,6.7,9.43,14.09,20.32,0.07,0.14,ppr,2026-09-22 13:17,"Pre-kickoff snapshot locked 2026-09-22 (all Week 3 games 9/24-9/28, none yet played). Live data refreshed same day (Sleeper live API blocked by sandbox proxy 403, fell back to committed snapshot - see data/fallback/README). Manual weekly-out overrides applied for confirmed Week 3 absences: Jayden Daniels (WAS QB, elbow, Mariota starting), David Njoku and Charlie Kolar (both LAC TE, placed on IR after Week 2, min 4 games) - all via multi-source web confirmation (ESPN/CBS/NFL.com/Chargers.com), not yet reflected in Sleeper's live feed.",/home/user/ffcc/output/draft_rankings/draft_rankings_2026_ppr.csv
2026,3,00-0033906,Alvin Kamara,RB,NO,LV,False,1.04,10.81,4.0,6.74,9.5,14.2,20.28,0.07,0.14,ppr,2026-09-22 13:17,"Pre-kickoff snapshot locked 2026-09-22 (all Week 3 games 9/24-9/28, none yet played). Live data refreshed same day (Sleeper live API blocked by sandbox proxy 403, fell back to committed snapshot - see data/fallback/README). Manual weekly-out overrides applied for confirmed Week 3 absences: Jayden Daniels (WAS QB, elbow, Mariota starting), David Njoku and Charlie Kolar (both LAC TE, placed on IR after Week 2, min 4 games) - all via multi-source web confirmation (ESPN/CBS/NFL.com/Chargers.com), not yet reflected in Sleeper's live feed.",/home/user/ffcc/output/draft_rankings/draft_rankings_2026_ppr.csv
2026,3,00-0036550,Rashod Bateman,WR,BAL,DAL,False,1.28,10.79,3.53,6.34,9.34,13.79,19.84,0.08,0.12,ppr,2026-09-22 13:17,"Pre-kickoff snapshot locked 2026-09-22 (all Week 3 games 9/24-9/28, none yet played). Live data refreshed same day (Sleeper live API blocked by sandbox proxy 403, fell back to committed snapshot - see data/fallback/README). Manual weekly-out overrides applied for confirmed Week 3 absences: Jayden Daniels (WAS QB, elbow, Mariota starting), David Njoku and Charlie Kolar (both LAC TE, placed on IR after Week 2, min 4 games) - all via multi-source web confirmation (ESPN/CBS/NFL.com/Chargers.com), not yet reflected in Sleeper's live feed.",/home/user/ffcc/output/draft_rankings/draft_rankings_2026_ppr.csv
2026,3,00-0036259,Jauan Jennings,WR,MIN,TB,False,1.02,10.79,3.58,6.34,9.31,13.82,19.88,0.08,0.12,ppr,2026-09-22 13:17,"Pre-kickoff snapshot locked 2026-09-22 (all Week 3 games 9/24-9/28, none yet played). Live data refreshed same day (Sleeper live API blocked by sandbox proxy 403, fell back to committed snapshot - see data/fallback/README). Manual weekly-out overrides applied for confirmed Week 3 absences: Jayden Daniels (WAS QB, elbow, Mariota starting), David Njoku and Charlie Kolar (both LAC TE, placed on IR after Week 2, min 4 games) - all via multi-source web confirmation (ESPN/CBS/NFL.com/Chargers.com), not yet reflected in Sleeper's live feed.",/home/user/ffcc/output/draft_rankings/draft_rankings_2026_ppr.csv
2026,3,00-0040730,RJ Harvey,RB,DEN,LA,False,0.92,10.71,3.88,6.57,9.28,13.92,20.08,0.07,0.14,ppr,2026-09-22 13:17,"Pre-kickoff snapshot locked 2026-09-22 (all Week 3 games 9/24-9/28, none yet played). Live data refreshed same day (Sleeper live API blocked by sandbox proxy 403, fell back to committed snapshot - see data/fallback/README). Manual weekly-out overrides applied for confirmed Week 3 absences: Jayden Daniels (WAS QB, elbow, Mariota starting), David Njoku and Charlie Kolar (both LAC TE, placed on IR after Week 2, min 4 games) - all via multi-source web confirmation (ESPN/CBS/NFL.com/Chargers.com), not yet reflected in Sleeper's live feed.",/home/user/ffcc/output/draft_rankings/draft_rankings_2026_ppr.csv
2026,3,00-0035659,Terry McLaurin,WR,WAS,SEA,False,0.85,10.68,3.48,6.29,9.14,13.62,19.26,0.08,0.11,ppr,2026-09-22 13:17,"Pre-kickoff snapshot locked 2026-09-22 (all Week 3 games 9/24-9/28, none yet played). Live data refreshed same day (Sleeper live API blocked by sandbox proxy 403, fell back to committed snapshot - see data/fallback/README). Manual weekly-out overrides applied for confirmed Week 3 absences: Jayden Daniels (WAS QB, elbow, Mariota starting), David Njoku and Charlie Kolar (both LAC TE, placed on IR after Week 2, min 4 games) - all via multi-source web confirmation (ESPN/CBS/NFL.com/Chargers.com), not yet reflected in Sleeper's live feed.",/home/user/ffcc/output/draft_rankings/draft_rankings_2026_ppr.csv
2026,3,00-0034383,Dalton Schultz,TE,HOU,IND,False,1.15,10.64,5.16,7.39,9.62,12.92,17.66,0.03,0.26,ppr,2026-09-22 13:17,"Pre-kickoff snapshot locked 2026-09-22 (all Week 3 games 9/24-9/28, none yet played). Live data refreshed same day (Sleeper live API blocked by sandbox proxy 403, fell back to committed snapshot - see data/fallback/README). Manual weekly-out overrides applied for confirmed Week 3 absences: Jayden Daniels (WAS QB, elbow, Mariota starting), David Njoku and Charlie Kolar (both LAC TE, placed on IR after Week 2, min 4 games) - all via multi-source web confirmation (ESPN/CBS/NFL.com/Chargers.com), not yet reflected in Sleeper's live feed.",/home/user/ffcc/output/draft_rankings/draft_rankings_2026_ppr.csv
2026,3,00-0041562,Fernando Mendoza,QB,LV,NO,False,0.86,10.58,1.13,5.08,10.77,16.95,22.28,0.16,0.17,ppr,2026-09-22 13:17,"Pre-kickoff snapshot locked 2026-09-22 (all Week 3 games 9/24-9/28, none yet played). Live data refreshed same day (Sleeper live API blocked by sandbox proxy 403, fell back to committed snapshot - see data/fallback/README). Manual weekly-out overrides applied for confirmed Week 3 absences: Jayden Daniels (WAS QB, elbow, Mariota starting), David Njoku and Charlie Kolar (both LAC TE, placed on IR after Week 2, min 4 games) - all via multi-source web confirmation (ESPN/CBS/NFL.com/Chargers.com), not yet reflected in Sleeper's live feed.",/home/user/ffcc/output/draft_rankings/draft_rankings_2026_ppr.csv
2026,3,00-0039032,Tyjae Spears,RB,TEN,NYG,False,1.17,10.56,3.51,6.4,9.16,13.97,20.54,0.08,0.14,ppr,2026-09-22 13:17,"Pre-kickoff snapshot locked 2026-09-22 (all Week 3 games 9/24-9/28, none yet played). Live data refreshed same day (Sleeper live API blocked by sandbox proxy 403, fell back to committed snapshot - see data/fallback/README). Manual weekly-out overrides applied for confirmed Week 3 absences: Jayden Daniels (WAS QB, elbow, Mariota starting), David Njoku and Charlie Kolar (both LAC TE, placed on IR after Week 2, min 4 games) - all via multi-source web confirmation (ESPN/CBS/NFL.com/Chargers.com), not yet reflected in Sleeper's live feed.",/home/user/ffcc/output/draft_rankings/draft_rankings_2026_ppr.csv
2026,3,00-0033090,Hunter Henry,TE,NE,JAX,False,1.11,10.51,5.04,7.18,9.51,12.82,17.34,0.04,0.26,ppr,2026-09-22 13:17,"Pre-kickoff snapshot locked 2026-09-22 (all Week 3 games 9/24-9/28, none yet played). Live data refreshed same day (Sleeper live API blocked by sandbox proxy 403, fell back to committed snapshot - see data/fallback/README). Manual weekly-out overrides applied for confirmed Week 3 absences: Jayden Daniels (WAS QB, elbow, Mariota starting), David Njoku and Charlie Kolar (both LAC TE, placed on IR after Week 2, min 4 games) - all via multi-source web confirmation (ESPN/CBS/NFL.com/Chargers.com), not yet reflected in Sleeper's live feed.",/home/user/ffcc/output/draft_rankings/draft_rankings_2026_ppr.csv
2026,3,00-0034837,Calvin Ridley,WR,TEN,NYG,False,1.1,10.45,3.17,6.08,9.01,13.48,19.34,0.1,0.11,ppr,2026-09-22 13:17,"Pre-kickoff snapshot locked 2026-09-22 (all Week 3 games 9/24-9/28, none yet played). Live data refreshed same day (Sleeper live API blocked by sandbox proxy 403, fell back to committed snapshot - see data/fallback/README). Manual weekly-out overrides applied for confirmed Week 3 absences: Jayden Daniels (WAS QB, elbow, Mariota starting), David Njoku and Charlie Kolar (both LAC TE, placed on IR after Week 2, min 4 games) - all via multi-source web confirmation (ESPN/CBS/NFL.com/Chargers.com), not yet reflected in Sleeper's live feed.",/home/user/ffcc/output/draft_rankings/draft_rankings_2026_ppr.csv
2026,3,00-0040128,Tyler Warren,TE,IND,HOU,False,0.92,10.42,4.91,7.14,9.42,12.67,17.38,0.04,0.25,ppr,2026-09-22 13:17,"Pre-kickoff snapshot locked 2026-09-22 (all Week 3 games 9/24-9/28, none yet played). Live data refreshed same day (Sleeper live API blocked by sandbox proxy 403, fell back to committed snapshot - see data/fallback/README). Manual weekly-out overrides applied for confirmed Week 3 absences: Jayden Daniels (WAS QB, elbow, Mariota starting), David Njoku and Charlie Kolar (both LAC TE, placed on IR after Week 2, min 4 games) - all via multi-source web confirmation (ESPN/CBS/NFL.com/Chargers.com), not yet reflected in Sleeper's live feed.",/home/user/ffcc/output/draft_rankings/draft_rankings_2026_ppr.csv
2026,3,00-0036555,Chuba Hubbard,RB,CAR,CLE,False,0.99,10.42,3.51,6.18,8.92,13.64,19.5,0.08,0.13,ppr,2026-09-22 13:17,"Pre-kickoff snapshot locked 2026-09-22 (all Week 3 games 9/24-9/28, none yet played). Live data refreshed same day (Sleeper live API blocked by sandbox proxy 403, fell back to committed snapshot - see data/fallback/README). Manual weekly-out overrides applied for confirmed Week 3 absences: Jayden Daniels (WAS QB, elbow, Mariota starting), David Njoku and Charlie Kolar (both LAC TE, placed on IR after Week 2, min 4 games) - all via multi-source web confirmation (ESPN/CBS/NFL.com/Chargers.com), not yet reflected in Sleeper's live feed.",/home/user/ffcc/output/draft_rankings/draft_rankings_2026_ppr.csv
2026,3,00-0031408,Mike Evans,WR,SF,ARI,False,0.98,10.41,3.03,6.02,8.93,13.55,19.37,0.1,0.11,ppr,2026-09-22 13:17,"Pre-kickoff snapshot locked 2026-09-22 (all Week 3 games 9/24-9/28, none yet played). Live data refreshed same day (Sleeper live API blocked by sandbox proxy 403, fell back to committed snapshot - see data/fallback/README). Manual weekly-out overrides applied for confirmed Week 3 absences: Jayden Daniels (WAS QB, elbow, Mariota starting), David Njoku and Charlie Kolar (both LAC TE, placed on IR after Week 2, min 4 games) - all via multi-source web confirmation (ESPN/CBS/NFL.com/Chargers.com), not yet reflected in Sleeper's live feed.",/home/user/ffcc/output/draft_rankings/draft_rankings_2026_ppr.csv
2026,3,00-0036158,J.K. Dobbins,RB,DEN,LA,False,0.92,10.35,3.46,6.18,8.9,13.68,20.05,0.08,0.14,ppr,2026-09-22 13:17,"Pre-kickoff snapshot locked 2026-09-22 (all Week 3 games 9/24-9/28, none yet played). Live data refreshed same day (Sleeper live API blocked by sandbox proxy 403, fell back to committed snapshot - see data/fallback/README). Manual weekly-out overrides applied for confirmed Week 3 absences: Jayden Daniels (WAS QB, elbow, Mariota starting), David Njoku and Charlie Kolar (both LAC TE, placed on IR after Week 2, min 4 games) - all via multi-source web confirmation (ESPN/CBS/NFL.com/Chargers.com), not yet reflected in Sleeper's live feed.",/home/user/ffcc/output/draft_rankings/draft_rankings_2026_ppr.csv
2026,3,00-0035229,T.J. Hockenson,TE,MIN,TB,False,1.19,10.31,4.71,6.97,9.33,12.58,17.22,0.04,0.25,ppr,2026-09-22 13:17,"Pre-kickoff snapshot locked 2026-09-22 (all Week 3 games 9/24-9/28, none yet played). Live data refreshed same day (Sleeper live API blocked by sandbox proxy 403, fell back to committed snapshot - see data/fallback/README). Manual weekly-out overrides applied for confirmed Week 3 absences: Jayden Daniels (WAS QB, elbow, Mariota starting), David Njoku and Charlie Kolar (both LAC TE, placed on IR after Week 2, min 4 games) - all via multi-source web confirmation (ESPN/CBS/NFL.com/Chargers.com), not yet reflected in Sleeper's live feed.",/home/user/ffcc/output/draft_rankings/draft_rankings_2026_ppr.csv
2026,3,00-0034827,DJ Moore,WR,BUF,LAC,False,0.89,10.26,3.07,5.89,8.82,13.19,18.99,0.1,0.11,ppr,2026-09-22 13:17,"Pre-kickoff snapshot locked 2026-09-22 (all Week 3 games 9/24-9/28, none yet played). Live data refreshed same day (Sleeper live API blocked by sandbox proxy 403, fell back to committed snapshot - see data/fallback/README). Manual weekly-out overrides applied for confirmed Week 3 absences: Jayden Daniels (WAS QB, elbow, Mariota starting), David Njoku and Charlie Kolar (both LAC TE, placed on IR after Week 2, min 4 games) - all via multi-source web confirmation (ESPN/CBS/NFL.com/Chargers.com), not yet reflected in Sleeper's live feed.",/home/user/ffcc/output/draft_rankings/draft_rankings_2026_ppr.csv
2026,3,00-0034351,Dallas Goedert,TE,PHI,CHI,False,0.98,10.26,4.79,6.93,9.24,12.45,16.99,0.04,0.24,ppr,2026-09-22 13:17,"Pre-kickoff snapshot locked 2026-09-22 (all Week 3 games 9/24-9/28, none yet played). Live data refreshed same day (Sleeper live API blocked by sandbox proxy 403, fell back to committed snapshot - see data/fallback/README). Manual weekly-out overrides applied for confirmed Week 3 absences: Jayden Daniels (WAS QB, elbow, Mariota starting), David Njoku and Charlie Kolar (both LAC TE, placed on IR after Week 2, min 4 games) - all via multi-source web confirmation (ESPN/CBS/NFL.com/Chargers.com), not yet reflected in Sleeper's live feed.",/home/user/ffcc/output/draft_rankings/draft_rankings_2026_ppr.csv
2026,3,00-0041029,Jordyn Tyson,WR,NO,LV,False,1.09,10.1,2.63,5.56,8.56,13.08,18.99,0.11,0.11,ppr,2026-09-22 13:17,"Pre-kickoff snapshot locked 2026-09-22 (all Week 3 games 9/24-9/28, none yet played). Live data refreshed same day (Sleeper live API blocked by sandbox proxy 403, fell back to committed snapshot - see data/fallback/README). Manual weekly-out overrides applied for confirmed Week 3 absences: Jayden Daniels (WAS QB, elbow, Mariota starting), David Njoku and Charlie Kolar (both LAC TE, placed on IR after Week 2, min 4 games) - all via multi-source web confirmation (ESPN/CBS/NFL.com/Chargers.com), not yet reflected in Sleeper's live feed.",/home/user/ffcc/output/draft_rankings/draft_rankings_2026_ppr.csv
2026,3,00-0038606,Parker Washington,WR,JAX,NE,False,0.95,10.04,2.64,5.52,8.51,13.03,19.04,0.11,0.11,ppr,2026-09-22 13:17,"Pre-kickoff snapshot locked 2026-09-22 (all Week 3 games 9/24-9/28, none yet played). Live data refreshed same day (Sleeper live API blocked by sandbox proxy 403, fell back to committed snapshot - see data/fallback/README). Manual weekly-out overrides applied for confirmed Week 3 absences: Jayden Daniels (WAS QB, elbow, Mariota starting), David Njoku and Charlie Kolar (both LAC TE, placed on IR after Week 2, min 4 games) - all via multi-source web confirmation (ESPN/CBS/NFL.com/Chargers.com), not yet reflected in Sleeper's live feed.",/home/user/ffcc/output/draft_rankings/draft_rankings_2026_ppr.csv
2026,3,00-0039917,Michael Penix Jr.,QB,ATL,GB,False,0.92,10.03,0.7,4.69,10.38,16.42,21.91,0.18,0.16,ppr,2026-09-22 13:17,"Pre-kickoff snapshot locked 2026-09-22 (all Week 3 games 9/24-9/28, none yet played). Live data refreshed same day (Sleeper live API blocked by sandbox proxy 403, fell back to committed snapshot - see data/fallback/README). Manual weekly-out overrides applied for confirmed Week 3 absences: Jayden Daniels (WAS QB, elbow, Mariota starting), David Njoku and Charlie Kolar (both LAC TE, placed on IR after Week 2, min 4 games) - all via multi-source web confirmation (ESPN/CBS/NFL.com/Chargers.com), not yet reflected in Sleeper's live feed.",/home/user/ffcc/output/draft_rankings/draft_rankings_2026_ppr.csv
2026,3,00-0037816,Romeo Doubs,WR,NE,JAX,False,1.02,9.98,2.57,5.5,8.42,12.9,18.95,0.12,0.1,ppr,2026-09-22 13:17,"Pre-kickoff snapshot locked 2026-09-22 (all Week 3 games 9/24-9/28, none yet played). Live data refreshed same day (Sleeper live API blocked by sandbox proxy 403, fell back to committed snapshot - see data/fallback/README). Manual weekly-out overrides applied for confirmed Week 3 absences: Jayden Daniels (WAS QB, elbow, Mariota starting), David Njoku and Charlie Kolar (both LAC TE, placed on IR after Week 2, min 4 games) - all via multi-source web confirmation (ESPN/CBS/NFL.com/Chargers.com), not yet reflected in Sleeper's live feed.",/home/user/ffcc/output/draft_rankings/draft_rankings_2026_ppr.csv
2026,3,00-0040734,TreVeyon Henderson,RB,NE,JAX,False,0.83,9.88,3.13,5.8,8.46,13.33,19.35,0.09,0.13,ppr,2026-09-22 13:17,"Pre-kickoff snapshot locked 2026-09-22 (all Week 3 games 9/24-9/28, none yet played). Live data refreshed same day (Sleeper live API blocked by sandbox proxy 403, fell back to committed snapshot - see data/fallback/README). Manual weekly-out overrides applied for confirmed Week 3 absences: Jayden Daniels (WAS QB, elbow, Mariota starting), David Njoku and Charlie Kolar (both LAC TE, placed on IR after Week 2, min 4 games) - all via multi-source web confirmation (ESPN/CBS/NFL.com/Chargers.com), not yet reflected in Sleeper's live feed.",/home/user/ffcc/output/draft_rankings/draft_rankings_2026_ppr.csv
2026,3,00-0037261,Khalil Shakir,WR,BUF,LAC,False,0.89,9.86,2.53,5.34,8.35,12.81,18.79,0.12,0.1,ppr,2026-09-22 13:17,"Pre-kickoff snapshot locked 2026-09-22 (all Week 3 games 9/24-9/28, none yet played). Live data refreshed same day (Sleeper live API blocked by sandbox proxy 403, fell back to committed snapshot - see data/fallback/README). Manual weekly-out overrides applied for confirmed Week 3 absences: Jayden Daniels (WAS QB, elbow, Mariota starting), David Njoku and Charlie Kolar (both LAC TE, placed on IR after Week 2, min 4 games) - all via multi-source web confirmation (ESPN/CBS/NFL.com/Chargers.com), not yet reflected in Sleeper's live feed.",/home/user/ffcc/output/draft_rankings/draft_rankings_2026_ppr.csv
2026,3,00-0036945,Justin Fields,QB,KC,MIA,False,1.11,9.86,0.59,4.49,10.12,16.22,21.64,0.18,0.15,ppr,2026-09-22 13:17,"Pre-kickoff snapshot locked 2026-09-22 (all Week 3 games 9/24-9/28, none yet played). Live data refreshed same day (Sleeper live API blocked by sandbox proxy 403, fell back to committed snapshot - see data/fallback/README). Manual weekly-out overrides applied for confirmed Week 3 absences: Jayden Daniels (WAS QB, elbow, Mariota starting), David Njoku and Charlie Kolar (both LAC TE, placed on IR after Week 2, min 4 games) - all via multi-source web confirmation (ESPN/CBS/NFL.com/Chargers.com), not yet reflected in Sleeper's live feed.",/home/user/ffcc/output/draft_rankings/draft_rankings_2026_ppr.csv
2026,3,00-0035719,Deebo Samuel Sr.,WR,SF,ARI,False,0.98,9.81,2.63,5.36,8.23,12.72,18.63,0.12,0.1,ppr,2026-09-22 13:17,"Pre-kickoff snapshot locked 2026-09-22 (all Week 3 games 9/24-9/28, none yet played). Live data refreshed same day (Sleeper live API blocked by sandbox proxy 403, fell back to committed snapshot - see data/fallback/README). Manual weekly-out overrides applied for confirmed Week 3 absences: Jayden Daniels (WAS QB, elbow, Mariota starting), David Njoku and Charlie Kolar (both LAC TE, placed on IR after Week 2, min 4 games) - all via multi-source web confirmation (ESPN/CBS/NFL.com/Chargers.com), not yet reflected in Sleeper's live feed.",/home/user/ffcc/output/draft_rankings/draft_rankings_2026_ppr.csv
2026,3,00-0033293,Aaron Jones,RB,MIN,TB,False,1.0,9.8,2.89,5.59,8.39,13.13,19.73,0.11,0.13,ppr,2026-09-22 13:17,"Pre-kickoff snapshot locked 2026-09-22 (all Week 3 games 9/24-9/28, none yet played). Live data refreshed same day (Sleeper live API blocked by sandbox proxy 403, fell back to committed snapshot - see data/fallback/README). Manual weekly-out overrides applied for confirmed Week 3 absences: Jayden Daniels (WAS QB, elbow, Mariota starting), David Njoku and Charlie Kolar (both LAC TE, placed on IR after Week 2, min 4 games) - all via multi-source web confirmation (ESPN/CBS/NFL.com/Chargers.com), not yet reflected in Sleeper's live feed.",/home/user/ffcc/output/draft_rankings/draft_rankings_2026_ppr.csv
2026,3,00-0039919,Rome Odunze,WR,CHI,PHI,False,0.87,9.79,2.49,5.35,8.3,12.7,18.4,0.12,0.1,ppr,2026-09-22 13:17,"Pre-kickoff snapshot locked 2026-09-22 (all Week 3 games 9/24-9/28, none yet played). Live data refreshed same day (Sleeper live API blocked by sandbox proxy 403, fell back to committed snapshot - see data/fallback/README). Manual weekly-out overrides applied for confirmed Week 3 absences: Jayden Daniels (WAS QB, elbow, Mariota starting), David Njoku and Charlie Kolar (both LAC TE, placed on IR after Week 2, min 4 games) - all via multi-source web confirmation (ESPN/CBS/NFL.com/Chargers.com), not yet reflected in Sleeper's live feed.",/home/user/ffcc/output/draft_rankings/draft_rankings_2026_ppr.csv
2026,3,00-0039923,J.J. McCarthy,QB,MIN,TB,False,1.19,9.76,0.56,4.68,10.1,16.17,21.58,0.18,0.14,ppr,2026-09-22 13:17,"Pre-kickoff snapshot locked 2026-09-22 (all Week 3 games 9/24-9/28, none yet played). Live data refreshed same day (Sleeper live API blocked by sandbox proxy 403, fell back to committed snapshot - see data/fallback/README). Manual weekly-out overrides applied for confirmed Week 3 absences: Jayden Daniels (WAS QB, elbow, Mariota starting), David Njoku and Charlie Kolar (both LAC TE, placed on IR after Week 2, min 4 games) - all via multi-source web confirmation (ESPN/CBS/NFL.com/Chargers.com), not yet reflected in Sleeper's live feed.",/home/user/ffcc/output/draft_rankings/draft_rankings_2026_ppr.csv
2026,3,00-0035993,Tyler Huntley,QB,BAL,DAL,False,1.43,9.62,0.23,4.45,10.13,16.18,21.44,0.19,0.14,ppr,2026-09-22 13:17,"Pre-kickoff snapshot locked 2026-09-22 (all Week 3 games 9/24-9/28, none yet played). Live data refreshed same day (Sleeper live API blocked by sandbox proxy 403, fell back to committed snapshot - see data/fallback/README). Manual weekly-out overrides applied for confirmed Week 3 absences: Jayden Daniels (WAS QB, elbow, Mariota starting), David Njoku and Charlie Kolar (both LAC TE, placed on IR after Week 2, min 4 games) - all via multi-source web confirmation (ESPN/CBS/NFL.com/Chargers.com), not yet reflected in Sleeper's live feed.",/home/user/ffcc/output/draft_rankings/draft_rankings_2026_ppr.csv
2026,3,00-0038544,Quentin Johnston,WR,LAC,BUF,False,0.86,9.55,2.29,5.07,8.0,12.32,18.1,0.13,0.09,ppr,2026-09-22 13:17,"Pre-kickoff snapshot locked 2026-09-22 (all Week 3 games 9/24-9/28, none yet played). Live data refreshed same day (Sleeper live API blocked by sandbox proxy 403, fell back to committed snapshot - see data/fallback/README). Manual weekly-out overrides applied for confirmed Week 3 absences: Jayden Daniels (WAS QB, elbow, Mariota starting), David Njoku and Charlie Kolar (both LAC TE, placed on IR after Week 2, min 4 games) - all via multi-source web confirmation (ESPN/CBS/NFL.com/Chargers.com), not yet reflected in Sleeper's live feed.",/home/user/ffcc/output/draft_rankings/draft_rankings_2026_ppr.csv
2026,3,00-0036252,Michael Pittman,WR,PIT,CIN,False,0.82,9.49,2.28,5.12,7.96,12.45,18.0,0.13,0.09,ppr,2026-09-22 13:17,"Pre-kickoff snapshot locked 2026-09-22 (all Week 3 games 9/24-9/28, none yet played). Live data refreshed same day (Sleeper live API blocked by sandbox proxy 403, fell back to committed snapshot - see data/fallback/README). Manual weekly-out overrides applied for confirmed Week 3 absences: Jayden Daniels (WAS QB, elbow, Mariota starting), David Njoku and Charlie Kolar (both LAC TE, placed on IR after Week 2, min 4 games) - all via multi-source web confirmation (ESPN/CBS/NFL.com/Chargers.com), not yet reflected in Sleeper's live feed.",/home/user/ffcc/output/draft_rankings/draft_rankings_2026_ppr.csv
2026,3,00-0033921,Chris Godwin Jr.,WR,TB,MIN,False,0.77,9.42,2.33,5.09,7.99,12.37,18.41,0.13,0.1,ppr,2026-09-22 13:17,"Pre-kickoff snapshot locked 2026-09-22 (all Week 3 games 9/24-9/28, none yet played). Live data refreshed same day (Sleeper live API blocked by sandbox proxy 403, fell back to committed snapshot - see data/fallback/README). Manual weekly-out overrides applied for confirmed Week 3 absences: Jayden Daniels (WAS QB, elbow, Mariota starting), David Njoku and Charlie Kolar (both LAC TE, placed on IR after Week 2, min 4 games) - all via multi-source web confirmation (ESPN/CBS/NFL.com/Chargers.com), not yet reflected in Sleeper's live feed.",/home/user/ffcc/output/draft_rankings/draft_rankings_2026_ppr.csv
2026,3,00-0031588,Stefon Diggs,WR,WAS,SEA,False,0.85,9.32,1.95,4.83,7.78,12.34,18.23,0.14,0.09,ppr,2026-09-22 13:17,"Pre-kickoff snapshot locked 2026-09-22 (all Week 3 games 9/24-9/28, none yet played). Live data refreshed same day (Sleeper live API blocked by sandbox proxy 403, fell back to committed snapshot - see data/fallback/README). Manual weekly-out overrides applied for confirmed Week 3 absences: Jayden Daniels (WAS QB, elbow, Mariota starting), David Njoku and Charlie Kolar (both LAC TE, placed on IR after Week 2, min 4 games) - all via multi-source web confirmation (ESPN/CBS/NFL.com/Chargers.com), not yet reflected in Sleeper's live feed.",/home/user/ffcc/output/draft_rankings/draft_rankings_2026_ppr.csv
2026,3,00-0039894,Xavier Worthy,WR,KC,MIA,False,0.97,9.27,1.98,4.83,7.8,12.35,18.29,0.15,0.09,ppr,2026-09-22 13:17,"Pre-kickoff snapshot locked 2026-09-22 (all Week 3 games 9/24-9/28, none yet played). Live data refreshed same day (Sleeper live API blocked by sandbox proxy 403, fell back to committed snapshot - see data/fallback/README). Manual weekly-out overrides applied for confirmed Week 3 absences: Jayden Daniels (WAS QB, elbow, Mariota starting), David Njoku and Charlie Kolar (both LAC TE, placed on IR after Week 2, min 4 games) - all via multi-source web confirmation (ESPN/CBS/NFL.com/Chargers.com), not yet reflected in Sleeper's live feed.",/home/user/ffcc/output/draft_rankings/draft_rankings_2026_ppr.csv
2026,3,00-0026158,Joe Flacco,QB,CIN,PIT,False,1.15,9.25,-0.16,3.91,9.61,15.61,20.95,0.21,0.13,ppr,2026-09-22 13:17,"Pre-kickoff snapshot locked 2026-09-22 (all Week 3 games 9/24-9/28, none yet played). Live data refreshed same day (Sleeper live API blocked by sandbox proxy 403, fell back to committed snapshot - see data/fallback/README). Manual weekly-out overrides applied for confirmed Week 3 absences: Jayden Daniels (WAS QB, elbow, Mariota starting), David Njoku and Charlie Kolar (both LAC TE, placed on IR after Week 2, min 4 games) - all via multi-source web confirmation (ESPN/CBS/NFL.com/Chargers.com), not yet reflected in Sleeper's live feed.",/home/user/ffcc/output/draft_rankings/draft_rankings_2026_ppr.csv
2026,3,00-0036875,Rhamondre Stevenson,RB,NE,JAX,False,0.83,9.19,2.42,5.11,7.82,12.71,19.03,0.12,0.12,ppr,2026-09-22 13:17,"Pre-kickoff snapshot locked 2026-09-22 (all Week 3 games 9/24-9/28, none yet played). Live data refreshed same day (Sleeper live API blocked by sandbox proxy 403, fell back to committed snapshot - see data/fallback/README). Manual weekly-out overrides applied for confirmed Week 3 absences: Jayden Daniels (WAS QB, elbow, Mariota starting), David Njoku and Charlie Kolar (both LAC TE, placed on IR after Week 2, min 4 games) - all via multi-source web confirmation (ESPN/CBS/NFL.com/Chargers.com), not yet reflected in Sleeper's live feed.",/home/user/ffcc/output/draft_rankings/draft_rankings_2026_ppr.csv
2026,3,00-0039165,Zach Charbonnet,RB,SEA,WAS,False,1.16,9.16,2.38,5.01,7.81,12.41,18.57,0.13,0.11,ppr,2026-09-22 13:17,"Pre-kickoff snapshot locked 2026-09-22 (all Week 3 games 9/24-9/28, none yet played). Live data refreshed same day (Sleeper live API blocked by sandbox proxy 403, fell back to committed snapshot - see data/fallback/README). Manual weekly-out overrides applied for confirmed Week 3 absences: Jayden Daniels (WAS QB, elbow, Mariota starting), David Njoku and Charlie Kolar (both LAC TE, placed on IR after Week 2, min 4 games) - all via multi-source web confirmation (ESPN/CBS/NFL.com/Chargers.com), not yet reflected in Sleeper's live feed.",/home/user/ffcc/output/draft_rankings/draft_rankings_2026_ppr.csv
2026,3,00-0037664,Alec Pierce,WR,IND,HOU,False,0.84,9.14,1.84,4.76,7.72,12.07,17.91,0.15,0.09,ppr,2026-09-22 13:17,"Pre-kickoff snapshot locked 2026-09-22 (all Week 3 games 9/24-9/28, none yet played). Live data refreshed same day (Sleeper live API blocked by sandbox proxy 403, fell back to committed snapshot - see data/fallback/README). Manual weekly-out overrides applied for confirmed Week 3 absences: Jayden Daniels (WAS QB, elbow, Mariota starting), David Njoku and Charlie Kolar (both LAC TE, placed on IR after Week 2, min 4 games) - all via multi-source web confirmation (ESPN/CBS/NFL.com/Chargers.com), not yet reflected in Sleeper's live feed.",/home/user/ffcc/output/draft_rankings/draft_rankings_2026_ppr.csv
2026,3,00-0040129,Emeka Egbuka,WR,TB,MIN,False,0.77,9.12,1.79,4.58,7.58,12.08,18.16,0.15,0.09,ppr,2026-09-22 13:17,"Pre-kickoff snapshot locked 2026-09-22 (all Week 3 games 9/24-9/28, none yet played). Live data refreshed same day (Sleeper live API blocked by sandbox proxy 403, fell back to committed snapshot - see data/fallback/README). Manual weekly-out overrides applied for confirmed Week 3 absences: Jayden Daniels (WAS QB, elbow, Mariota starting), David Njoku and Charlie Kolar (both LAC TE, placed on IR after Week 2, min 4 games) - all via multi-source web confirmation (ESPN/CBS/NFL.com/Chargers.com), not yet reflected in Sleeper's live feed.",/home/user/ffcc/output/draft_rankings/draft_rankings_2026_ppr.csv
2026,3,00-0038608,Kayshon Boutte,WR,HOU,IND,False,1.17,9.11,1.81,4.64,7.6,11.9,17.75,0.15,0.08,ppr,2026-09-22 13:17,"Pre-kickoff snapshot locked 2026-09-22 (all Week 3 games 9/24-9/28, none yet played). Live data refreshed same day (Sleeper live API blocked by sandbox proxy 403, fell back to committed snapshot - see data/fallback/README). Manual weekly-out overrides applied for confirmed Week 3 absences: Jayden Daniels (WAS QB, elbow, Mariota starting), David Njoku and Charlie Kolar (both LAC TE, placed on IR after Week 2, min 4 games) - all via multi-source web confirmation (ESPN/CBS/NFL.com/Chargers.com), not yet reflected in Sleeper's live feed.",/home/user/ffcc/output/draft_rankings/draft_rankings_2026_ppr.csv
2026,3,00-0036407,Jerry Jeudy,WR,CLE,CAR,False,0.86,9.1,1.88,4.65,7.6,12.14,18.24,0.15,0.09,ppr,2026-09-22 13:17,"Pre-kickoff snapshot locked 2026-09-22 (all Week 3 games 9/24-9/28, none yet played). Live data refreshed same day (Sleeper live API blocked by sandbox proxy 403, fell back to committed snapshot - see data/fallback/README). Manual weekly-out overrides applied for confirmed Week 3 absences: Jayden Daniels (WAS QB, elbow, Mariota starting), David Njoku and Charlie Kolar (both LAC TE, placed on IR after Week 2, min 4 games) - all via multi-source web confirmation (ESPN/CBS/NFL.com/Chargers.com), not yet reflected in Sleeper's live feed.",/home/user/ffcc/output/draft_rankings/draft_rankings_2026_ppr.csv
2026,3,00-0036970,Kyle Pitts,TE,ATL,GB,False,0.91,9.07,3.49,5.77,8.1,11.37,15.98,0.08,0.2,ppr,2026-09-22 13:17,"Pre-kickoff snapshot locked 2026-09-22 (all Week 3 games 9/24-9/28, none yet played). Live data refreshed same day (Sleeper live API blocked by sandbox proxy 403, fell back to committed snapshot - see data/fallback/README). Manual weekly-out overrides applied for confirmed Week 3 absences: Jayden Daniels (WAS QB, elbow, Mariota starting), David Njoku and Charlie Kolar (both LAC TE, placed on IR after Week 2, min 4 games) - all via multi-source web confirmation (ESPN/CBS/NFL.com/Chargers.com), not yet reflected in Sleeper's live feed.",/home/user/ffcc/output/draft_rankings/draft_rankings_2026_ppr.csv
2026,3,00-0038997,Josh Downs,WR,IND,HOU,False,0.84,9.06,1.77,4.66,7.54,12.01,17.95,0.15,0.09,ppr,2026-09-22 13:17,"Pre-kickoff snapshot locked 2026-09-22 (all Week 3 games 9/24-9/28, none yet played). Live data refreshed same day (Sleeper live API blocked by sandbox proxy 403, fell back to committed snapshot - see data/fallback/README). Manual weekly-out overrides applied for confirmed Week 3 absences: Jayden Daniels (WAS QB, elbow, Mariota starting), David Njoku and Charlie Kolar (both LAC TE, placed on IR after Week 2, min 4 games) - all via multi-source web confirmation (ESPN/CBS/NFL.com/Chargers.com), not yet reflected in Sleeper's live feed.",/home/user/ffcc/output/draft_rankings/draft_rankings_2026_ppr.csv
2026,3,00-0035685,David Montgomery,RB,HOU,IND,False,0.91,9.0,2.23,4.84,7.53,12.12,18.53,0.13,0.11,ppr,2026-09-22 13:17,"Pre-kickoff snapshot locked 2026-09-22 (all Week 3 games 9/24-9/28, none yet played). Live data refreshed same day (Sleeper live API blocked by sandbox proxy 403, fell back to committed snapshot - see data/fallback/README). Manual weekly-out overrides applied for confirmed Week 3 absences: Jayden Daniels (WAS QB, elbow, Mariota starting), David Njoku and Charlie Kolar (both LAC TE, placed on IR after Week 2, min 4 games) - all via multi-source web confirmation (ESPN/CBS/NFL.com/Chargers.com), not yet reflected in Sleeper's live feed.",/home/user/ffcc/output/draft_rankings/draft_rankings_2026_ppr.csv
2026,3,00-0036972,Mac Jones,QB,SF,ARI,False,1.04,8.95,-0.3,3.76,9.26,15.35,20.6,0.22,0.13,ppr,2026-09-22 13:17,"Pre-kickoff snapshot locked 2026-09-22 (all Week 3 games 9/24-9/28, none yet played). Live data refreshed same day (Sleeper live API blocked by sandbox proxy 403, fell back to committed snapshot - see data/fallback/README). Manual weekly-out overrides applied for confirmed Week 3 absences: Jayden Daniels (WAS QB, elbow, Mariota starting), David Njoku and Charlie Kolar (both LAC TE, placed on IR after Week 2, min 4 games) - all via multi-source web confirmation (ESPN/CBS/NFL.com/Chargers.com), not yet reflected in Sleeper's live feed.",/home/user/ffcc/output/draft_rankings/draft_rankings_2026_ppr.csv
2026,3,00-0038977,Tank Dell,WR,HOU,IND,False,1.17,8.86,1.49,4.39,7.38,11.58,17.74,0.17,0.08,ppr,2026-09-22 13:17,"Pre-kickoff snapshot locked 2026-09-22 (all Week 3 games 9/24-9/28, none yet played). Live data refreshed same day (Sleeper live API blocked by sandbox proxy 403, fell back to committed snapshot - see data/fallback/README). Manual weekly-out overrides applied for confirmed Week 3 absences: Jayden Daniels (WAS QB, elbow, Mariota starting), David Njoku and Charlie Kolar (both LAC TE, placed on IR after Week 2, min 4 games) - all via multi-source web confirmation (ESPN/CBS/NFL.com/Chargers.com), not yet reflected in Sleeper's live feed.",/home/user/ffcc/output/draft_rankings/draft_rankings_2026_ppr.csv
2026,3,00-0040735,Luther Burden III,WR,CHI,PHI,False,0.87,8.68,1.31,4.21,7.17,11.53,17.81,0.18,0.09,ppr,2026-09-22 13:17,"Pre-kickoff snapshot locked 2026-09-22 (all Week 3 games 9/24-9/28, none yet played). Live data refreshed same day (Sleeper live API blocked by sandbox proxy 403, fell back to committed snapshot - see data/fallback/README). Manual weekly-out overrides applied for confirmed Week 3 absences: Jayden Daniels (WAS QB, elbow, Mariota starting), David Njoku and Charlie Kolar (both LAC TE, placed on IR after Week 2, min 4 games) - all via multi-source web confirmation (ESPN/CBS/NFL.com/Chargers.com), not yet reflected in Sleeper's live feed.",/home/user/ffcc/output/draft_rankings/draft_rankings_2026_ppr.csv
2026,3,00-0039793,AJ Barner,TE,SEA,WAS,False,1.19,8.65,3.04,5.24,7.59,10.68,15.47,0.1,0.18,ppr,2026-09-22 13:17,"Pre-kickoff snapshot locked 2026-09-22 (all Week 3 games 9/24-9/28, none yet played). Live data refreshed same day (Sleeper live API blocked by sandbox proxy 403, fell back to committed snapshot - see data/fallback/README). Manual weekly-out overrides applied for confirmed Week 3 absences: Jayden Daniels (WAS QB, elbow, Mariota starting), David Njoku and Charlie Kolar (both LAC TE, placed on IR after Week 2, min 4 games) - all via multi-source web confirmation (ESPN/CBS/NFL.com/Chargers.com), not yet reflected in Sleeper's live feed.",/home/user/ffcc/output/draft_rankings/draft_rankings_2026_ppr.csv
2026,3,00-0034753,Mark Andrews,TE,BAL,DAL,False,0.93,8.64,3.18,5.38,7.64,10.95,15.55,0.09,0.18,ppr,2026-09-22 13:17,"Pre-kickoff snapshot locked 2026-09-22 (all Week 3 games 9/24-9/28, none yet played). Live data refreshed same day (Sleeper live API blocked by sandbox proxy 403, fell back to committed snapshot - see data/fallback/README). Manual weekly-out overrides applied for confirmed Week 3 absences: Jayden Daniels (WAS QB, elbow, Mariota starting), David Njoku and Charlie Kolar (both LAC TE, placed on IR after Week 2, min 4 games) - all via multi-source web confirmation (ESPN/CBS/NFL.com/Chargers.com), not yet reflected in Sleeper's live feed.",/home/user/ffcc/output/draft_rankings/draft_rankings_2026_ppr.csv
2026,3,00-0039410,Ryan Flournoy,WR,DAL,BAL,False,1.17,8.59,1.36,4.14,7.03,11.45,17.52,0.18,0.09,ppr,2026-09-22 13:17,"Pre-kickoff snapshot locked 2026-09-22 (all Week 3 games 9/24-9/28, none yet played). Live data refreshed same day (Sleeper live API blocked by sandbox proxy 403, fell back to committed snapshot - see data/fallback/README). Manual weekly-out overrides applied for confirmed Week 3 absences: Jayden Daniels (WAS QB, elbow, Mariota starting), David Njoku and Charlie Kolar (both LAC TE, placed on IR after Week 2, min 4 games) - all via multi-source web confirmation (ESPN/CBS/NFL.com/Chargers.com), not yet reflected in Sleeper's live feed.",/home/user/ffcc/output/draft_rankings/draft_rankings_2026_ppr.csv
2026,3,00-0032950,Carson Wentz,QB,MIN,TB,False,1.19,8.47,-0.94,3.22,8.9,14.89,20.03,0.24,0.11,ppr,2026-09-22 13:17,"Pre-kickoff snapshot locked 2026-09-22 (all Week 3 games 9/24-9/28, none yet played). Live data refreshed same day (Sleeper live API blocked by sandbox proxy 403, fell back to committed snapshot - see data/fallback/README). Manual weekly-out overrides applied for confirmed Week 3 absences: Jayden Daniels (WAS QB, elbow, Mariota starting), David Njoku and Charlie Kolar (both LAC TE, placed on IR after Week 2, min 4 games) - all via multi-source web confirmation (ESPN/CBS/NFL.com/Chargers.com), not yet reflected in Sleeper's live feed.",/home/user/ffcc/output/draft_rankings/draft_rankings_2026_ppr.csv
2026,3,00-0040236,Kyle Monangai,RB,CHI,PHI,False,1.04,8.44,1.55,4.21,7.01,11.76,18.03,0.17,0.1,ppr,2026-09-22 13:17,"Pre-kickoff snapshot locked 2026-09-22 (all Week 3 games 9/24-9/28, none yet played). Live data refreshed same day (Sleeper live API blocked by sandbox proxy 403, fell back to committed snapshot - see data/fallback/README). Manual weekly-out overrides applied for confirmed Week 3 absences: Jayden Daniels (WAS QB, elbow, Mariota starting), David Njoku and Charlie Kolar (both LAC TE, placed on IR after Week 2, min 4 games) - all via multi-source web confirmation (ESPN/CBS/NFL.com/Chargers.com), not yet reflected in Sleeper's live feed.",/home/user/ffcc/output/draft_rankings/draft_rankings_2026_ppr.csv
2026,3,00-0039491,Jalen Coker,WR,CAR,CLE,False,0.87,8.42,1.02,4.04,6.97,11.36,17.31,0.18,0.08,ppr,2026-09-22 13:17,"Pre-kickoff snapshot locked 2026-09-22 (all Week 3 games 9/24-9/28, none yet played). Live data refreshed same day (Sleeper live API blocked by sandbox proxy 403, fell back to committed snapshot - see data/fallback/README). Manual weekly-out overrides applied for confirmed Week 3 absences: Jayden Daniels (WAS QB, elbow, Mariota starting), David Njoku and Charlie Kolar (both LAC TE, placed on IR after Week 2, min 4 games) - all via multi-source web confirmation (ESPN/CBS/NFL.com/Chargers.com), not yet reflected in Sleeper's live feed.",/home/user/ffcc/output/draft_rankings/draft_rankings_2026_ppr.csv
2026,3,00-0038563,Tre Tucker,WR,LV,NO,False,0.9,8.39,1.06,3.97,6.95,11.39,17.1,0.18,0.08,ppr,2026-09-22 13:17,"Pre-kickoff snapshot locked 2026-09-22 (all Week 3 games 9/24-9/28, none yet played). Live data refreshed same day (Sleeper live API blocked by sandbox proxy 403, fell back to committed snapshot - see data/fallback/README). Manual weekly-out overrides applied for confirmed Week 3 absences: Jayden Daniels (WAS QB, elbow, Mariota starting), David Njoku and Charlie Kolar (both LAC TE, placed on IR after Week 2, min 4 games) - all via multi-source web confirmation (ESPN/CBS/NFL.com/Chargers.com), not yet reflected in Sleeper's live feed.",/home/user/ffcc/output/draft_rankings/draft_rankings_2026_ppr.csv
2026,3,00-0040667,Matthew Golden,WR,GB,ATL,False,1.09,8.36,1.14,3.88,6.83,11.43,17.35,0.19,0.08,ppr,2026-09-22 13:17,"Pre-kickoff snapshot locked 2026-09-22 (all Week 3 games 9/24-9/28, none yet played). Live data refreshed same day (Sleeper live API blocked by sandbox proxy 403, fell back to committed snapshot - see data/fallback/README). Manual weekly-out overrides applied for confirmed Week 3 absences: Jayden Daniels (WAS QB, elbow, Mariota starting), David Njoku and Charlie Kolar (both LAC TE, placed on IR after Week 2, min 4 games) - all via multi-source web confirmation (ESPN/CBS/NFL.com/Chargers.com), not yet reflected in Sleeper's live feed.",/home/user/ffcc/output/draft_rankings/draft_rankings_2026_ppr.csv
2026,3,00-0033881,Evan Engram,TE,DEN,LA,False,0.99,8.34,2.76,5.04,7.36,10.64,15.22,0.11,0.17,ppr,2026-09-22 13:17,"Pre-kickoff snapshot locked 2026-09-22 (all Week 3 games 9/24-9/28, none yet played). Live data refreshed same day (Sleeper live API blocked by sandbox proxy 403, fell back to committed snapshot - see data/fallback/README). Manual weekly-out overrides applied for confirmed Week 3 absences: Jayden Daniels (WAS QB, elbow, Mariota starting), David Njoku and Charlie Kolar (both LAC TE, placed on IR after Week 2, min 4 games) - all via multi-source web confirmation (ESPN/CBS/NFL.com/Chargers.com), not yet reflected in Sleeper's live feed.",/home/user/ffcc/output/draft_rankings/draft_rankings_2026_ppr.csv
2026,3,00-0036309,Darnell Mooney,WR,NYG,TEN,False,1.16,8.29,1.0,3.81,6.75,11.28,17.29,0.19,0.08,ppr,2026-09-22 13:17,"Pre-kickoff snapshot locked 2026-09-22 (all Week 3 games 9/24-9/28, none yet played). Live data refreshed same day (Sleeper live API blocked by sandbox proxy 403, fell back to committed snapshot - see data/fallback/README). Manual weekly-out overrides applied for confirmed Week 3 absences: Jayden Daniels (WAS QB, elbow, Mariota starting), David Njoku and Charlie Kolar (both LAC TE, placed on IR after Week 2, min 4 games) - all via multi-source web confirmation (ESPN/CBS/NFL.com/Chargers.com), not yet reflected in Sleeper's live feed.",/home/user/ffcc/output/draft_rankings/draft_rankings_2026_ppr.csv
2026,3,00-0036919,Kenny Gainwell,RB,TB,MIN,False,0.89,8.24,1.46,4.12,6.76,11.46,17.86,0.17,0.1,ppr,2026-09-22 13:17,"Pre-kickoff snapshot locked 2026-09-22 (all Week 3 games 9/24-9/28, none yet played). Live data refreshed same day (Sleeper live API blocked by sandbox proxy 403, fell back to committed snapshot - see data/fallback/README). Manual weekly-out overrides applied for confirmed Week 3 absences: Jayden Daniels (WAS QB, elbow, Mariota starting), David Njoku and Charlie Kolar (both LAC TE, placed on IR after Week 2, min 4 games) - all via multi-source web confirmation (ESPN/CBS/NFL.com/Chargers.com), not yet reflected in Sleeper's live feed.",/home/user/ffcc/output/draft_rankings/draft_rankings_2026_ppr.csv
2026,3,00-0038619,Andrei Iosivas,WR,CIN,PIT,False,1.14,8.2,0.88,3.75,6.69,11.4,17.29,0.2,0.08,ppr,2026-09-22 13:17,"Pre-kickoff snapshot locked 2026-09-22 (all Week 3 games 9/24-9/28, none yet played). Live data refreshed same day (Sleeper live API blocked by sandbox proxy 403, fell back to committed snapshot - see data/fallback/README). Manual weekly-out overrides applied for confirmed Week 3 absences: Jayden Daniels (WAS QB, elbow, Mariota starting), David Njoku and Charlie Kolar (both LAC TE, placed on IR after Week 2, min 4 games) - all via multi-source web confirmation (ESPN/CBS/NFL.com/Chargers.com), not yet reflected in Sleeper's live feed.",/home/user/ffcc/output/draft_rankings/draft_rankings_2026_ppr.csv
2026,3,00-0037112,Jake Tonges,TE,SF,ARI,False,1.27,8.18,2.68,4.92,7.24,10.68,15.19,0.11,0.17,ppr,2026-09-22 13:17,"Pre-kickoff snapshot locked 2026-09-22 (all Week 3 games 9/24-9/28, none yet played). Live data refreshed same day (Sleeper live API blocked by sandbox proxy 403, fell back to committed snapshot - see data/fallback/README). Manual weekly-out overrides applied for confirmed Week 3 absences: Jayden Daniels (WAS QB, elbow, Mariota starting), David Njoku and Charlie Kolar (both LAC TE, placed on IR after Week 2, min 4 games) - all via multi-source web confirmation (ESPN/CBS/NFL.com/Chargers.com), not yet reflected in Sleeper's live feed.",/home/user/ffcc/output/draft_rankings/draft_rankings_2026_ppr.csv
2026,3,00-0040583,Woody Marks,RB,HOU,IND,False,0.91,8.16,1.31,4.04,6.82,11.74,17.86,0.18,0.1,ppr,2026-09-22 13:17,"Pre-kickoff snapshot locked 2026-09-22 (all Week 3 games 9/24-9/28, none yet played). Live data refreshed same day (Sleeper live API blocked by sandbox proxy 403, fell back to committed snapshot - see data/fallback/README). Manual weekly-out overrides applied for confirmed Week 3 absences: Jayden Daniels (WAS QB, elbow, Mariota starting), David Njoku and Charlie Kolar (both LAC TE, placed on IR after Week 2, min 4 games) - all via multi-source web confirmation (ESPN/CBS/NFL.com/Chargers.com), not yet reflected in Sleeper's live feed.",/home/user/ffcc/output/draft_rankings/draft_rankings_2026_ppr.csv
2026,3,00-0038976,Marvin Mims Jr.,WR,DEN,LA,False,1.03,8.13,0.95,3.78,6.65,11.11,17.02,0.2,0.07,ppr,2026-09-22 13:17,"Pre-kickoff snapshot locked 2026-09-22 (all Week 3 games 9/24-9/28, none yet played). Live data refreshed same day (Sleeper live API blocked by sandbox proxy 403, fell back to committed snapshot - see data/fallback/README). Manual weekly-out overrides applied for confirmed Week 3 absences: Jayden Daniels (WAS QB, elbow, Mariota starting), David Njoku and Charlie Kolar (both LAC TE, placed on IR after Week 2, min 4 games) - all via multi-source web confirmation (ESPN/CBS/NFL.com/Chargers.com), not yet reflected in Sleeper's live feed.",/home/user/ffcc/output/draft_rankings/draft_rankings_2026_ppr.csv
2026,3,00-0034829,Mike Gesicki,TE,CIN,PIT,False,1.25,8.12,2.53,4.83,7.16,10.44,14.97,0.12,0.17,ppr,2026-09-22 13:17,"Pre-kickoff snapshot locked 2026-09-22 (all Week 3 games 9/24-9/28, none yet played). Live data refreshed same day (Sleeper live API blocked by sandbox proxy 403, fell back to committed snapshot - see data/fallback/README). Manual weekly-out overrides applied for confirmed Week 3 absences: Jayden Daniels (WAS QB, elbow, Mariota starting), David Njoku and Charlie Kolar (both LAC TE, placed on IR after Week 2, min 4 games) - all via multi-source web confirmation (ESPN/CBS/NFL.com/Chargers.com), not yet reflected in Sleeper's live feed.",/home/user/ffcc/output/draft_rankings/draft_rankings_2026_ppr.csv
2026,3,00-0038935,Brenton Strange,TE,JAX,NE,False,1.1,8.1,2.5,4.8,7.13,10.3,15.11,0.12,0.17,ppr,2026-09-22 13:17,"Pre-kickoff snapshot locked 2026-09-22 (all Week 3 games 9/24-9/28, none yet played). Live data refreshed same day (Sleeper live API blocked by sandbox proxy 403, fell back to committed snapshot - see data/fallback/README). Manual weekly-out overrides applied for confirmed Week 3 absences: Jayden Daniels (WAS QB, elbow, Mariota starting), David Njoku and Charlie Kolar (both LAC TE, placed on IR after Week 2, min 4 games) - all via multi-source web confirmation (ESPN/CBS/NFL.com/Chargers.com), not yet reflected in Sleeper's live feed.",/home/user/ffcc/output/draft_rankings/draft_rankings_2026_ppr.csv
2026,3,00-0041547,KC Concepcion,WR,CLE,CAR,False,0.86,8.08,0.77,3.69,6.61,10.99,17.0,0.2,0.08,ppr,2026-09-22 13:17,"Pre-kickoff snapshot locked 2026-09-22 (all Week 3 games 9/24-9/28, none yet played). Live data refreshed same day (Sleeper live API blocked by sandbox proxy 403, fell back to committed snapshot - see data/fallback/README). Manual weekly-out overrides applied for confirmed Week 3 absences: Jayden Daniels (WAS QB, elbow, Mariota starting), David Njoku and Charlie Kolar (both LAC TE, placed on IR after Week 2, min 4 games) - all via multi-source web confirmation (ESPN/CBS/NFL.com/Chargers.com), not yet reflected in Sleeper's live feed.",/home/user/ffcc/output/draft_rankings/draft_rankings_2026_ppr.csv
2026,3,00-0038621,DeMario Douglas,WR,NE,JAX,False,1.02,8.08,0.7,3.57,6.57,11.03,16.73,0.21,0.07,ppr,2026-09-22 13:17,"Pre-kickoff snapshot locked 2026-09-22 (all Week 3 games 9/24-9/28, none yet played). Live data refreshed same day (Sleeper live API blocked by sandbox proxy 403, fell back to committed snapshot - see data/fallback/README). Manual weekly-out overrides applied for confirmed Week 3 absences: Jayden Daniels (WAS QB, elbow, Mariota starting), David Njoku and Charlie Kolar (both LAC TE, placed on IR after Week 2, min 4 games) - all via multi-source web confirmation (ESPN/CBS/NFL.com/Chargers.com), not yet reflected in Sleeper's live feed.",/home/user/ffcc/output/draft_rankings/draft_rankings_2026_ppr.csv
2026,3,00-0039901,Keon Coleman,WR,BUF,LAC,False,0.89,8.04,0.77,3.64,6.5,10.99,16.91,0.21,0.08,ppr,2026-09-22 13:17,"Pre-kickoff snapshot locked 2026-09-22 (all Week 3 games 9/24-9/28, none yet played). Live data refreshed same day (Sleeper live API blocked by sandbox proxy 403, fell back to committed snapshot - see data/fallback/README). Manual weekly-out overrides applied for confirmed Week 3 absences: Jayden Daniels (WAS QB, elbow, Mariota starting), David Njoku and Charlie Kolar (both LAC TE, placed on IR after Week 2, min 4 games) - all via multi-source web confirmation (ESPN/CBS/NFL.com/Chargers.com), not yet reflected in Sleeper's live feed.",/home/user/ffcc/output/draft_rankings/draft_rankings_2026_ppr.csv
2026,3,00-0029604,Kirk Cousins,QB,LV,NO,False,0.86,8.03,-1.24,2.71,8.45,14.62,19.75,0.26,0.1,ppr,2026-09-22 13:17,"Pre-kickoff snapshot locked 2026-09-22 (all Week 3 games 9/24-9/28, none yet played). Live data refreshed same day (Sleeper live API blocked by sandbox proxy 403, fell back to committed snapshot - see data/fallback/README). Manual weekly-out overrides applied for confirmed Week 3 absences: Jayden Daniels (WAS QB, elbow, Mariota starting), David Njoku and Charlie Kolar (both LAC TE, placed on IR after Week 2, min 4 games) - all via multi-source web confirmation (ESPN/CBS/NFL.com/Chargers.com), not yet reflected in Sleeper's live feed.",/home/user/ffcc/output/draft_rankings/draft_rankings_2026_ppr.csv
2026,3,00-0034975,Justice Hill,RB,BAL,DAL,False,1.13,8.01,1.19,3.83,6.59,11.33,17.48,0.19,0.09,ppr,2026-09-22 13:17,"Pre-kickoff snapshot locked 2026-09-22 (all Week 3 games 9/24-9/28, none yet played). Live data refreshed same day (Sleeper live API blocked by sandbox proxy 403, fell back to committed snapshot - see data/fallback/README). Manual weekly-out overrides applied for confirmed Week 3 absences: Jayden Daniels (WAS QB, elbow, Mariota starting), David Njoku and Charlie Kolar (both LAC TE, placed on IR after Week 2, min 4 games) - all via multi-source web confirmation (ESPN/CBS/NFL.com/Chargers.com), not yet reflected in Sleeper's live feed.",/home/user/ffcc/output/draft_rankings/draft_rankings_2026_ppr.csv
2026,3,00-0034771,Mason Rudolph,QB,PIT,CIN,False,1.13,7.99,-1.62,2.56,8.25,14.36,19.63,0.27,0.1,ppr,2026-09-22 13:17,"Pre-kickoff snapshot locked 2026-09-22 (all Week 3 games 9/24-9/28, none yet played). Live data refreshed same day (Sleeper live API blocked by sandbox proxy 403, fell back to committed snapshot - see data/fallback/README). Manual weekly-out overrides applied for confirmed Week 3 absences: Jayden Daniels (WAS QB, elbow, Mariota starting), David Njoku and Charlie Kolar (both LAC TE, placed on IR after Week 2, min 4 games) - all via multi-source web confirmation (ESPN/CBS/NFL.com/Chargers.com), not yet reflected in Sleeper's live feed.",/home/user/ffcc/output/draft_rankings/draft_rankings_2026_ppr.csv
2026,3,00-0038041,Jake Ferguson,TE,DAL,BAL,False,0.82,7.82,2.33,4.57,6.86,10.29,14.68,0.13,0.16,ppr,2026-09-22 13:17,"Pre-kickoff snapshot locked 2026-09-22 (all Week 3 games 9/24-9/28, none yet played). Live data refreshed same day (Sleeper live API blocked by sandbox proxy 403, fell back to committed snapshot - see data/fallback/README). Manual weekly-out overrides applied for confirmed Week 3 absences: Jayden Daniels (WAS QB, elbow, Mariota starting), David Njoku and Charlie Kolar (both LAC TE, placed on IR after Week 2, min 4 games) - all via multi-source web confirmation (ESPN/CBS/NFL.com/Chargers.com), not yet reflected in Sleeper's live feed.",/home/user/ffcc/output/draft_rankings/draft_rankings_2026_ppr.csv
2026,3,00-0041032,Kenyon Sadiq,TE,NYJ,DET,False,1.03,7.79,2.19,4.47,6.83,10.04,14.7,0.14,0.15,ppr,2026-09-22 13:17,"Pre-kickoff snapshot locked 2026-09-22 (all Week 3 games 9/24-9/28, none yet played). Live data refreshed same day (Sleeper live API blocked by sandbox proxy 403, fell back to committed snapshot - see data/fallback/README). Manual weekly-out overrides applied for confirmed Week 3 absences: Jayden Daniels (WAS QB, elbow, Mariota starting), David Njoku and Charlie Kolar (both LAC TE, placed on IR after Week 2, min 4 games) - all via multi-source web confirmation (ESPN/CBS/NFL.com/Chargers.com), not yet reflected in Sleeper's live feed.",/home/user/ffcc/output/draft_rankings/draft_rankings_2026_ppr.csv
2026,3,00-0032268,Marcus Mariota,QB,WAS,SEA,False,0.86,7.78,-1.57,2.51,8.12,14.31,19.8,0.27,0.1,ppr,2026-09-22 13:17,"Pre-kickoff snapshot locked 2026-09-22 (all Week 3 games 9/24-9/28, none yet played). Live data refreshed same day (Sleeper live API blocked by sandbox proxy 403, fell back to committed snapshot - see data/fallback/README). Manual weekly-out overrides applied for confirmed Week 3 absences: Jayden Daniels (WAS QB, elbow, Mariota starting), David Njoku and Charlie Kolar (both LAC TE, placed on IR after Week 2, min 4 games) - all via multi-source web confirmation (ESPN/CBS/NFL.com/Chargers.com), not yet reflected in Sleeper's live feed.",/home/user/ffcc/output/draft_rankings/draft_rankings_2026_ppr.csv
2026,3,00-0039424,Devaughn Vele,WR,NO,LV,False,1.09,7.77,0.6,3.38,6.29,10.63,16.5,0.22,0.07,ppr,2026-09-22 13:17,"Pre-kickoff snapshot locked 2026-09-22 (all Week 3 games 9/24-9/28, none yet played). Live data refreshed same day (Sleeper live API blocked by sandbox proxy 403, fell back to committed snapshot - see data/fallback/README). Manual weekly-out overrides applied for confirmed Week 3 absences: Jayden Daniels (WAS QB, elbow, Mariota starting), David Njoku and Charlie Kolar (both LAC TE, placed on IR after Week 2, min 4 games) - all via multi-source web confirmation (ESPN/CBS/NFL.com/Chargers.com), not yet reflected in Sleeper's live feed.",/home/user/ffcc/output/draft_rankings/draft_rankings_2026_ppr.csv
2026,3,00-0039890,Adonai Mitchell,WR,NYJ,DET,False,1.16,7.76,0.55,3.39,6.35,11.14,17.09,0.22,0.08,ppr,2026-09-22 13:17,"Pre-kickoff snapshot locked 2026-09-22 (all Week 3 games 9/24-9/28, none yet played). Live data refreshed same day (Sleeper live API blocked by sandbox proxy 403, fell back to committed snapshot - see data/fallback/README). Manual weekly-out overrides applied for confirmed Week 3 absences: Jayden Daniels (WAS QB, elbow, Mariota starting), David Njoku and Charlie Kolar (both LAC TE, placed on IR after Week 2, min 4 games) - all via multi-source web confirmation (ESPN/CBS/NFL.com/Chargers.com), not yet reflected in Sleeper's live feed.",/home/user/ffcc/output/draft_rankings/draft_rankings_2026_ppr.csv
2026,3,00-0038933,Dalton Kincaid,TE,BUF,LAC,False,0.79,7.75,2.31,4.47,6.8,10.1,14.76,0.13,0.16,ppr,2026-09-22 13:17,"Pre-kickoff snapshot locked 2026-09-22 (all Week 3 games 9/24-9/28, none yet played). Live data refreshed same day (Sleeper live API blocked by sandbox proxy 403, fell back to committed snapshot - see data/fallback/README). Manual weekly-out overrides applied for confirmed Week 3 absences: Jayden Daniels (WAS QB, elbow, Mariota starting), David Njoku and Charlie Kolar (both LAC TE, placed on IR after Week 2, min 4 games) - all via multi-source web confirmation (ESPN/CBS/NFL.com/Chargers.com), not yet reflected in Sleeper's live feed.",/home/user/ffcc/output/draft_rankings/draft_rankings_2026_ppr.csv
2026,3,00-0037809,Chig Okonkwo,TE,WAS,SEA,False,1.1,7.62,1.96,4.3,6.63,10.02,14.61,0.15,0.15,ppr,2026-09-22 13:17,"Pre-kickoff snapshot locked 2026-09-22 (all Week 3 games 9/24-9/28, none yet played). Live data refreshed same day (Sleeper live API blocked by sandbox proxy 403, fell back to committed snapshot - see data/fallback/README). Manual weekly-out overrides applied for confirmed Week 3 absences: Jayden Daniels (WAS QB, elbow, Mariota starting), David Njoku and Charlie Kolar (both LAC TE, placed on IR after Week 2, min 4 games) - all via multi-source web confirmation (ESPN/CBS/NFL.com/Chargers.com), not yet reflected in Sleeper's live feed.",/home/user/ffcc/output/draft_rankings/draft_rankings_2026_ppr.csv
2026,3,00-0037256,Rachaad White,RB,WAS,SEA,False,0.84,7.57,0.76,3.41,6.17,10.9,17.18,0.22,0.09,ppr,2026-09-22 13:17,"Pre-kickoff snapshot locked 2026-09-22 (all Week 3 games 9/24-9/28, none yet played). Live data refreshed same day (Sleeper live API blocked by sandbox proxy 403, fell back to committed snapshot - see data/fallback/README). Manual weekly-out overrides applied for confirmed Week 3 absences: Jayden Daniels (WAS QB, elbow, Mariota starting), David Njoku and Charlie Kolar (both LAC TE, placed on IR after Week 2, min 4 games) - all via multi-source web confirmation (ESPN/CBS/NFL.com/Chargers.com), not yet reflected in Sleeper's live feed.",/home/user/ffcc/output/draft_rankings/draft_rankings_2026_ppr.csv
2026,3,00-0030279,Keenan Allen,WR,IND,HOU,False,0.84,7.45,0.21,3.0,5.94,10.43,16.34,0.25,0.07,ppr,2026-09-22 13:17,"Pre-kickoff snapshot locked 2026-09-22 (all Week 3 games 9/24-9/28, none yet played). Live data refreshed same day (Sleeper live API blocked by sandbox proxy 403, fell back to committed snapshot - see data/fallback/README). Manual weekly-out overrides applied for confirmed Week 3 absences: Jayden Daniels (WAS QB, elbow, Mariota starting), David Njoku and Charlie Kolar (both LAC TE, placed on IR after Week 2, min 4 games) - all via multi-source web confirmation (ESPN/CBS/NFL.com/Chargers.com), not yet reflected in Sleeper's live feed.",/home/user/ffcc/output/draft_rankings/draft_rankings_2026_ppr.csv
2026,3,00-0038618,Xavier Hutchinson,WR,HOU,IND,False,1.17,7.36,-0.06,2.82,5.82,10.34,16.29,0.26,0.07,ppr,2026-09-22 13:17,"Pre-kickoff snapshot locked 2026-09-22 (all Week 3 games 9/24-9/28, none yet played). Live data refreshed same day (Sleeper live API blocked by sandbox proxy 403, fell back to committed snapshot - see data/fallback/README). Manual weekly-out overrides applied for confirmed Week 3 absences: Jayden Daniels (WAS QB, elbow, Mariota starting), David Njoku and Charlie Kolar (both LAC TE, placed on IR after Week 2, min 4 games) - all via multi-source web confirmation (ESPN/CBS/NFL.com/Chargers.com), not yet reflected in Sleeper's live feed.",/home/user/ffcc/output/draft_rankings/draft_rankings_2026_ppr.csv
2026,3,00-0041511,Omar Cooper,WR,NYJ,DET,False,1.16,7.35,0.07,2.91,5.86,10.12,16.12,0.26,0.07,ppr,2026-09-22 13:17,"Pre-kickoff snapshot locked 2026-09-22 (all Week 3 games 9/24-9/28, none yet played). Live data refreshed same day (Sleeper live API blocked by sandbox proxy 403, fell back to committed snapshot - see data/fallback/README). Manual weekly-out overrides applied for confirmed Week 3 absences: Jayden Daniels (WAS QB, elbow, Mariota starting), David Njoku and Charlie Kolar (both LAC TE, placed on IR after Week 2, min 4 games) - all via multi-source web confirmation (ESPN/CBS/NFL.com/Chargers.com), not yet reflected in Sleeper's live feed.",/home/user/ffcc/output/draft_rankings/draft_rankings_2026_ppr.csv
2026,3,00-0038996,Tucker Kraft,TE,GB,ATL,False,0.77,7.34,1.88,4.08,6.44,9.81,14.33,0.16,0.14,ppr,2026-09-22 13:17,"Pre-kickoff snapshot locked 2026-09-22 (all Week 3 games 9/24-9/28, none yet played). Live data refreshed same day (Sleeper live API blocked by sandbox proxy 403, fell back to committed snapshot - see data/fallback/README). Manual weekly-out overrides applied for confirmed Week 3 absences: Jayden Daniels (WAS QB, elbow, Mariota starting), David Njoku and Charlie Kolar (both LAC TE, placed on IR after Week 2, min 4 games) - all via multi-source web confirmation (ESPN/CBS/NFL.com/Chargers.com), not yet reflected in Sleeper's live feed.",/home/user/ffcc/output/draft_rankings/draft_rankings_2026_ppr.csv
2026,3,00-0036212,Tua Tagovailoa,QB,ATL,GB,False,0.92,7.28,-1.97,2.01,7.7,13.61,19.0,0.29,0.09,ppr,2026-09-22 13:17,"Pre-kickoff snapshot locked 2026-09-22 (all Week 3 games 9/24-9/28, none yet played). Live data refreshed same day (Sleeper live API blocked by sandbox proxy 403, fell back to committed snapshot - see data/fallback/README). Manual weekly-out overrides applied for confirmed Week 3 absences: Jayden Daniels (WAS QB, elbow, Mariota starting), David Njoku and Charlie Kolar (both LAC TE, placed on IR after Week 2, min 4 games) - all via multi-source web confirmation (ESPN/CBS/NFL.com/Chargers.com), not yet reflected in Sleeper's live feed.",/home/user/ffcc/output/draft_rankings/draft_rankings_2026_ppr.csv
2026,3,00-0039811,MarShawn Lloyd,RB,GB,ATL,False,0.98,7.28,0.28,3.0,5.82,10.59,16.47,0.25,0.08,ppr,2026-09-22 13:17,"Pre-kickoff snapshot locked 2026-09-22 (all Week 3 games 9/24-9/28, none yet played). Live data refreshed same day (Sleeper live API blocked by sandbox proxy 403, fell back to committed snapshot - see data/fallback/README). Manual weekly-out overrides applied for confirmed Week 3 absences: Jayden Daniels (WAS QB, elbow, Mariota starting), David Njoku and Charlie Kolar (both LAC TE, placed on IR after Week 2, min 4 games) - all via multi-source web confirmation (ESPN/CBS/NFL.com/Chargers.com), not yet reflected in Sleeper's live feed.",/home/user/ffcc/output/draft_rankings/draft_rankings_2026_ppr.csv
2026,3,00-0036244,Colby Parkinson,TE,LA,DEN,False,1.03,7.27,1.62,3.91,6.19,9.56,14.2,0.18,0.14,ppr,2026-09-22 13:17,"Pre-kickoff snapshot locked 2026-09-22 (all Week 3 games 9/24-9/28, none yet played). Live data refreshed same day (Sleeper live API blocked by sandbox proxy 403, fell back to committed snapshot - see data/fallback/README). Manual weekly-out overrides applied for confirmed Week 3 absences: Jayden Daniels (WAS QB, elbow, Mariota starting), David Njoku and Charlie Kolar (both LAC TE, placed on IR after Week 2, min 4 games) - all via multi-source web confirmation (ESPN/CBS/NFL.com/Chargers.com), not yet reflected in Sleeper's live feed.",/home/user/ffcc/output/draft_rankings/draft_rankings_2026_ppr.csv
2026,3,00-0031503,Jameis Winston,QB,NYG,TEN,False,1.17,7.26,-2.0,1.98,7.71,13.79,18.96,0.3,0.09,ppr,2026-09-22 13:17,"Pre-kickoff snapshot locked 2026-09-22 (all Week 3 games 9/24-9/28, none yet played). Live data refreshed same day (Sleeper live API blocked by sandbox proxy 403, fell back to committed snapshot - see data/fallback/README). Manual weekly-out overrides applied for confirmed Week 3 absences: Jayden Daniels (WAS QB, elbow, Mariota starting), David Njoku and Charlie Kolar (both LAC TE, placed on IR after Week 2, min 4 games) - all via multi-source web confirmation (ESPN/CBS/NFL.com/Chargers.com), not yet reflected in Sleeper's live feed.",/home/user/ffcc/output/draft_rankings/draft_rankings_2026_ppr.csv
2026,3,00-0038558,Darnell Washington,TE,PIT,CIN,False,1.57,7.25,1.89,4.04,6.28,9.54,13.95,0.17,0.13,ppr,2026-09-22 13:17,"Pre-kickoff snapshot locked 2026-09-22 (all Week 3 games 9/24-9/28, none yet played). Live data refreshed same day (Sleeper live API blocked by sandbox proxy 403, fell back to committed snapshot - see data/fallback/README). Manual weekly-out overrides applied for confirmed Week 3 absences: Jayden Daniels (WAS QB, elbow, Mariota starting), David Njoku and Charlie Kolar (both LAC TE, placed on IR after Week 2, min 4 games) - all via multi-source web confirmation (ESPN/CBS/NFL.com/Chargers.com), not yet reflected in Sleeper's live feed.",/home/user/ffcc/output/draft_rankings/draft_rankings_2026_ppr.csv
2026,3,00-0039384,Tyrone Tracy Jr.,RB,NYG,TEN,False,0.97,7.24,0.42,3.11,5.82,10.64,16.96,0.24,0.08,ppr,2026-09-22 13:17,"Pre-kickoff snapshot locked 2026-09-22 (all Week 3 games 9/24-9/28, none yet played). Live data refreshed same day (Sleeper live API blocked by sandbox proxy 403, fell back to committed snapshot - see data/fallback/README). Manual weekly-out overrides applied for confirmed Week 3 absences: Jayden Daniels (WAS QB, elbow, Mariota starting), David Njoku and Charlie Kolar (both LAC TE, placed on IR after Week 2, min 4 games) - all via multi-source web confirmation (ESPN/CBS/NFL.com/Chargers.com), not yet reflected in Sleeper's live feed.",/home/user/ffcc/output/draft_rankings/draft_rankings_2026_ppr.csv
2026,3,00-0039792,Devontez Walker,WR,BAL,DAL,False,1.28,7.18,-0.06,2.67,5.78,10.35,16.12,0.27,0.06,ppr,2026-09-22 13:17,"Pre-kickoff snapshot locked 2026-09-22 (all Week 3 games 9/24-9/28, none yet played). Live data refreshed same day (Sleeper live API blocked by sandbox proxy 403, fell back to committed snapshot - see data/fallback/README). Manual weekly-out overrides applied for confirmed Week 3 absences: Jayden Daniels (WAS QB, elbow, Mariota starting), David Njoku and Charlie Kolar (both LAC TE, placed on IR after Week 2, min 4 games) - all via multi-source web confirmation (ESPN/CBS/NFL.com/Chargers.com), not yet reflected in Sleeper's live feed.",/home/user/ffcc/output/draft_rankings/draft_rankings_2026_ppr.csv
2026,3,00-0040126,Colston Loveland,TE,CHI,PHI,False,0.63,7.17,1.64,3.79,6.1,9.38,13.89,0.18,0.13,ppr,2026-09-22 13:17,"Pre-kickoff snapshot locked 2026-09-22 (all Week 3 games 9/24-9/28, none yet played). Live data refreshed same day (Sleeper live API blocked by sandbox proxy 403, fell back to committed snapshot - see data/fallback/README). Manual weekly-out overrides applied for confirmed Week 3 absences: Jayden Daniels (WAS QB, elbow, Mariota starting), David Njoku and Charlie Kolar (both LAC TE, placed on IR after Week 2, min 4 games) - all via multi-source web confirmation (ESPN/CBS/NFL.com/Chargers.com), not yet reflected in Sleeper's live feed.",/home/user/ffcc/output/draft_rankings/draft_rankings_2026_ppr.csv
2026,3,00-0041052,Kaelon Black,RB,SF,ARI,False,1.19,7.12,0.38,3.03,5.73,10.65,16.81,0.25,0.08,ppr,2026-09-22 13:17,"Pre-kickoff snapshot locked 2026-09-22 (all Week 3 games 9/24-9/28, none yet played). Live data refreshed same day (Sleeper live API blocked by sandbox proxy 403, fell back to committed snapshot - see data/fallback/README). Manual weekly-out overrides applied for confirmed Week 3 absences: Jayden Daniels (WAS QB, elbow, Mariota starting), David Njoku and Charlie Kolar (both LAC TE, placed on IR after Week 2, min 4 games) - all via multi-source web confirmation (ESPN/CBS/NFL.com/Chargers.com), not yet reflected in Sleeper's live feed.",/home/user/ffcc/output/draft_rankings/draft_rankings_2026_ppr.csv
2026,3,00-0038393,Dontayvion Wicks,WR,PHI,CHI,False,1.18,6.98,-0.22,2.56,5.42,10.05,15.93,0.29,0.06,ppr,2026-09-22 13:17,"Pre-kickoff snapshot locked 2026-09-22 (all Week 3 games 9/24-9/28, none yet played). Live data refreshed same day (Sleeper live API blocked by sandbox proxy 403, fell back to committed snapshot - see data/fallback/README). Manual weekly-out overrides applied for confirmed Week 3 absences: Jayden Daniels (WAS QB, elbow, Mariota starting), David Njoku and Charlie Kolar (both LAC TE, placed on IR after Week 2, min 4 games) - all via multi-source web confirmation (ESPN/CBS/NFL.com/Chargers.com), not yet reflected in Sleeper's live feed.",/home/user/ffcc/output/draft_rankings/draft_rankings_2026_ppr.csv
2026,3,00-0033555,Mack Hollins,WR,NE,JAX,False,1.02,6.95,-0.3,2.57,5.47,9.91,16.0,0.29,0.07,ppr,2026-09-22 13:17,"Pre-kickoff snapshot locked 2026-09-22 (all Week 3 games 9/24-9/28, none yet played). Live data refreshed same day (Sleeper live API blocked by sandbox proxy 403, fell back to committed snapshot - see data/fallback/README). Manual weekly-out overrides applied for confirmed Week 3 absences: Jayden Daniels (WAS QB, elbow, Mariota starting), David Njoku and Charlie Kolar (both LAC TE, placed on IR after Week 2, min 4 games) - all via multi-source web confirmation (ESPN/CBS/NFL.com/Chargers.com), not yet reflected in Sleeper's live feed.",/home/user/ffcc/output/draft_rankings/draft_rankings_2026_ppr.csv
2026,3,00-0036040,Juwan Johnson,TE,NO,LV,False,0.76,6.95,1.36,3.58,5.96,9.29,13.97,0.2,0.13,ppr,2026-09-22 13:17,"Pre-kickoff snapshot locked 2026-09-22 (all Week 3 games 9/24-9/28, none yet played). Live data refreshed same day (Sleeper live API blocked by sandbox proxy 403, fell back to committed snapshot - see data/fallback/README). Manual weekly-out overrides applied for confirmed Week 3 absences: Jayden Daniels (WAS QB, elbow, Mariota starting), David Njoku and Charlie Kolar (both LAC TE, placed on IR after Week 2, min 4 games) - all via multi-source web confirmation (ESPN/CBS/NFL.com/Chargers.com), not yet reflected in Sleeper's live feed.",/home/user/ffcc/output/draft_rankings/draft_rankings_2026_ppr.csv
2026,3,00-0037197,Isiah Pacheco,RB,DET,NYJ,False,1.27,6.92,0.13,2.83,5.53,10.24,16.14,0.26,0.07,ppr,2026-09-22 13:17,"Pre-kickoff snapshot locked 2026-09-22 (all Week 3 games 9/24-9/28, none yet played). Live data refreshed same day (Sleeper live API blocked by sandbox proxy 403, fell back to committed snapshot - see data/fallback/README). Manual weekly-out overrides applied for confirmed Week 3 absences: Jayden Daniels (WAS QB, elbow, Mariota starting), David Njoku and Charlie Kolar (both LAC TE, placed on IR after Week 2, min 4 games) - all via multi-source web confirmation (ESPN/CBS/NFL.com/Chargers.com), not yet reflected in Sleeper's live feed.",/home/user/ffcc/output/draft_rankings/draft_rankings_2026_ppr.csv
2026,3,00-0037838,Isaiah Likely,TE,NYG,TEN,False,1.06,6.9,1.53,3.73,6.0,9.34,13.89,0.19,0.13,ppr,2026-09-22 13:17,"Pre-kickoff snapshot locked 2026-09-22 (all Week 3 games 9/24-9/28, none yet played). Live data refreshed same day (Sleeper live API blocked by sandbox proxy 403, fell back to committed snapshot - see data/fallback/README). Manual weekly-out overrides applied for confirmed Week 3 absences: Jayden Daniels (WAS QB, elbow, Mariota starting), David Njoku and Charlie Kolar (both LAC TE, placed on IR after Week 2, min 4 games) - all via multi-source web confirmation (ESPN/CBS/NFL.com/Chargers.com), not yet reflected in Sleeper's live feed.",/home/user/ffcc/output/draft_rankings/draft_rankings_2026_ppr.csv
2026,3,00-0039342,Xavier Legette,WR,CAR,CLE,False,0.87,6.86,-0.45,2.39,5.31,9.81,15.84,0.3,0.06,ppr,2026-09-22 13:17,"Pre-kickoff snapshot locked 2026-09-22 (all Week 3 games 9/24-9/28, none yet played). Live data refreshed same day (Sleeper live API blocked by sandbox proxy 403, fell back to committed snapshot - see data/fallback/README). Manual weekly-out overrides applied for confirmed Week 3 absences: Jayden Daniels (WAS QB, elbow, Mariota starting), David Njoku and Charlie Kolar (both LAC TE, placed on IR after Week 2, min 4 games) - all via multi-source web confirmation (ESPN/CBS/NFL.com/Chargers.com), not yet reflected in Sleeper's live feed.",/home/user/ffcc/output/draft_rankings/draft_rankings_2026_ppr.csv
2026,3,00-0035662,Marquise Brown,WR,PHI,CHI,False,1.18,6.85,-0.54,2.35,5.4,9.85,15.75,0.3,0.06,ppr,2026-09-22 13:17,"Pre-kickoff snapshot locked 2026-09-22 (all Week 3 games 9/24-9/28, none yet played). Live data refreshed same day (Sleeper live API blocked by sandbox proxy 403, fell back to committed snapshot - see data/fallback/README). Manual weekly-out overrides applied for confirmed Week 3 absences: Jayden Daniels (WAS QB, elbow, Mariota starting), David Njoku and Charlie Kolar (both LAC TE, placed on IR after Week 2, min 4 games) - all via multi-source web confirmation (ESPN/CBS/NFL.com/Chargers.com), not yet reflected in Sleeper's live feed.",/home/user/ffcc/output/draft_rankings/draft_rankings_2026_ppr.csv
2026,3,00-0040242,Jacory Croskey-Merritt,RB,WAS,SEA,False,0.84,6.82,-0.08,2.63,5.42,10.28,16.23,0.28,0.07,ppr,2026-09-22 13:17,"Pre-kickoff snapshot locked 2026-09-22 (all Week 3 games 9/24-9/28, none yet played). Live data refreshed same day (Sleeper live API blocked by sandbox proxy 403, fell back to committed snapshot - see data/fallback/README). Manual weekly-out overrides applied for confirmed Week 3 absences: Jayden Daniels (WAS QB, elbow, Mariota starting), David Njoku and Charlie Kolar (both LAC TE, placed on IR after Week 2, min 4 games) - all via multi-source web confirmation (ESPN/CBS/NFL.com/Chargers.com), not yet reflected in Sleeper's live feed.",/home/user/ffcc/output/draft_rankings/draft_rankings_2026_ppr.csv
2026,3,00-0040705,Chimere Dike,WR,TEN,NYG,False,1.1,6.79,-0.37,2.44,5.49,9.87,15.87,0.3,0.06,ppr,2026-09-22 13:17,"Pre-kickoff snapshot locked 2026-09-22 (all Week 3 games 9/24-9/28, none yet played). Live data refreshed same day (Sleeper live API blocked by sandbox proxy 403, fell back to committed snapshot - see data/fallback/README). Manual weekly-out overrides applied for confirmed Week 3 absences: Jayden Daniels (WAS QB, elbow, Mariota starting), David Njoku and Charlie Kolar (both LAC TE, placed on IR after Week 2, min 4 games) - all via multi-source web confirmation (ESPN/CBS/NFL.com/Chargers.com), not yet reflected in Sleeper's live feed.",/home/user/ffcc/output/draft_rankings/draft_rankings_2026_ppr.csv
2026,3,00-0041037,Denzel Boston,WR,CLE,CAR,False,0.86,6.62,-0.5,2.23,5.03,9.45,15.22,0.31,0.06,ppr,2026-09-22 13:17,"Pre-kickoff snapshot locked 2026-09-22 (all Week 3 games 9/24-9/28, none yet played). Live data refreshed same day (Sleeper live API blocked by sandbox proxy 403, fell back to committed snapshot - see data/fallback/README). Manual weekly-out overrides applied for confirmed Week 3 absences: Jayden Daniels (WAS QB, elbow, Mariota starting), David Njoku and Charlie Kolar (both LAC TE, placed on IR after Week 2, min 4 games) - all via multi-source web confirmation (ESPN/CBS/NFL.com/Chargers.com), not yet reflected in Sleeper's live feed.",/home/user/ffcc/output/draft_rankings/draft_rankings_2026_ppr.csv
2026,3,00-0037525,Jordan Mason,RB,MIN,TB,False,1.0,6.59,-0.23,2.38,5.19,10.04,16.32,0.3,0.08,ppr,2026-09-22 13:17,"Pre-kickoff snapshot locked 2026-09-22 (all Week 3 games 9/24-9/28, none yet played). Live data refreshed same day (Sleeper live API blocked by sandbox proxy 403, fell back to committed snapshot - see data/fallback/README). Manual weekly-out overrides applied for confirmed Week 3 absences: Jayden Daniels (WAS QB, elbow, Mariota starting), David Njoku and Charlie Kolar (both LAC TE, placed on IR after Week 2, min 4 games) - all via multi-source web confirmation (ESPN/CBS/NFL.com/Chargers.com), not yet reflected in Sleeper's live feed.",/home/user/ffcc/output/draft_rankings/draft_rankings_2026_ppr.csv
2026,3,00-0038454,Keaton Mitchell,RB,LAC,BUF,False,1.09,6.57,-0.23,2.4,5.1,9.94,16.3,0.3,0.08,ppr,2026-09-22 13:17,"Pre-kickoff snapshot locked 2026-09-22 (all Week 3 games 9/24-9/28, none yet played). Live data refreshed same day (Sleeper live API blocked by sandbox proxy 403, fell back to committed snapshot - see data/fallback/README). Manual weekly-out overrides applied for confirmed Week 3 absences: Jayden Daniels (WAS QB, elbow, Mariota starting), David Njoku and Charlie Kolar (both LAC TE, placed on IR after Week 2, min 4 games) - all via multi-source web confirmation (ESPN/CBS/NFL.com/Chargers.com), not yet reflected in Sleeper's live feed.",/home/user/ffcc/output/draft_rankings/draft_rankings_2026_ppr.csv
2026,3,00-0039880,Malik Washington,WR,MIA,KC,False,0.89,6.57,-0.68,2.16,5.06,9.64,15.51,0.32,0.06,ppr,2026-09-22 13:17,"Pre-kickoff snapshot locked 2026-09-22 (all Week 3 games 9/24-9/28, none yet played). Live data refreshed same day (Sleeper live API blocked by sandbox proxy 403, fell back to committed snapshot - see data/fallback/README). Manual weekly-out overrides applied for confirmed Week 3 absences: Jayden Daniels (WAS QB, elbow, Mariota starting), David Njoku and Charlie Kolar (both LAC TE, placed on IR after Week 2, min 4 games) - all via multi-source web confirmation (ESPN/CBS/NFL.com/Chargers.com), not yet reflected in Sleeper's live feed.",/home/user/ffcc/output/draft_rankings/draft_rankings_2026_ppr.csv
2026,3,00-0038797,Emanuel Wilson,RB,SEA,WAS,False,1.16,6.56,-0.3,2.35,5.08,10.02,16.09,0.31,0.07,ppr,2026-09-22 13:17,"Pre-kickoff snapshot locked 2026-09-22 (all Week 3 games 9/24-9/28, none yet played). Live data refreshed same day (Sleeper live API blocked by sandbox proxy 403, fell back to committed snapshot - see data/fallback/README). Manual weekly-out overrides applied for confirmed Week 3 absences: Jayden Daniels (WAS QB, elbow, Mariota starting), David Njoku and Charlie Kolar (both LAC TE, placed on IR after Week 2, min 4 games) - all via multi-source web confirmation (ESPN/CBS/NFL.com/Chargers.com), not yet reflected in Sleeper's live feed.",/home/user/ffcc/output/draft_rankings/draft_rankings_2026_ppr.csv
2026,3,00-0040669,Isaac TeSlaa,WR,DET,NYJ,False,0.99,6.56,-0.81,2.08,5.09,9.57,15.46,0.32,0.06,ppr,2026-09-22 13:17,"Pre-kickoff snapshot locked 2026-09-22 (all Week 3 games 9/24-9/28, none yet played). Live data refreshed same day (Sleeper live API blocked by sandbox proxy 403, fell back to committed snapshot - see data/fallback/README). Manual weekly-out overrides applied for confirmed Week 3 absences: Jayden Daniels (WAS QB, elbow, Mariota starting), David Njoku and Charlie Kolar (both LAC TE, placed on IR after Week 2, min 4 games) - all via multi-source web confirmation (ESPN/CBS/NFL.com/Chargers.com), not yet reflected in Sleeper's live feed.",/home/user/ffcc/output/draft_rankings/draft_rankings_2026_ppr.csv
2026,3,00-0033307,Kendrick Bourne,WR,ARI,SF,False,1.04,6.54,-0.72,2.08,4.97,9.46,15.47,0.33,0.06,ppr,2026-09-22 13:17,"Pre-kickoff snapshot locked 2026-09-22 (all Week 3 games 9/24-9/28, none yet played). Live data refreshed same day (Sleeper live API blocked by sandbox proxy 403, fell back to committed snapshot - see data/fallback/README). Manual weekly-out overrides applied for confirmed Week 3 absences: Jayden Daniels (WAS QB, elbow, Mariota starting), David Njoku and Charlie Kolar (both LAC TE, placed on IR after Week 2, min 4 games) - all via multi-source web confirmation (ESPN/CBS/NFL.com/Chargers.com), not yet reflected in Sleeper's live feed.",/home/user/ffcc/output/draft_rankings/draft_rankings_2026_ppr.csv
2026,3,00-0040648,Tory Horton,WR,SEA,WAS,False,1.13,6.53,-0.86,2.12,4.98,9.53,15.44,0.32,0.06,ppr,2026-09-22 13:17,"Pre-kickoff snapshot locked 2026-09-22 (all Week 3 games 9/24-9/28, none yet played). Live data refreshed same day (Sleeper live API blocked by sandbox proxy 403, fell back to committed snapshot - see data/fallback/README). Manual weekly-out overrides applied for confirmed Week 3 absences: Jayden Daniels (WAS QB, elbow, Mariota starting), David Njoku and Charlie Kolar (both LAC TE, placed on IR after Week 2, min 4 games) - all via multi-source web confirmation (ESPN/CBS/NFL.com/Chargers.com), not yet reflected in Sleeper's live feed.",/home/user/ffcc/output/draft_rankings/draft_rankings_2026_ppr.csv
2026,3,00-0039376,Spencer Rattler,QB,NO,LV,False,0.99,6.47,-2.0,1.06,6.66,13.06,18.37,0.34,0.08,ppr,2026-09-22 13:17,"Pre-kickoff snapshot locked 2026-09-22 (all Week 3 games 9/24-9/28, none yet played). Live data refreshed same day (Sleeper live API blocked by sandbox proxy 403, fell back to committed snapshot - see data/fallback/README). Manual weekly-out overrides applied for confirmed Week 3 absences: Jayden Daniels (WAS QB, elbow, Mariota starting), David Njoku and Charlie Kolar (both LAC TE, placed on IR after Week 2, min 4 games) - all via multi-source web confirmation (ESPN/CBS/NFL.com/Chargers.com), not yet reflected in Sleeper's live feed.",/home/user/ffcc/output/draft_rankings/draft_rankings_2026_ppr.csv
2026,3,00-0039868,Troy Franklin,WR,DEN,LA,False,1.03,6.43,-0.76,1.92,4.84,9.18,14.96,0.34,0.05,ppr,2026-09-22 13:17,"Pre-kickoff snapshot locked 2026-09-22 (all Week 3 games 9/24-9/28, none yet played). Live data refreshed same day (Sleeper live API blocked by sandbox proxy 403, fell back to committed snapshot - see data/fallback/README). Manual weekly-out overrides applied for confirmed Week 3 absences: Jayden Daniels (WAS QB, elbow, Mariota starting), David Njoku and Charlie Kolar (both LAC TE, placed on IR after Week 2, min 4 games) - all via multi-source web confirmation (ESPN/CBS/NFL.com/Chargers.com), not yet reflected in Sleeper's live feed.",/home/user/ffcc/output/draft_rankings/draft_rankings_2026_ppr.csv
2026,3,00-0039855,Jalen McMillan,WR,TB,MIN,False,0.77,6.43,-0.72,2.01,4.88,9.5,15.32,0.33,0.05,ppr,2026-09-22 13:17,"Pre-kickoff snapshot locked 2026-09-22 (all Week 3 games 9/24-9/28, none yet played). Live data refreshed same day (Sleeper live API blocked by sandbox proxy 403, fell back to committed snapshot - see data/fallback/README). Manual weekly-out overrides applied for confirmed Week 3 absences: Jayden Daniels (WAS QB, elbow, Mariota starting), David Njoku and Charlie Kolar (both LAC TE, placed on IR after Week 2, min 4 games) - all via multi-source web confirmation (ESPN/CBS/NFL.com/Chargers.com), not yet reflected in Sleeper's live feed.",/home/user/ffcc/output/draft_rankings/draft_rankings_2026_ppr.csv
2026,3,00-0041035,De'Zhaun Stribling,WR,SF,ARI,False,0.98,6.42,-0.9,1.88,4.9,9.46,15.45,0.34,0.06,ppr,2026-09-22 13:17,"Pre-kickoff snapshot locked 2026-09-22 (all Week 3 games 9/24-9/28, none yet played). Live data refreshed same day (Sleeper live API blocked by sandbox proxy 403, fell back to committed snapshot - see data/fallback/README). Manual weekly-out overrides applied for confirmed Week 3 absences: Jayden Daniels (WAS QB, elbow, Mariota starting), David Njoku and Charlie Kolar (both LAC TE, placed on IR after Week 2, min 4 games) - all via multi-source web confirmation (ESPN/CBS/NFL.com/Chargers.com), not yet reflected in Sleeper's live feed.",/home/user/ffcc/output/draft_rankings/draft_rankings_2026_ppr.csv
2026,3,00-0039398,Joe Milton III,QB,DAL,BAL,False,1.09,6.42,-2.0,0.99,6.7,12.91,18.19,0.34,0.08,ppr,2026-09-22 13:17,"Pre-kickoff snapshot locked 2026-09-22 (all Week 3 games 9/24-9/28, none yet played). Live data refreshed same day (Sleeper live API blocked by sandbox proxy 403, fell back to committed snapshot - see data/fallback/README). Manual weekly-out overrides applied for confirmed Week 3 absences: Jayden Daniels (WAS QB, elbow, Mariota starting), David Njoku and Charlie Kolar (both LAC TE, placed on IR after Week 2, min 4 games) - all via multi-source web confirmation (ESPN/CBS/NFL.com/Chargers.com), not yet reflected in Sleeper's live feed.",/home/user/ffcc/output/draft_rankings/draft_rankings_2026_ppr.csv
2026,3,00-0037746,Brian Robinson,RB,ATL,GB,False,0.98,6.41,-0.44,2.2,4.96,9.74,16.03,0.32,0.07,ppr,2026-09-22 13:17,"Pre-kickoff snapshot locked 2026-09-22 (all Week 3 games 9/24-9/28, none yet played). Live data refreshed same day (Sleeper live API blocked by sandbox proxy 403, fell back to committed snapshot - see data/fallback/README). Manual weekly-out overrides applied for confirmed Week 3 absences: Jayden Daniels (WAS QB, elbow, Mariota starting), David Njoku and Charlie Kolar (both LAC TE, placed on IR after Week 2, min 4 games) - all via multi-source web confirmation (ESPN/CBS/NFL.com/Chargers.com), not yet reflected in Sleeper's live feed.",/home/user/ffcc/output/draft_rankings/draft_rankings_2026_ppr.csv
2026,3,00-0036898,Davis Mills,QB,HOU,IND,False,1.04,6.41,-2.0,1.21,6.79,12.77,18.19,0.33,0.08,ppr,2026-09-22 13:17,"Pre-kickoff snapshot locked 2026-09-22 (all Week 3 games 9/24-9/28, none yet played). Live data refreshed same day (Sleeper live API blocked by sandbox proxy 403, fell back to committed snapshot - see data/fallback/README). Manual weekly-out overrides applied for confirmed Week 3 absences: Jayden Daniels (WAS QB, elbow, Mariota starting), David Njoku and Charlie Kolar (both LAC TE, placed on IR after Week 2, min 4 games) - all via multi-source web confirmation (ESPN/CBS/NFL.com/Chargers.com), not yet reflected in Sleeper's live feed.",/home/user/ffcc/output/draft_rankings/draft_rankings_2026_ppr.csv
2026,3,00-0041042,Malachi Fields,WR,NYG,TEN,False,1.16,6.41,-0.89,1.91,4.87,9.25,15.37,0.34,0.06,ppr,2026-09-22 13:17,"Pre-kickoff snapshot locked 2026-09-22 (all Week 3 games 9/24-9/28, none yet played). Live data refreshed same day (Sleeper live API blocked by sandbox proxy 403, fell back to committed snapshot - see data/fallback/README). Manual weekly-out overrides applied for confirmed Week 3 absences: Jayden Daniels (WAS QB, elbow, Mariota starting), David Njoku and Charlie Kolar (both LAC TE, placed on IR after Week 2, min 4 games) - all via multi-source web confirmation (ESPN/CBS/NFL.com/Chargers.com), not yet reflected in Sleeper's live feed.",/home/user/ffcc/output/draft_rankings/draft_rankings_2026_ppr.csv
2026,3,00-0033949,Joshua Dobbs,QB,DET,NYJ,False,1.22,6.38,-2.0,0.79,6.54,12.62,18.08,0.35,0.08,ppr,2026-09-22 13:17,"Pre-kickoff snapshot locked 2026-09-22 (all Week 3 games 9/24-9/28, none yet played). Live data refreshed same day (Sleeper live API blocked by sandbox proxy 403, fell back to committed snapshot - see data/fallback/README). Manual weekly-out overrides applied for confirmed Week 3 absences: Jayden Daniels (WAS QB, elbow, Mariota starting), David Njoku and Charlie Kolar (both LAC TE, placed on IR after Week 2, min 4 games) - all via multi-source web confirmation (ESPN/CBS/NFL.com/Chargers.com), not yet reflected in Sleeper's live feed.",/home/user/ffcc/output/draft_rankings/draft_rankings_2026_ppr.csv
2026,3,00-0039391,Kimani Vidal,RB,LAC,BUF,False,1.09,6.32,-0.44,2.17,4.92,9.68,15.6,0.32,0.07,ppr,2026-09-22 13:17,"Pre-kickoff snapshot locked 2026-09-22 (all Week 3 games 9/24-9/28, none yet played). Live data refreshed same day (Sleeper live API blocked by sandbox proxy 403, fell back to committed snapshot - see data/fallback/README). Manual weekly-out overrides applied for confirmed Week 3 absences: Jayden Daniels (WAS QB, elbow, Mariota starting), David Njoku and Charlie Kolar (both LAC TE, placed on IR after Week 2, min 4 games) - all via multi-source web confirmation (ESPN/CBS/NFL.com/Chargers.com), not yet reflected in Sleeper's live feed.",/home/user/ffcc/output/draft_rankings/draft_rankings_2026_ppr.csv
2026,3,00-0040021,Phil Mafah,RB,NYG,TEN,False,0.97,6.32,-0.53,2.14,4.85,9.67,16.02,0.32,0.07,ppr,2026-09-22 13:17,"Pre-kickoff snapshot locked 2026-09-22 (all Week 3 games 9/24-9/28, none yet played). Live data refreshed same day (Sleeper live API blocked by sandbox proxy 403, fell back to committed snapshot - see data/fallback/README). Manual weekly-out overrides applied for confirmed Week 3 absences: Jayden Daniels (WAS QB, elbow, Mariota starting), David Njoku and Charlie Kolar (both LAC TE, placed on IR after Week 2, min 4 games) - all via multi-source web confirmation (ESPN/CBS/NFL.com/Chargers.com), not yet reflected in Sleeper's live feed.",/home/user/ffcc/output/draft_rankings/draft_rankings_2026_ppr.csv
2026,3,00-0040170,Elic Ayomanor,WR,TEN,NYG,False,1.1,6.31,-1.06,1.77,4.77,9.15,15.24,0.35,0.06,ppr,2026-09-22 13:17,"Pre-kickoff snapshot locked 2026-09-22 (all Week 3 games 9/24-9/28, none yet played). Live data refreshed same day (Sleeper live API blocked by sandbox proxy 403, fell back to committed snapshot - see data/fallback/README). Manual weekly-out overrides applied for confirmed Week 3 absences: Jayden Daniels (WAS QB, elbow, Mariota starting), David Njoku and Charlie Kolar (both LAC TE, placed on IR after Week 2, min 4 games) - all via multi-source web confirmation (ESPN/CBS/NFL.com/Chargers.com), not yet reflected in Sleeper's live feed.",/home/user/ffcc/output/draft_rankings/draft_rankings_2026_ppr.csv
2026,3,00-0041568,Ty Simpson,QB,LA,DEN,False,0.87,6.25,-2.0,0.77,6.39,12.58,17.94,0.35,0.07,ppr,2026-09-22 13:17,"Pre-kickoff snapshot locked 2026-09-22 (all Week 3 games 9/24-9/28, none yet played). Live data refreshed same day (Sleeper live API blocked by sandbox proxy 403, fell back to committed snapshot - see data/fallback/README). Manual weekly-out overrides applied for confirmed Week 3 absences: Jayden Daniels (WAS QB, elbow, Mariota starting), David Njoku and Charlie Kolar (both LAC TE, placed on IR after Week 2, min 4 games) - all via multi-source web confirmation (ESPN/CBS/NFL.com/Chargers.com), not yet reflected in Sleeper's live feed.",/home/user/ffcc/output/draft_rankings/draft_rankings_2026_ppr.csv
2026,3,00-0040719,Bhayshul Tuten,RB,JAX,NE,False,0.85,6.24,-0.66,2.01,4.77,9.46,15.83,0.34,0.07,ppr,2026-09-22 13:17,"Pre-kickoff snapshot locked 2026-09-22 (all Week 3 games 9/24-9/28, none yet played). Live data refreshed same day (Sleeper live API blocked by sandbox proxy 403, fell back to committed snapshot - see data/fallback/README). Manual weekly-out overrides applied for confirmed Week 3 absences: Jayden Daniels (WAS QB, elbow, Mariota starting), David Njoku and Charlie Kolar (both LAC TE, placed on IR after Week 2, min 4 games) - all via multi-source web confirmation (ESPN/CBS/NFL.com/Chargers.com), not yet reflected in Sleeper's live feed.",/home/user/ffcc/output/draft_rankings/draft_rankings_2026_ppr.csv
2026,3,00-0040736,Mason Taylor,TE,NYJ,DET,False,1.03,6.23,0.79,2.95,5.28,8.66,13.24,0.26,0.11,ppr,2026-09-22 13:17,"Pre-kickoff snapshot locked 2026-09-22 (all Week 3 games 9/24-9/28, none yet played). Live data refreshed same day (Sleeper live API blocked by sandbox proxy 403, fell back to committed snapshot - see data/fallback/README). Manual weekly-out overrides applied for confirmed Week 3 absences: Jayden Daniels (WAS QB, elbow, Mariota starting), David Njoku and Charlie Kolar (both LAC TE, placed on IR after Week 2, min 4 games) - all via multi-source web confirmation (ESPN/CBS/NFL.com/Chargers.com), not yet reflected in Sleeper's live feed.",/home/user/ffcc/output/draft_rankings/draft_rankings_2026_ppr.csv
2026,3,00-0037291,Jalen Nailor,WR,LV,NO,False,0.9,6.18,-1.23,1.72,4.76,9.25,15.26,0.35,0.06,ppr,2026-09-22 13:17,"Pre-kickoff snapshot locked 2026-09-22 (all Week 3 games 9/24-9/28, none yet played). Live data refreshed same day (Sleeper live API blocked by sandbox proxy 403, fell back to committed snapshot - see data/fallback/README). Manual weekly-out overrides applied for confirmed Week 3 absences: Jayden Daniels (WAS QB, elbow, Mariota starting), David Njoku and Charlie Kolar (both LAC TE, placed on IR after Week 2, min 4 games) - all via multi-source web confirmation (ESPN/CBS/NFL.com/Chargers.com), not yet reflected in Sleeper's live feed.",/home/user/ffcc/output/draft_rankings/draft_rankings_2026_ppr.csv
2026,3,00-0036893,Najee Harris,RB,NYG,TEN,False,0.97,6.18,-0.58,2.08,4.79,9.55,15.6,0.33,0.06,ppr,2026-09-22 13:17,"Pre-kickoff snapshot locked 2026-09-22 (all Week 3 games 9/24-9/28, none yet played). Live data refreshed same day (Sleeper live API blocked by sandbox proxy 403, fell back to committed snapshot - see data/fallback/README). Manual weekly-out overrides applied for confirmed Week 3 absences: Jayden Daniels (WAS QB, elbow, Mariota starting), David Njoku and Charlie Kolar (both LAC TE, placed on IR after Week 2, min 4 games) - all via multi-source web confirmation (ESPN/CBS/NFL.com/Chargers.com), not yet reflected in Sleeper's live feed.",/home/user/ffcc/output/draft_rankings/draft_rankings_2026_ppr.csv
2026,3,00-0039164,Anthony Richardson,QB,IND,HOU,False,0.79,6.18,-2.0,0.72,6.48,12.77,18.07,0.35,0.07,ppr,2026-09-22 13:17,"Pre-kickoff snapshot locked 2026-09-22 (all Week 3 games 9/24-9/28, none yet played). Live data refreshed same day (Sleeper live API blocked by sandbox proxy 403, fell back to committed snapshot - see data/fallback/README). Manual weekly-out overrides applied for confirmed Week 3 absences: Jayden Daniels (WAS QB, elbow, Mariota starting), David Njoku and Charlie Kolar (both LAC TE, placed on IR after Week 2, min 4 games) - all via multi-source web confirmation (ESPN/CBS/NFL.com/Chargers.com), not yet reflected in Sleeper's live feed.",/home/user/ffcc/output/draft_rankings/draft_rankings_2026_ppr.csv
2026,3,00-0037263,Tyler Allgeier,RB,ARI,SF,False,1.07,6.14,-0.7,1.95,4.69,9.44,15.77,0.34,0.07,ppr,2026-09-22 13:17,"Pre-kickoff snapshot locked 2026-09-22 (all Week 3 games 9/24-9/28, none yet played). Live data refreshed same day (Sleeper live API blocked by sandbox proxy 403, fell back to committed snapshot - see data/fallback/README). Manual weekly-out overrides applied for confirmed Week 3 absences: Jayden Daniels (WAS QB, elbow, Mariota starting), David Njoku and Charlie Kolar (both LAC TE, placed on IR after Week 2, min 4 games) - all via multi-source web confirmation (ESPN/CBS/NFL.com/Chargers.com), not yet reflected in Sleeper's live feed.",/home/user/ffcc/output/draft_rankings/draft_rankings_2026_ppr.csv
2026,3,00-0032775,Demarcus Robinson,WR,SF,ARI,False,0.98,6.14,-1.13,1.7,4.62,9.1,15.08,0.36,0.05,ppr,2026-09-22 13:17,"Pre-kickoff snapshot locked 2026-09-22 (all Week 3 games 9/24-9/28, none yet played). Live data refreshed same day (Sleeper live API blocked by sandbox proxy 403, fell back to committed snapshot - see data/fallback/README). Manual weekly-out overrides applied for confirmed Week 3 absences: Jayden Daniels (WAS QB, elbow, Mariota starting), David Njoku and Charlie Kolar (both LAC TE, placed on IR after Week 2, min 4 games) - all via multi-source web confirmation (ESPN/CBS/NFL.com/Chargers.com), not yet reflected in Sleeper's live feed.",/home/user/ffcc/output/draft_rankings/draft_rankings_2026_ppr.csv
2026,3,00-0037801,KaVontae Turpin,WR,DAL,BAL,False,1.17,6.13,-1.2,1.6,4.63,9.02,14.97,0.36,0.05,ppr,2026-09-22 13:17,"Pre-kickoff snapshot locked 2026-09-22 (all Week 3 games 9/24-9/28, none yet played). Live data refreshed same day (Sleeper live API blocked by sandbox proxy 403, fell back to committed snapshot - see data/fallback/README). Manual weekly-out overrides applied for confirmed Week 3 absences: Jayden Daniels (WAS QB, elbow, Mariota starting), David Njoku and Charlie Kolar (both LAC TE, placed on IR after Week 2, min 4 games) - all via multi-source web confirmation (ESPN/CBS/NFL.com/Chargers.com), not yet reflected in Sleeper's live feed.",/home/user/ffcc/output/draft_rankings/draft_rankings_2026_ppr.csv
2026,3,00-0038104,Tyquan Thornton,WR,KC,MIA,False,0.97,6.13,-1.04,1.72,4.63,9.12,14.91,0.36,0.05,ppr,2026-09-22 13:17,"Pre-kickoff snapshot locked 2026-09-22 (all Week 3 games 9/24-9/28, none yet played). Live data refreshed same day (Sleeper live API blocked by sandbox proxy 403, fell back to committed snapshot - see data/fallback/README). Manual weekly-out overrides applied for confirmed Week 3 absences: Jayden Daniels (WAS QB, elbow, Mariota starting), David Njoku and Charlie Kolar (both LAC TE, placed on IR after Week 2, min 4 games) - all via multi-source web confirmation (ESPN/CBS/NFL.com/Chargers.com), not yet reflected in Sleeper's live feed.",/home/user/ffcc/output/draft_rankings/draft_rankings_2026_ppr.csv
2026,3,00-0028118,Tyrod Taylor,QB,GB,ATL,False,1.0,6.11,-2.0,0.93,6.39,12.48,17.69,0.34,0.07,ppr,2026-09-22 13:17,"Pre-kickoff snapshot locked 2026-09-22 (all Week 3 games 9/24-9/28, none yet played). Live data refreshed same day (Sleeper live API blocked by sandbox proxy 403, fell back to committed snapshot - see data/fallback/README). Manual weekly-out overrides applied for confirmed Week 3 absences: Jayden Daniels (WAS QB, elbow, Mariota starting), David Njoku and Charlie Kolar (both LAC TE, placed on IR after Week 2, min 4 games) - all via multi-source web confirmation (ESPN/CBS/NFL.com/Chargers.com), not yet reflected in Sleeper's live feed.",/home/user/ffcc/output/draft_rankings/draft_rankings_2026_ppr.csv
2026,3,00-0038129,Cade Otton,TE,TB,MIN,False,0.8,6.08,0.68,2.83,5.14,8.43,12.9,0.26,0.11,ppr,2026-09-22 13:17,"Pre-kickoff snapshot locked 2026-09-22 (all Week 3 games 9/24-9/28, none yet played). Live data refreshed same day (Sleeper live API blocked by sandbox proxy 403, fell back to committed snapshot - see data/fallback/README). Manual weekly-out overrides applied for confirmed Week 3 absences: Jayden Daniels (WAS QB, elbow, Mariota starting), David Njoku and Charlie Kolar (both LAC TE, placed on IR after Week 2, min 4 games) - all via multi-source web confirmation (ESPN/CBS/NFL.com/Chargers.com), not yet reflected in Sleeper's live feed.",/home/user/ffcc/output/draft_rankings/draft_rankings_2026_ppr.csv
2026,3,00-0038555,Tank Bigsby,RB,PHI,CHI,False,0.96,6.0,-0.8,1.83,4.47,9.1,15.29,0.36,0.06,ppr,2026-09-22 13:17,"Pre-kickoff snapshot locked 2026-09-22 (all Week 3 games 9/24-9/28, none yet played). Live data refreshed same day (Sleeper live API blocked by sandbox proxy 403, fell back to committed snapshot - see data/fallback/README). Manual weekly-out overrides applied for confirmed Week 3 absences: Jayden Daniels (WAS QB, elbow, Mariota starting), David Njoku and Charlie Kolar (both LAC TE, placed on IR after Week 2, min 4 games) - all via multi-source web confirmation (ESPN/CBS/NFL.com/Chargers.com), not yet reflected in Sleeper's live feed.",/home/user/ffcc/output/draft_rankings/draft_rankings_2026_ppr.csv
2026,3,00-0033869,Mitchell Trubisky,QB,TEN,NYG,False,1.12,5.99,-2.0,0.73,6.42,12.47,17.64,0.35,0.07,ppr,2026-09-22 13:17,"Pre-kickoff snapshot locked 2026-09-22 (all Week 3 games 9/24-9/28, none yet played). Live data refreshed same day (Sleeper live API blocked by sandbox proxy 403, fell back to committed snapshot - see data/fallback/README). Manual weekly-out overrides applied for confirmed Week 3 absences: Jayden Daniels (WAS QB, elbow, Mariota starting), David Njoku and Charlie Kolar (both LAC TE, placed on IR after Week 2, min 4 games) - all via multi-source web confirmation (ESPN/CBS/NFL.com/Chargers.com), not yet reflected in Sleeper's live feed.",/home/user/ffcc/output/draft_rankings/draft_rankings_2026_ppr.csv
2026,3,00-0040727,Tre Harris,WR,LAC,BUF,False,0.86,5.95,-1.29,1.45,4.41,9.0,14.86,0.37,0.05,ppr,2026-09-22 13:17,"Pre-kickoff snapshot locked 2026-09-22 (all Week 3 games 9/24-9/28, none yet played). Live data refreshed same day (Sleeper live API blocked by sandbox proxy 403, fell back to committed snapshot - see data/fallback/README). Manual weekly-out overrides applied for confirmed Week 3 absences: Jayden Daniels (WAS QB, elbow, Mariota starting), David Njoku and Charlie Kolar (both LAC TE, placed on IR after Week 2, min 4 games) - all via multi-source web confirmation (ESPN/CBS/NFL.com/Chargers.com), not yet reflected in Sleeper's live feed.",/home/user/ffcc/output/draft_rankings/draft_rankings_2026_ppr.csv
2026,3,00-0035208,Olamide Zaccheaus,WR,ATL,GB,False,1.02,5.88,-1.3,1.53,4.46,8.82,14.71,0.37,0.05,ppr,2026-09-22 13:17,"Pre-kickoff snapshot locked 2026-09-22 (all Week 3 games 9/24-9/28, none yet played). Live data refreshed same day (Sleeper live API blocked by sandbox proxy 403, fell back to committed snapshot - see data/fallback/README). Manual weekly-out overrides applied for confirmed Week 3 absences: Jayden Daniels (WAS QB, elbow, Mariota starting), David Njoku and Charlie Kolar (both LAC TE, placed on IR after Week 2, min 4 games) - all via multi-source web confirmation (ESPN/CBS/NFL.com/Chargers.com), not yet reflected in Sleeper's live feed.",/home/user/ffcc/output/draft_rankings/draft_rankings_2026_ppr.csv
2026,3,00-0037005,Tommy Tremble,TE,CAR,CLE,False,0.91,5.8,0.29,2.47,4.84,8.09,12.84,0.3,0.1,ppr,2026-09-22 13:17,"Pre-kickoff snapshot locked 2026-09-22 (all Week 3 games 9/24-9/28, none yet played). Live data refreshed same day (Sleeper live API blocked by sandbox proxy 403, fell back to committed snapshot - see data/fallback/README). Manual weekly-out overrides applied for confirmed Week 3 absences: Jayden Daniels (WAS QB, elbow, Mariota starting), David Njoku and Charlie Kolar (both LAC TE, placed on IR after Week 2, min 4 games) - all via multi-source web confirmation (ESPN/CBS/NFL.com/Chargers.com), not yet reflected in Sleeper's live feed.",/home/user/ffcc/output/draft_rankings/draft_rankings_2026_ppr.csv
2026,3,00-0035704,Drew Lock,QB,SEA,WAS,False,1.2,5.77,-2.0,0.61,6.3,12.28,17.59,0.36,0.07,ppr,2026-09-22 13:17,"Pre-kickoff snapshot locked 2026-09-22 (all Week 3 games 9/24-9/28, none yet played). Live data refreshed same day (Sleeper live API blocked by sandbox proxy 403, fell back to committed snapshot - see data/fallback/README). Manual weekly-out overrides applied for confirmed Week 3 absences: Jayden Daniels (WAS QB, elbow, Mariota starting), David Njoku and Charlie Kolar (both LAC TE, placed on IR after Week 2, min 4 games) - all via multi-source web confirmation (ESPN/CBS/NFL.com/Chargers.com), not yet reflected in Sleeper's live feed.",/home/user/ffcc/output/draft_rankings/draft_rankings_2026_ppr.csv
2026,3,00-0040134,Pat Bryant,WR,DEN,LA,False,1.03,5.73,-1.6,1.28,4.26,8.69,14.62,0.39,0.05,ppr,2026-09-22 13:17,"Pre-kickoff snapshot locked 2026-09-22 (all Week 3 games 9/24-9/28, none yet played). Live data refreshed same day (Sleeper live API blocked by sandbox proxy 403, fell back to committed snapshot - see data/fallback/README). Manual weekly-out overrides applied for confirmed Week 3 absences: Jayden Daniels (WAS QB, elbow, Mariota starting), David Njoku and Charlie Kolar (both LAC TE, placed on IR after Week 2, min 4 games) - all via multi-source web confirmation (ESPN/CBS/NFL.com/Chargers.com), not yet reflected in Sleeper's live feed.",/home/user/ffcc/output/draft_rankings/draft_rankings_2026_ppr.csv
2026,3,00-0038611,Chris Rodriguez Jr.,RB,JAX,NE,False,0.85,5.67,-1.15,1.64,4.33,9.05,15.26,0.38,0.06,ppr,2026-09-22 13:17,"Pre-kickoff snapshot locked 2026-09-22 (all Week 3 games 9/24-9/28, none yet played). Live data refreshed same day (Sleeper live API blocked by sandbox proxy 403, fell back to committed snapshot - see data/fallback/README). Manual weekly-out overrides applied for confirmed Week 3 absences: Jayden Daniels (WAS QB, elbow, Mariota starting), David Njoku and Charlie Kolar (both LAC TE, placed on IR after Week 2, min 4 games) - all via multi-source web confirmation (ESPN/CBS/NFL.com/Chargers.com), not yet reflected in Sleeper's live feed.",/home/user/ffcc/output/draft_rankings/draft_rankings_2026_ppr.csv
2026,3,00-0039344,Jonathon Brooks,RB,CAR,CLE,False,0.99,5.66,-1.24,1.44,4.24,9.04,15.15,0.39,0.06,ppr,2026-09-22 13:17,"Pre-kickoff snapshot locked 2026-09-22 (all Week 3 games 9/24-9/28, none yet played). Live data refreshed same day (Sleeper live API blocked by sandbox proxy 403, fell back to committed snapshot - see data/fallback/README). Manual weekly-out overrides applied for confirmed Week 3 absences: Jayden Daniels (WAS QB, elbow, Mariota starting), David Njoku and Charlie Kolar (both LAC TE, placed on IR after Week 2, min 4 games) - all via multi-source web confirmation (ESPN/CBS/NFL.com/Chargers.com), not yet reflected in Sleeper's live feed.",/home/user/ffcc/output/draft_rankings/draft_rankings_2026_ppr.csv
2026,3,00-0039847,Theo Johnson,TE,NYG,TEN,False,1.06,5.64,-0.02,2.27,4.64,7.85,12.62,0.32,0.1,ppr,2026-09-22 13:17,"Pre-kickoff snapshot locked 2026-09-22 (all Week 3 games 9/24-9/28, none yet played). Live data refreshed same day (Sleeper live API blocked by sandbox proxy 403, fell back to committed snapshot - see data/fallback/README). Manual weekly-out overrides applied for confirmed Week 3 absences: Jayden Daniels (WAS QB, elbow, Mariota starting), David Njoku and Charlie Kolar (both LAC TE, placed on IR after Week 2, min 4 games) - all via multi-source web confirmation (ESPN/CBS/NFL.com/Chargers.com), not yet reflected in Sleeper's live feed.",/home/user/ffcc/output/draft_rankings/draft_rankings_2026_ppr.csv
2026,3,00-0040202,Devin Neal,RB,NO,LV,False,1.04,5.63,-1.14,1.53,4.2,8.8,15.02,0.39,0.06,ppr,2026-09-22 13:17,"Pre-kickoff snapshot locked 2026-09-22 (all Week 3 games 9/24-9/28, none yet played). Live data refreshed same day (Sleeper live API blocked by sandbox proxy 403, fell back to committed snapshot - see data/fallback/README). Manual weekly-out overrides applied for confirmed Week 3 absences: Jayden Daniels (WAS QB, elbow, Mariota starting), David Njoku and Charlie Kolar (both LAC TE, placed on IR after Week 2, min 4 games) - all via multi-source web confirmation (ESPN/CBS/NFL.com/Chargers.com), not yet reflected in Sleeper's live feed.",/home/user/ffcc/output/draft_rankings/draft_rankings_2026_ppr.csv
2026,3,00-0038400,Tanner McKee,QB,PHI,CHI,False,1.11,5.57,-2.0,0.13,6.0,12.06,17.4,0.37,0.06,ppr,2026-09-22 13:17,"Pre-kickoff snapshot locked 2026-09-22 (all Week 3 games 9/24-9/28, none yet played). Live data refreshed same day (Sleeper live API blocked by sandbox proxy 403, fell back to committed snapshot - see data/fallback/README). Manual weekly-out overrides applied for confirmed Week 3 absences: Jayden Daniels (WAS QB, elbow, Mariota starting), David Njoku and Charlie Kolar (both LAC TE, placed on IR after Week 2, min 4 games) - all via multi-source web confirmation (ESPN/CBS/NFL.com/Chargers.com), not yet reflected in Sleeper's live feed.",/home/user/ffcc/output/draft_rankings/draft_rankings_2026_ppr.csv
2026,3,00-0039738,Blake Corum,RB,LA,DEN,False,0.77,5.53,-1.35,1.36,4.08,8.84,15.21,0.4,0.06,ppr,2026-09-22 13:17,"Pre-kickoff snapshot locked 2026-09-22 (all Week 3 games 9/24-9/28, none yet played). Live data refreshed same day (Sleeper live API blocked by sandbox proxy 403, fell back to committed snapshot - see data/fallback/README). Manual weekly-out overrides applied for confirmed Week 3 absences: Jayden Daniels (WAS QB, elbow, Mariota starting), David Njoku and Charlie Kolar (both LAC TE, placed on IR after Week 2, min 4 games) - all via multi-source web confirmation (ESPN/CBS/NFL.com/Chargers.com), not yet reflected in Sleeper's live feed.",/home/user/ffcc/output/draft_rankings/draft_rankings_2026_ppr.csv
2026,3,00-0040466,Raheim Sanders,RB,CLE,CAR,False,1.1,5.5,-1.41,1.29,4.08,9.03,15.23,0.4,0.06,ppr,2026-09-22 13:17,"Pre-kickoff snapshot locked 2026-09-22 (all Week 3 games 9/24-9/28, none yet played). Live data refreshed same day (Sleeper live API blocked by sandbox proxy 403, fell back to committed snapshot - see data/fallback/README). Manual weekly-out overrides applied for confirmed Week 3 absences: Jayden Daniels (WAS QB, elbow, Mariota starting), David Njoku and Charlie Kolar (both LAC TE, placed on IR after Week 2, min 4 games) - all via multi-source web confirmation (ESPN/CBS/NFL.com/Chargers.com), not yet reflected in Sleeper's live feed.",/home/user/ffcc/output/draft_rankings/draft_rankings_2026_ppr.csv
2026,3,00-0033110,Tyler Higbee,TE,LA,DEN,False,1.03,5.45,-0.03,2.19,4.5,7.76,12.57,0.33,0.1,ppr,2026-09-22 13:17,"Pre-kickoff snapshot locked 2026-09-22 (all Week 3 games 9/24-9/28, none yet played). Live data refreshed same day (Sleeper live API blocked by sandbox proxy 403, fell back to committed snapshot - see data/fallback/README). Manual weekly-out overrides applied for confirmed Week 3 absences: Jayden Daniels (WAS QB, elbow, Mariota starting), David Njoku and Charlie Kolar (both LAC TE, placed on IR after Week 2, min 4 games) - all via multi-source web confirmation (ESPN/CBS/NFL.com/Chargers.com), not yet reflected in Sleeper's live feed.",/home/user/ffcc/output/draft_rankings/draft_rankings_2026_ppr.csv
2026,3,00-0038738,Hunter Luepke,RB,DAL,BAL,False,1.05,5.43,-1.52,1.14,3.91,8.7,15.03,0.42,0.06,ppr,2026-09-22 13:17,"Pre-kickoff snapshot locked 2026-09-22 (all Week 3 games 9/24-9/28, none yet played). Live data refreshed same day (Sleeper live API blocked by sandbox proxy 403, fell back to committed snapshot - see data/fallback/README). Manual weekly-out overrides applied for confirmed Week 3 absences: Jayden Daniels (WAS QB, elbow, Mariota starting), David Njoku and Charlie Kolar (both LAC TE, placed on IR after Week 2, min 4 games) - all via multi-source web confirmation (ESPN/CBS/NFL.com/Chargers.com), not yet reflected in Sleeper's live feed.",/home/user/ffcc/output/draft_rankings/draft_rankings_2026_ppr.csv
2026,3,00-0029892,Kyle Juszczyk,RB,SF,ARI,False,1.19,5.42,-1.46,1.21,3.95,8.56,14.61,0.41,0.06,ppr,2026-09-22 13:17,"Pre-kickoff snapshot locked 2026-09-22 (all Week 3 games 9/24-9/28, none yet played). Live data refreshed same day (Sleeper live API blocked by sandbox proxy 403, fell back to committed snapshot - see data/fallback/README). Manual weekly-out overrides applied for confirmed Week 3 absences: Jayden Daniels (WAS QB, elbow, Mariota starting), David Njoku and Charlie Kolar (both LAC TE, placed on IR after Week 2, min 4 games) - all via multi-source web confirmation (ESPN/CBS/NFL.com/Chargers.com), not yet reflected in Sleeper's live feed.",/home/user/ffcc/output/draft_rankings/draft_rankings_2026_ppr.csv
2026,3,00-0036988,Josh Palmer,WR,BUF,LAC,False,0.89,5.4,-1.82,0.95,3.95,8.57,14.65,0.42,0.05,ppr,2026-09-22 13:17,"Pre-kickoff snapshot locked 2026-09-22 (all Week 3 games 9/24-9/28, none yet played). Live data refreshed same day (Sleeper live API blocked by sandbox proxy 403, fell back to committed snapshot - see data/fallback/README). Manual weekly-out overrides applied for confirmed Week 3 absences: Jayden Daniels (WAS QB, elbow, Mariota starting), David Njoku and Charlie Kolar (both LAC TE, placed on IR after Week 2, min 4 games) - all via multi-source web confirmation (ESPN/CBS/NFL.com/Chargers.com), not yet reflected in Sleeper's live feed.",/home/user/ffcc/output/draft_rankings/draft_rankings_2026_ppr.csv
2026,3,00-0036637,Noah Gray,TE,KC,MIA,False,1.22,5.4,-0.11,2.11,4.44,7.71,12.41,0.33,0.09,ppr,2026-09-22 13:17,"Pre-kickoff snapshot locked 2026-09-22 (all Week 3 games 9/24-9/28, none yet played). Live data refreshed same day (Sleeper live API blocked by sandbox proxy 403, fell back to committed snapshot - see data/fallback/README). Manual weekly-out overrides applied for confirmed Week 3 absences: Jayden Daniels (WAS QB, elbow, Mariota starting), David Njoku and Charlie Kolar (both LAC TE, placed on IR after Week 2, min 4 games) - all via multi-source web confirmation (ESPN/CBS/NFL.com/Chargers.com), not yet reflected in Sleeper's live feed.",/home/user/ffcc/output/draft_rankings/draft_rankings_2026_ppr.csv
2026,3,00-0035249,Josh Oliver,TE,MIN,TB,False,1.19,5.38,-0.16,2.07,4.4,7.7,12.07,0.34,0.09,ppr,2026-09-22 13:17,"Pre-kickoff snapshot locked 2026-09-22 (all Week 3 games 9/24-9/28, none yet played). Live data refreshed same day (Sleeper live API blocked by sandbox proxy 403, fell back to committed snapshot - see data/fallback/README). Manual weekly-out overrides applied for confirmed Week 3 absences: Jayden Daniels (WAS QB, elbow, Mariota starting), David Njoku and Charlie Kolar (both LAC TE, placed on IR after Week 2, min 4 games) - all via multi-source web confirmation (ESPN/CBS/NFL.com/Chargers.com), not yet reflected in Sleeper's live feed.",/home/user/ffcc/output/draft_rankings/draft_rankings_2026_ppr.csv
2026,3,00-0040870,Ja'Kobi Lane,WR,BAL,DAL,False,1.28,5.38,-1.89,0.98,3.91,8.3,14.27,0.42,0.05,ppr,2026-09-22 13:17,"Pre-kickoff snapshot locked 2026-09-22 (all Week 3 games 9/24-9/28, none yet played). Live data refreshed same day (Sleeper live API blocked by sandbox proxy 403, fell back to committed snapshot - see data/fallback/README). Manual weekly-out overrides applied for confirmed Week 3 absences: Jayden Daniels (WAS QB, elbow, Mariota starting), David Njoku and Charlie Kolar (both LAC TE, placed on IR after Week 2, min 4 games) - all via multi-source web confirmation (ESPN/CBS/NFL.com/Chargers.com), not yet reflected in Sleeper's live feed.",/home/user/ffcc/output/draft_rankings/draft_rankings_2026_ppr.csv
2026,3,00-0037077,Sam Howell,QB,DAL,BAL,False,1.09,5.37,-2.0,0.09,5.73,11.69,16.97,0.37,0.06,ppr,2026-09-22 13:17,"Pre-kickoff snapshot locked 2026-09-22 (all Week 3 games 9/24-9/28, none yet played). Live data refreshed same day (Sleeper live API blocked by sandbox proxy 403, fell back to committed snapshot - see data/fallback/README). Manual weekly-out overrides applied for confirmed Week 3 absences: Jayden Daniels (WAS QB, elbow, Mariota starting), David Njoku and Charlie Kolar (both LAC TE, placed on IR after Week 2, min 4 games) - all via multi-source web confirmation (ESPN/CBS/NFL.com/Chargers.com), not yet reflected in Sleeper's live feed.",/home/user/ffcc/output/draft_rankings/draft_rankings_2026_ppr.csv
2026,3,00-0036924,Michael Carter,RB,TEN,NYG,False,1.17,5.28,-1.51,1.2,3.9,8.65,14.75,0.42,0.06,ppr,2026-09-22 13:17,"Pre-kickoff snapshot locked 2026-09-22 (all Week 3 games 9/24-9/28, none yet played). Live data refreshed same day (Sleeper live API blocked by sandbox proxy 403, fell back to committed snapshot - see data/fallback/README). Manual weekly-out overrides applied for confirmed Week 3 absences: Jayden Daniels (WAS QB, elbow, Mariota starting), David Njoku and Charlie Kolar (both LAC TE, placed on IR after Week 2, min 4 games) - all via multi-source web confirmation (ESPN/CBS/NFL.com/Chargers.com), not yet reflected in Sleeper's live feed.",/home/user/ffcc/output/draft_rankings/draft_rankings_2026_ppr.csv
2026,3,00-0040138,Jaylin Noel,WR,HOU,IND,False,1.17,5.27,-2.0,0.81,3.76,8.22,14.14,0.43,0.04,ppr,2026-09-22 13:17,"Pre-kickoff snapshot locked 2026-09-22 (all Week 3 games 9/24-9/28, none yet played). Live data refreshed same day (Sleeper live API blocked by sandbox proxy 403, fell back to committed snapshot - see data/fallback/README). Manual weekly-out overrides applied for confirmed Week 3 absences: Jayden Daniels (WAS QB, elbow, Mariota starting), David Njoku and Charlie Kolar (both LAC TE, placed on IR after Week 2, min 4 games) - all via multi-source web confirmation (ESPN/CBS/NFL.com/Chargers.com), not yet reflected in Sleeper's live feed.",/home/user/ffcc/output/draft_rankings/draft_rankings_2026_ppr.csv
2026,3,00-0040162,Dylan Sampson,RB,CLE,CAR,False,1.1,5.24,-1.64,1.07,3.81,8.74,14.8,0.43,0.06,ppr,2026-09-22 13:17,"Pre-kickoff snapshot locked 2026-09-22 (all Week 3 games 9/24-9/28, none yet played). Live data refreshed same day (Sleeper live API blocked by sandbox proxy 403, fell back to committed snapshot - see data/fallback/README). Manual weekly-out overrides applied for confirmed Week 3 absences: Jayden Daniels (WAS QB, elbow, Mariota starting), David Njoku and Charlie Kolar (both LAC TE, placed on IR after Week 2, min 4 games) - all via multi-source web confirmation (ESPN/CBS/NFL.com/Chargers.com), not yet reflected in Sleeper's live feed.",/home/user/ffcc/output/draft_rankings/draft_rankings_2026_ppr.csv
2026,3,00-0040704,Dillon Gabriel,QB,CLE,CAR,False,0.85,5.18,-2.0,-0.24,5.49,11.74,17.03,0.39,0.06,ppr,2026-09-22 13:17,"Pre-kickoff snapshot locked 2026-09-22 (all Week 3 games 9/24-9/28, none yet played). Live data refreshed same day (Sleeper live API blocked by sandbox proxy 403, fell back to committed snapshot - see data/fallback/README). Manual weekly-out overrides applied for confirmed Week 3 absences: Jayden Daniels (WAS QB, elbow, Mariota starting), David Njoku and Charlie Kolar (both LAC TE, placed on IR after Week 2, min 4 games) - all via multi-source web confirmation (ESPN/CBS/NFL.com/Chargers.com), not yet reflected in Sleeper's live feed.",/home/user/ffcc/output/draft_rankings/draft_rankings_2026_ppr.csv
2026,3,00-0040668,Shedeur Sanders,QB,CLE,CAR,False,0.85,5.18,-2.0,-0.09,5.64,11.72,17.19,0.38,0.06,ppr,2026-09-22 13:17,"Pre-kickoff snapshot locked 2026-09-22 (all Week 3 games 9/24-9/28, none yet played). Live data refreshed same day (Sleeper live API blocked by sandbox proxy 403, fell back to committed snapshot - see data/fallback/README). Manual weekly-out overrides applied for confirmed Week 3 absences: Jayden Daniels (WAS QB, elbow, Mariota starting), David Njoku and Charlie Kolar (both LAC TE, placed on IR after Week 2, min 4 games) - all via multi-source web confirmation (ESPN/CBS/NFL.com/Chargers.com), not yet reflected in Sleeper's live feed.",/home/user/ffcc/output/draft_rankings/draft_rankings_2026_ppr.csv
2026,3,00-0038705,Emari Demercado,RB,DAL,BAL,False,1.05,5.17,-1.67,0.96,3.72,8.56,14.76,0.44,0.06,ppr,2026-09-22 13:17,"Pre-kickoff snapshot locked 2026-09-22 (all Week 3 games 9/24-9/28, none yet played). Live data refreshed same day (Sleeper live API blocked by sandbox proxy 403, fell back to committed snapshot - see data/fallback/README). Manual weekly-out overrides applied for confirmed Week 3 absences: Jayden Daniels (WAS QB, elbow, Mariota starting), David Njoku and Charlie Kolar (both LAC TE, placed on IR after Week 2, min 4 games) - all via multi-source web confirmation (ESPN/CBS/NFL.com/Chargers.com), not yet reflected in Sleeper's live feed.",/home/user/ffcc/output/draft_rankings/draft_rankings_2026_ppr.csv
2026,3,00-0037837,Calvin Austin III,WR,NYG,TEN,False,1.16,5.12,-2.0,0.66,3.66,8.13,14.12,0.44,0.04,ppr,2026-09-22 13:17,"Pre-kickoff snapshot locked 2026-09-22 (all Week 3 games 9/24-9/28, none yet played). Live data refreshed same day (Sleeper live API blocked by sandbox proxy 403, fell back to committed snapshot - see data/fallback/README). Manual weekly-out overrides applied for confirmed Week 3 absences: Jayden Daniels (WAS QB, elbow, Mariota starting), David Njoku and Charlie Kolar (both LAC TE, placed on IR after Week 2, min 4 games) - all via multi-source web confirmation (ESPN/CBS/NFL.com/Chargers.com), not yet reflected in Sleeper's live feed.",/home/user/ffcc/output/draft_rankings/draft_rankings_2026_ppr.csv
2026,3,00-0035289,Gardner Minshew,QB,ARI,SF,False,1.05,5.12,-2.0,-0.13,5.58,11.61,16.98,0.39,0.06,ppr,2026-09-22 13:17,"Pre-kickoff snapshot locked 2026-09-22 (all Week 3 games 9/24-9/28, none yet played). Live data refreshed same day (Sleeper live API blocked by sandbox proxy 403, fell back to committed snapshot - see data/fallback/README). Manual weekly-out overrides applied for confirmed Week 3 absences: Jayden Daniels (WAS QB, elbow, Mariota starting), David Njoku and Charlie Kolar (both LAC TE, placed on IR after Week 2, min 4 games) - all via multi-source web confirmation (ESPN/CBS/NFL.com/Chargers.com), not yet reflected in Sleeper's live feed.",/home/user/ffcc/output/draft_rankings/draft_rankings_2026_ppr.csv
2026,3,00-0038685,Chris Brooks,RB,GB,ATL,False,0.98,5.1,-1.78,0.97,3.68,8.49,14.87,0.44,0.06,ppr,2026-09-22 13:17,"Pre-kickoff snapshot locked 2026-09-22 (all Week 3 games 9/24-9/28, none yet played). Live data refreshed same day (Sleeper live API blocked by sandbox proxy 403, fell back to committed snapshot - see data/fallback/README). Manual weekly-out overrides applied for confirmed Week 3 absences: Jayden Daniels (WAS QB, elbow, Mariota starting), David Njoku and Charlie Kolar (both LAC TE, placed on IR after Week 2, min 4 games) - all via multi-source web confirmation (ESPN/CBS/NFL.com/Chargers.com), not yet reflected in Sleeper's live feed.",/home/user/ffcc/output/draft_rankings/draft_rankings_2026_ppr.csv
2026,3,00-0039875,Ray Davis,RB,BUF,LAC,False,0.84,5.1,-1.75,0.91,3.66,8.52,14.36,0.44,0.06,ppr,2026-09-22 13:17,"Pre-kickoff snapshot locked 2026-09-22 (all Week 3 games 9/24-9/28, none yet played). Live data refreshed same day (Sleeper live API blocked by sandbox proxy 403, fell back to committed snapshot - see data/fallback/README). Manual weekly-out overrides applied for confirmed Week 3 absences: Jayden Daniels (WAS QB, elbow, Mariota starting), David Njoku and Charlie Kolar (both LAC TE, placed on IR after Week 2, min 4 games) - all via multi-source web confirmation (ESPN/CBS/NFL.com/Chargers.com), not yet reflected in Sleeper's live feed.",/home/user/ffcc/output/draft_rankings/draft_rankings_2026_ppr.csv
2026,3,00-0040729,Jack Bech,WR,LV,NO,False,0.9,5.06,-2.0,0.68,3.59,8.16,14.22,0.45,0.04,ppr,2026-09-22 13:17,"Pre-kickoff snapshot locked 2026-09-22 (all Week 3 games 9/24-9/28, none yet played). Live data refreshed same day (Sleeper live API blocked by sandbox proxy 403, fell back to committed snapshot - see data/fallback/README). Manual weekly-out overrides applied for confirmed Week 3 absences: Jayden Daniels (WAS QB, elbow, Mariota starting), David Njoku and Charlie Kolar (both LAC TE, placed on IR after Week 2, min 4 games) - all via multi-source web confirmation (ESPN/CBS/NFL.com/Chargers.com), not yet reflected in Sleeper's live feed.",/home/user/ffcc/output/draft_rankings/draft_rankings_2026_ppr.csv
2026,3,00-0036887,Luke Farrell,TE,SF,ARI,False,1.27,5.04,-0.46,1.76,4.1,7.38,11.95,0.38,0.09,ppr,2026-09-22 13:17,"Pre-kickoff snapshot locked 2026-09-22 (all Week 3 games 9/24-9/28, none yet played). Live data refreshed same day (Sleeper live API blocked by sandbox proxy 403, fell back to committed snapshot - see data/fallback/README). Manual weekly-out overrides applied for confirmed Week 3 absences: Jayden Daniels (WAS QB, elbow, Mariota starting), David Njoku and Charlie Kolar (both LAC TE, placed on IR after Week 2, min 4 games) - all via multi-source web confirmation (ESPN/CBS/NFL.com/Chargers.com), not yet reflected in Sleeper's live feed.",/home/user/ffcc/output/draft_rankings/draft_rankings_2026_ppr.csv
2026,3,00-0035264,Jarrett Stidham,QB,DEN,LA,False,0.93,5.0,-2.0,-0.39,5.6,11.64,17.12,0.39,0.06,ppr,2026-09-22 13:17,"Pre-kickoff snapshot locked 2026-09-22 (all Week 3 games 9/24-9/28, none yet played). Live data refreshed same day (Sleeper live API blocked by sandbox proxy 403, fell back to committed snapshot - see data/fallback/README). Manual weekly-out overrides applied for confirmed Week 3 absences: Jayden Daniels (WAS QB, elbow, Mariota starting), David Njoku and Charlie Kolar (both LAC TE, placed on IR after Week 2, min 4 games) - all via multi-source web confirmation (ESPN/CBS/NFL.com/Chargers.com), not yet reflected in Sleeper's live feed.",/home/user/ffcc/output/draft_rankings/draft_rankings_2026_ppr.csv
2026,3,00-0040584,Gunnar Helm,TE,TEN,NYG,False,0.85,5.0,-0.5,1.66,4.05,7.42,11.98,0.39,0.09,ppr,2026-09-22 13:17,"Pre-kickoff snapshot locked 2026-09-22 (all Week 3 games 9/24-9/28, none yet played). Live data refreshed same day (Sleeper live API blocked by sandbox proxy 403, fell back to committed snapshot - see data/fallback/README). Manual weekly-out overrides applied for confirmed Week 3 absences: Jayden Daniels (WAS QB, elbow, Mariota starting), David Njoku and Charlie Kolar (both LAC TE, placed on IR after Week 2, min 4 games) - all via multi-source web confirmation (ESPN/CBS/NFL.com/Chargers.com), not yet reflected in Sleeper's live feed.",/home/user/ffcc/output/draft_rankings/draft_rankings_2026_ppr.csv
2026,3,00-0040189,Oronde Gadsden II,TE,LAC,BUF,False,0.6,4.97,-0.43,1.72,4.04,7.27,11.95,0.38,0.09,ppr,2026-09-22 13:17,"Pre-kickoff snapshot locked 2026-09-22 (all Week 3 games 9/24-9/28, none yet played). Live data refreshed same day (Sleeper live API blocked by sandbox proxy 403, fell back to committed snapshot - see data/fallback/README). Manual weekly-out overrides applied for confirmed Week 3 absences: Jayden Daniels (WAS QB, elbow, Mariota starting), David Njoku and Charlie Kolar (both LAC TE, placed on IR after Week 2, min 4 games) - all via multi-source web confirmation (ESPN/CBS/NFL.com/Chargers.com), not yet reflected in Sleeper's live feed.",/home/user/ffcc/output/draft_rankings/draft_rankings_2026_ppr.csv
2026,3,00-0035250,Devin Singletary,RB,NYG,TEN,False,0.97,4.97,-1.92,0.78,3.52,8.38,14.46,0.46,0.06,ppr,2026-09-22 13:17,"Pre-kickoff snapshot locked 2026-09-22 (all Week 3 games 9/24-9/28, none yet played). Live data refreshed same day (Sleeper live API blocked by sandbox proxy 403, fell back to committed snapshot - see data/fallback/README). Manual weekly-out overrides applied for confirmed Week 3 absences: Jayden Daniels (WAS QB, elbow, Mariota starting), David Njoku and Charlie Kolar (both LAC TE, placed on IR after Week 2, min 4 games) - all via multi-source web confirmation (ESPN/CBS/NFL.com/Chargers.com), not yet reflected in Sleeper's live feed.",/home/user/ffcc/output/draft_rankings/draft_rankings_2026_ppr.csv
2026,3,00-0041523,Caleb Douglas,WR,MIA,KC,False,0.89,4.97,-2.0,0.5,3.39,7.81,13.9,0.47,0.05,ppr,2026-09-22 13:17,"Pre-kickoff snapshot locked 2026-09-22 (all Week 3 games 9/24-9/28, none yet played). Live data refreshed same day (Sleeper live API blocked by sandbox proxy 403, fell back to committed snapshot - see data/fallback/README). Manual weekly-out overrides applied for confirmed Week 3 absences: Jayden Daniels (WAS QB, elbow, Mariota starting), David Njoku and Charlie Kolar (both LAC TE, placed on IR after Week 2, min 4 games) - all via multi-source web confirmation (ESPN/CBS/NFL.com/Chargers.com), not yet reflected in Sleeper's live feed.",/home/user/ffcc/output/draft_rankings/draft_rankings_2026_ppr.csv
2026,3,00-0037252,Greg Dulcich,TE,MIA,KC,False,0.83,4.96,-0.61,1.64,3.97,7.3,11.78,0.39,0.08,ppr,2026-09-22 13:17,"Pre-kickoff snapshot locked 2026-09-22 (all Week 3 games 9/24-9/28, none yet played). Live data refreshed same day (Sleeper live API blocked by sandbox proxy 403, fell back to committed snapshot - see data/fallback/README). Manual weekly-out overrides applied for confirmed Week 3 absences: Jayden Daniels (WAS QB, elbow, Mariota starting), David Njoku and Charlie Kolar (both LAC TE, placed on IR after Week 2, min 4 games) - all via multi-source web confirmation (ESPN/CBS/NFL.com/Chargers.com), not yet reflected in Sleeper's live feed.",/home/user/ffcc/output/draft_rankings/draft_rankings_2026_ppr.csv
2026,3,00-0039451,Isaiah Williams,WR,NYJ,DET,False,1.16,4.95,-2.0,0.48,3.42,7.8,13.9,0.46,0.04,ppr,2026-09-22 13:17,"Pre-kickoff snapshot locked 2026-09-22 (all Week 3 games 9/24-9/28, none yet played). Live data refreshed same day (Sleeper live API blocked by sandbox proxy 403, fell back to committed snapshot - see data/fallback/README). Manual weekly-out overrides applied for confirmed Week 3 absences: Jayden Daniels (WAS QB, elbow, Mariota starting), David Njoku and Charlie Kolar (both LAC TE, placed on IR after Week 2, min 4 games) - all via multi-source web confirmation (ESPN/CBS/NFL.com/Chargers.com), not yet reflected in Sleeper's live feed.",/home/user/ffcc/output/draft_rankings/draft_rankings_2026_ppr.csv
2026,3,00-0040878,Mike Washington Jr.,RB,LV,NO,False,0.94,4.92,-1.79,0.76,3.53,8.18,14.33,0.45,0.05,ppr,2026-09-22 13:17,"Pre-kickoff snapshot locked 2026-09-22 (all Week 3 games 9/24-9/28, none yet played). Live data refreshed same day (Sleeper live API blocked by sandbox proxy 403, fell back to committed snapshot - see data/fallback/README). Manual weekly-out overrides applied for confirmed Week 3 absences: Jayden Daniels (WAS QB, elbow, Mariota starting), David Njoku and Charlie Kolar (both LAC TE, placed on IR after Week 2, min 4 games) - all via multi-source web confirmation (ESPN/CBS/NFL.com/Chargers.com), not yet reflected in Sleeper's live feed.",/home/user/ffcc/output/draft_rankings/draft_rankings_2026_ppr.csv
2026,3,00-0037741,Jahan Dotson,WR,ATL,GB,False,1.02,4.91,-2.0,0.41,3.4,7.88,13.83,0.47,0.05,ppr,2026-09-22 13:17,"Pre-kickoff snapshot locked 2026-09-22 (all Week 3 games 9/24-9/28, none yet played). Live data refreshed same day (Sleeper live API blocked by sandbox proxy 403, fell back to committed snapshot - see data/fallback/README). Manual weekly-out overrides applied for confirmed Week 3 absences: Jayden Daniels (WAS QB, elbow, Mariota starting), David Njoku and Charlie Kolar (both LAC TE, placed on IR after Week 2, min 4 games) - all via multi-source web confirmation (ESPN/CBS/NFL.com/Chargers.com), not yet reflected in Sleeper's live feed.",/home/user/ffcc/output/draft_rankings/draft_rankings_2026_ppr.csv
2026,3,00-0040737,Terrance Ferguson,TE,LA,DEN,False,1.03,4.9,-0.5,1.68,3.93,7.19,11.88,0.39,0.08,ppr,2026-09-22 13:17,"Pre-kickoff snapshot locked 2026-09-22 (all Week 3 games 9/24-9/28, none yet played). Live data refreshed same day (Sleeper live API blocked by sandbox proxy 403, fell back to committed snapshot - see data/fallback/README). Manual weekly-out overrides applied for confirmed Week 3 absences: Jayden Daniels (WAS QB, elbow, Mariota starting), David Njoku and Charlie Kolar (both LAC TE, placed on IR after Week 2, min 4 games) - all via multi-source web confirmation (ESPN/CBS/NFL.com/Chargers.com), not yet reflected in Sleeper's live feed.",/home/user/ffcc/output/draft_rankings/draft_rankings_2026_ppr.csv
2026,3,00-0026300,Josh Johnson,QB,CIN,PIT,False,1.15,4.89,-2.0,-0.49,5.31,11.38,16.79,0.4,0.06,ppr,2026-09-22 13:17,"Pre-kickoff snapshot locked 2026-09-22 (all Week 3 games 9/24-9/28, none yet played). Live data refreshed same day (Sleeper live API blocked by sandbox proxy 403, fell back to committed snapshot - see data/fallback/README). Manual weekly-out overrides applied for confirmed Week 3 absences: Jayden Daniels (WAS QB, elbow, Mariota starting), David Njoku and Charlie Kolar (both LAC TE, placed on IR after Week 2, min 4 games) - all via multi-source web confirmation (ESPN/CBS/NFL.com/Chargers.com), not yet reflected in Sleeper's live feed.",/home/user/ffcc/output/draft_rankings/draft_rankings_2026_ppr.csv
2026,3,00-0039405,Jawhar Jordan,RB,HOU,IND,False,0.91,4.86,-1.99,0.69,3.46,8.32,14.41,0.46,0.06,ppr,2026-09-22 13:17,"Pre-kickoff snapshot locked 2026-09-22 (all Week 3 games 9/24-9/28, none yet played). Live data refreshed same day (Sleeper live API blocked by sandbox proxy 403, fell back to committed snapshot - see data/fallback/README). Manual weekly-out overrides applied for confirmed Week 3 absences: Jayden Daniels (WAS QB, elbow, Mariota starting), David Njoku and Charlie Kolar (both LAC TE, placed on IR after Week 2, min 4 games) - all via multi-source web confirmation (ESPN/CBS/NFL.com/Chargers.com), not yet reflected in Sleeper's live feed.",/home/user/ffcc/output/draft_rankings/draft_rankings_2026_ppr.csv
2026,3,00-0038579,Aidan O'Connell,QB,LV,NO,False,0.86,4.85,-2.0,-0.43,5.3,11.33,16.67,0.4,0.06,ppr,2026-09-22 13:17,"Pre-kickoff snapshot locked 2026-09-22 (all Week 3 games 9/24-9/28, none yet played). Live data refreshed same day (Sleeper live API blocked by sandbox proxy 403, fell back to committed snapshot - see data/fallback/README). Manual weekly-out overrides applied for confirmed Week 3 absences: Jayden Daniels (WAS QB, elbow, Mariota starting), David Njoku and Charlie Kolar (both LAC TE, placed on IR after Week 2, min 4 games) - all via multi-source web confirmation (ESPN/CBS/NFL.com/Chargers.com), not yet reflected in Sleeper's live feed.",/home/user/ffcc/output/draft_rankings/draft_rankings_2026_ppr.csv
2026,3,00-0033319,Nick Mullens,QB,JAX,NE,False,0.9,4.85,-2.0,-0.32,5.32,11.32,16.73,0.39,0.06,ppr,2026-09-22 13:17,"Pre-kickoff snapshot locked 2026-09-22 (all Week 3 games 9/24-9/28, none yet played). Live data refreshed same day (Sleeper live API blocked by sandbox proxy 403, fell back to committed snapshot - see data/fallback/README). Manual weekly-out overrides applied for confirmed Week 3 absences: Jayden Daniels (WAS QB, elbow, Mariota starting), David Njoku and Charlie Kolar (both LAC TE, placed on IR after Week 2, min 4 games) - all via multi-source web confirmation (ESPN/CBS/NFL.com/Chargers.com), not yet reflected in Sleeper's live feed.",/home/user/ffcc/output/draft_rankings/draft_rankings_2026_ppr.csv
2026,3,00-0031610,Darren Waller,TE,CAR,CLE,False,0.91,4.85,-0.56,1.59,3.9,7.18,11.89,0.4,0.09,ppr,2026-09-22 13:17,"Pre-kickoff snapshot locked 2026-09-22 (all Week 3 games 9/24-9/28, none yet played). Live data refreshed same day (Sleeper live API blocked by sandbox proxy 403, fell back to committed snapshot - see data/fallback/README). Manual weekly-out overrides applied for confirmed Week 3 absences: Jayden Daniels (WAS QB, elbow, Mariota starting), David Njoku and Charlie Kolar (both LAC TE, placed on IR after Week 2, min 4 games) - all via multi-source web confirmation (ESPN/CBS/NFL.com/Chargers.com), not yet reflected in Sleeper's live feed.",/home/user/ffcc/output/draft_rankings/draft_rankings_2026_ppr.csv
2026,3,00-0039794,Braelon Allen,RB,NYJ,DET,False,0.88,4.81,-1.94,0.64,3.38,8.18,14.3,0.47,0.05,ppr,2026-09-22 13:17,"Pre-kickoff snapshot locked 2026-09-22 (all Week 3 games 9/24-9/28, none yet played). Live data refreshed same day (Sleeper live API blocked by sandbox proxy 403, fell back to committed snapshot - see data/fallback/README). Manual weekly-out overrides applied for confirmed Week 3 absences: Jayden Daniels (WAS QB, elbow, Mariota starting), David Njoku and Charlie Kolar (both LAC TE, placed on IR after Week 2, min 4 games) - all via multi-source web confirmation (ESPN/CBS/NFL.com/Chargers.com), not yet reflected in Sleeper's live feed.",/home/user/ffcc/output/draft_rankings/draft_rankings_2026_ppr.csv
2026,3,00-0038551,Kendre Miller,RB,NO,LV,False,1.04,4.8,-2.0,0.63,3.32,8.05,14.19,0.47,0.05,ppr,2026-09-22 13:17,"Pre-kickoff snapshot locked 2026-09-22 (all Week 3 games 9/24-9/28, none yet played). Live data refreshed same day (Sleeper live API blocked by sandbox proxy 403, fell back to committed snapshot - see data/fallback/README). Manual weekly-out overrides applied for confirmed Week 3 absences: Jayden Daniels (WAS QB, elbow, Mariota starting), David Njoku and Charlie Kolar (both LAC TE, placed on IR after Week 2, min 4 games) - all via multi-source web confirmation (ESPN/CBS/NFL.com/Chargers.com), not yet reflected in Sleeper's live feed.",/home/user/ffcc/output/draft_rankings/draft_rankings_2026_ppr.csv
2026,3,00-0033526,Samaje Perine,RB,CIN,PIT,False,0.89,4.72,-2.0,0.51,3.32,8.0,14.25,0.47,0.05,ppr,2026-09-22 13:17,"Pre-kickoff snapshot locked 2026-09-22 (all Week 3 games 9/24-9/28, none yet played). Live data refreshed same day (Sleeper live API blocked by sandbox proxy 403, fell back to committed snapshot - see data/fallback/README). Manual weekly-out overrides applied for confirmed Week 3 absences: Jayden Daniels (WAS QB, elbow, Mariota starting), David Njoku and Charlie Kolar (both LAC TE, placed on IR after Week 2, min 4 games) - all via multi-source web confirmation (ESPN/CBS/NFL.com/Chargers.com), not yet reflected in Sleeper's live feed.",/home/user/ffcc/output/draft_rankings/draft_rankings_2026_ppr.csv
2026,3,00-0041040,Antonio Williams,WR,WAS,SEA,False,0.85,4.72,-2.0,0.26,3.18,7.61,13.75,0.48,0.04,ppr,2026-09-22 13:17,"Pre-kickoff snapshot locked 2026-09-22 (all Week 3 games 9/24-9/28, none yet played). Live data refreshed same day (Sleeper live API blocked by sandbox proxy 403, fell back to committed snapshot - see data/fallback/README). Manual weekly-out overrides applied for confirmed Week 3 absences: Jayden Daniels (WAS QB, elbow, Mariota starting), David Njoku and Charlie Kolar (both LAC TE, placed on IR after Week 2, min 4 games) - all via multi-source web confirmation (ESPN/CBS/NFL.com/Chargers.com), not yet reflected in Sleeper's live feed.",/home/user/ffcc/output/draft_rankings/draft_rankings_2026_ppr.csv
2026,3,00-0039373,Audric Estimé,RB,NO,LV,False,1.04,4.71,-2.0,0.57,3.19,7.92,14.3,0.49,0.06,ppr,2026-09-22 13:17,"Pre-kickoff snapshot locked 2026-09-22 (all Week 3 games 9/24-9/28, none yet played). Live data refreshed same day (Sleeper live API blocked by sandbox proxy 403, fell back to committed snapshot - see data/fallback/README). Manual weekly-out overrides applied for confirmed Week 3 absences: Jayden Daniels (WAS QB, elbow, Mariota starting), David Njoku and Charlie Kolar (both LAC TE, placed on IR after Week 2, min 4 games) - all via multi-source web confirmation (ESPN/CBS/NFL.com/Chargers.com), not yet reflected in Sleeper's live feed.",/home/user/ffcc/output/draft_rankings/draft_rankings_2026_ppr.csv
2026,3,00-0034613,Tanner Hudson,TE,CIN,PIT,False,1.25,4.7,-0.85,1.35,3.7,6.98,11.6,0.43,0.08,ppr,2026-09-22 13:17,"Pre-kickoff snapshot locked 2026-09-22 (all Week 3 games 9/24-9/28, none yet played). Live data refreshed same day (Sleeper live API blocked by sandbox proxy 403, fell back to committed snapshot - see data/fallback/README). Manual weekly-out overrides applied for confirmed Week 3 absences: Jayden Daniels (WAS QB, elbow, Mariota starting), David Njoku and Charlie Kolar (both LAC TE, placed on IR after Week 2, min 4 games) - all via multi-source web confirmation (ESPN/CBS/NFL.com/Chargers.com), not yet reflected in Sleeper's live feed.",/home/user/ffcc/output/draft_rankings/draft_rankings_2026_ppr.csv
2026,3,00-0038951,Sean Tucker,RB,TB,MIN,False,0.89,4.67,-2.0,0.54,3.34,8.02,14.1,0.47,0.05,ppr,2026-09-22 13:17,"Pre-kickoff snapshot locked 2026-09-22 (all Week 3 games 9/24-9/28, none yet played). Live data refreshed same day (Sleeper live API blocked by sandbox proxy 403, fell back to committed snapshot - see data/fallback/README). Manual weekly-out overrides applied for confirmed Week 3 absences: Jayden Daniels (WAS QB, elbow, Mariota starting), David Njoku and Charlie Kolar (both LAC TE, placed on IR after Week 2, min 4 games) - all via multi-source web confirmation (ESPN/CBS/NFL.com/Chargers.com), not yet reflected in Sleeper's live feed.",/home/user/ffcc/output/draft_rankings/draft_rankings_2026_ppr.csv
2026,3,00-0038476,Tommy DeVito,QB,NE,JAX,False,0.97,4.66,-2.0,-0.62,4.97,11.09,16.55,0.41,0.05,ppr,2026-09-22 13:17,"Pre-kickoff snapshot locked 2026-09-22 (all Week 3 games 9/24-9/28, none yet played). Live data refreshed same day (Sleeper live API blocked by sandbox proxy 403, fell back to committed snapshot - see data/fallback/README). Manual weekly-out overrides applied for confirmed Week 3 absences: Jayden Daniels (WAS QB, elbow, Mariota starting), David Njoku and Charlie Kolar (both LAC TE, placed on IR after Week 2, min 4 games) - all via multi-source web confirmation (ESPN/CBS/NFL.com/Chargers.com), not yet reflected in Sleeper's live feed.",/home/user/ffcc/output/draft_rankings/draft_rankings_2026_ppr.csv
2026,3,00-0041483,Eli Stowers,TE,PHI,CHI,False,0.98,4.66,-0.85,1.37,3.72,7.13,11.75,0.42,0.08,ppr,2026-09-22 13:17,"Pre-kickoff snapshot locked 2026-09-22 (all Week 3 games 9/24-9/28, none yet played). Live data refreshed same day (Sleeper live API blocked by sandbox proxy 403, fell back to committed snapshot - see data/fallback/README). Manual weekly-out overrides applied for confirmed Week 3 absences: Jayden Daniels (WAS QB, elbow, Mariota starting), David Njoku and Charlie Kolar (both LAC TE, placed on IR after Week 2, min 4 games) - all via multi-source web confirmation (ESPN/CBS/NFL.com/Chargers.com), not yet reflected in Sleeper's live feed.",/home/user/ffcc/output/draft_rankings/draft_rankings_2026_ppr.csv
2026,3,00-0039739,Roman Wilson,WR,PIT,CIN,False,0.82,4.64,-2.0,0.18,3.1,7.62,13.68,0.49,0.04,ppr,2026-09-22 13:17,"Pre-kickoff snapshot locked 2026-09-22 (all Week 3 games 9/24-9/28, none yet played). Live data refreshed same day (Sleeper live API blocked by sandbox proxy 403, fell back to committed snapshot - see data/fallback/README). Manual weekly-out overrides applied for confirmed Week 3 absences: Jayden Daniels (WAS QB, elbow, Mariota starting), David Njoku and Charlie Kolar (both LAC TE, placed on IR after Week 2, min 4 games) - all via multi-source web confirmation (ESPN/CBS/NFL.com/Chargers.com), not yet reflected in Sleeper's live feed.",/home/user/ffcc/output/draft_rankings/draft_rankings_2026_ppr.csv
2026,3,00-0037509,Sincere McCormick,RB,SF,ARI,False,1.19,4.56,-2.0,0.34,3.06,7.82,14.1,0.49,0.05,ppr,2026-09-22 13:17,"Pre-kickoff snapshot locked 2026-09-22 (all Week 3 games 9/24-9/28, none yet played). Live data refreshed same day (Sleeper live API blocked by sandbox proxy 403, fell back to committed snapshot - see data/fallback/README). Manual weekly-out overrides applied for confirmed Week 3 absences: Jayden Daniels (WAS QB, elbow, Mariota starting), David Njoku and Charlie Kolar (both LAC TE, placed on IR after Week 2, min 4 games) - all via multi-source web confirmation (ESPN/CBS/NFL.com/Chargers.com), not yet reflected in Sleeper's live feed.",/home/user/ffcc/output/draft_rankings/draft_rankings_2026_ppr.csv
2026,3,00-0027973,Andy Dalton,QB,PHI,CHI,False,1.11,4.52,-2.0,-0.58,4.98,11.1,16.37,0.41,0.05,ppr,2026-09-22 13:17,"Pre-kickoff snapshot locked 2026-09-22 (all Week 3 games 9/24-9/28, none yet played). Live data refreshed same day (Sleeper live API blocked by sandbox proxy 403, fell back to committed snapshot - see data/fallback/README). Manual weekly-out overrides applied for confirmed Week 3 absences: Jayden Daniels (WAS QB, elbow, Mariota starting), David Njoku and Charlie Kolar (both LAC TE, placed on IR after Week 2, min 4 games) - all via multi-source web confirmation (ESPN/CBS/NFL.com/Chargers.com), not yet reflected in Sleeper's live feed.",/home/user/ffcc/output/draft_rankings/draft_rankings_2026_ppr.csv
2026,3,00-0040311,Theo Wease Jr.,WR,LAC,BUF,False,0.86,4.51,-2.0,0.06,3.01,7.44,13.5,0.5,0.04,ppr,2026-09-22 13:17,"Pre-kickoff snapshot locked 2026-09-22 (all Week 3 games 9/24-9/28, none yet played). Live data refreshed same day (Sleeper live API blocked by sandbox proxy 403, fell back to committed snapshot - see data/fallback/README). Manual weekly-out overrides applied for confirmed Week 3 absences: Jayden Daniels (WAS QB, elbow, Mariota starting), David Njoku and Charlie Kolar (both LAC TE, placed on IR after Week 2, min 4 games) - all via multi-source web confirmation (ESPN/CBS/NFL.com/Chargers.com), not yet reflected in Sleeper's live feed.",/home/user/ffcc/output/draft_rankings/draft_rankings_2026_ppr.csv
2026,3,00-0041472,Marlin Klein,TE,HOU,IND,False,1.15,4.46,-1.08,1.09,3.4,6.63,11.16,0.46,0.07,ppr,2026-09-22 13:17,"Pre-kickoff snapshot locked 2026-09-22 (all Week 3 games 9/24-9/28, none yet played). Live data refreshed same day (Sleeper live API blocked by sandbox proxy 403, fell back to committed snapshot - see data/fallback/README). Manual weekly-out overrides applied for confirmed Week 3 absences: Jayden Daniels (WAS QB, elbow, Mariota starting), David Njoku and Charlie Kolar (both LAC TE, placed on IR after Week 2, min 4 games) - all via multi-source web confirmation (ESPN/CBS/NFL.com/Chargers.com), not yet reflected in Sleeper's live feed.",/home/user/ffcc/output/draft_rankings/draft_rankings_2026_ppr.csv
2026,3,00-0041013,Emmett Johnson,RB,KC,MIA,False,1.13,4.45,-2.0,0.31,3.11,7.79,13.92,0.49,0.05,ppr,2026-09-22 13:17,"Pre-kickoff snapshot locked 2026-09-22 (all Week 3 games 9/24-9/28, none yet played). Live data refreshed same day (Sleeper live API blocked by sandbox proxy 403, fell back to committed snapshot - see data/fallback/README). Manual weekly-out overrides applied for confirmed Week 3 absences: Jayden Daniels (WAS QB, elbow, Mariota starting), David Njoku and Charlie Kolar (both LAC TE, placed on IR after Week 2, min 4 games) - all via multi-source web confirmation (ESPN/CBS/NFL.com/Chargers.com), not yet reflected in Sleeper's live feed.",/home/user/ffcc/output/draft_rankings/draft_rankings_2026_ppr.csv
2026,3,00-0037157,Bam Knight,RB,ARI,SF,False,1.07,4.43,-2.0,0.23,3.0,8.01,14.06,0.5,0.05,ppr,2026-09-22 13:17,"Pre-kickoff snapshot locked 2026-09-22 (all Week 3 games 9/24-9/28, none yet played). Live data refreshed same day (Sleeper live API blocked by sandbox proxy 403, fell back to committed snapshot - see data/fallback/README). Manual weekly-out overrides applied for confirmed Week 3 absences: Jayden Daniels (WAS QB, elbow, Mariota starting), David Njoku and Charlie Kolar (both LAC TE, placed on IR after Week 2, min 4 games) - all via multi-source web confirmation (ESPN/CBS/NFL.com/Chargers.com), not yet reflected in Sleeper's live feed.",/home/user/ffcc/output/draft_rankings/draft_rankings_2026_ppr.csv
2026,3,00-0039041,Elijah Higgins,TE,ARI,SF,False,1.11,4.43,-1.06,1.16,3.46,6.62,11.26,0.45,0.08,ppr,2026-09-22 13:17,"Pre-kickoff snapshot locked 2026-09-22 (all Week 3 games 9/24-9/28, none yet played). Live data refreshed same day (Sleeper live API blocked by sandbox proxy 403, fell back to committed snapshot - see data/fallback/README). Manual weekly-out overrides applied for confirmed Week 3 absences: Jayden Daniels (WAS QB, elbow, Mariota starting), David Njoku and Charlie Kolar (both LAC TE, placed on IR after Week 2, min 4 games) - all via multi-source web confirmation (ESPN/CBS/NFL.com/Chargers.com), not yet reflected in Sleeper's live feed.",/home/user/ffcc/output/draft_rankings/draft_rankings_2026_ppr.csv
2026,3,00-0039874,Jaylen Wright,RB,MIA,KC,False,0.87,4.36,-2.0,0.2,2.92,7.75,14.32,0.51,0.06,ppr,2026-09-22 13:17,"Pre-kickoff snapshot locked 2026-09-22 (all Week 3 games 9/24-9/28, none yet played). Live data refreshed same day (Sleeper live API blocked by sandbox proxy 403, fell back to committed snapshot - see data/fallback/README). Manual weekly-out overrides applied for confirmed Week 3 absences: Jayden Daniels (WAS QB, elbow, Mariota starting), David Njoku and Charlie Kolar (both LAC TE, placed on IR after Week 2, min 4 games) - all via multi-source web confirmation (ESPN/CBS/NFL.com/Chargers.com), not yet reflected in Sleeper's live feed.",/home/user/ffcc/output/draft_rankings/draft_rankings_2026_ppr.csv
2026,3,00-0040078,Brashard Smith,RB,KC,MIA,False,1.13,4.36,-2.0,0.22,2.94,7.83,13.96,0.51,0.05,ppr,2026-09-22 13:17,"Pre-kickoff snapshot locked 2026-09-22 (all Week 3 games 9/24-9/28, none yet played). Live data refreshed same day (Sleeper live API blocked by sandbox proxy 403, fell back to committed snapshot - see data/fallback/README). Manual weekly-out overrides applied for confirmed Week 3 absences: Jayden Daniels (WAS QB, elbow, Mariota starting), David Njoku and Charlie Kolar (both LAC TE, placed on IR after Week 2, min 4 games) - all via multi-source web confirmation (ESPN/CBS/NFL.com/Chargers.com), not yet reflected in Sleeper's live feed.",/home/user/ffcc/output/draft_rankings/draft_rankings_2026_ppr.csv
2026,3,00-0039066,Michael Mayer,TE,LV,NO,False,0.94,4.35,-1.15,1.08,3.39,6.67,11.19,0.46,0.08,ppr,2026-09-22 13:17,"Pre-kickoff snapshot locked 2026-09-22 (all Week 3 games 9/24-9/28, none yet played). Live data refreshed same day (Sleeper live API blocked by sandbox proxy 403, fell back to committed snapshot - see data/fallback/README). Manual weekly-out overrides applied for confirmed Week 3 absences: Jayden Daniels (WAS QB, elbow, Mariota starting), David Njoku and Charlie Kolar (both LAC TE, placed on IR after Week 2, min 4 games) - all via multi-source web confirmation (ESPN/CBS/NFL.com/Chargers.com), not yet reflected in Sleeper's live feed.",/home/user/ffcc/output/draft_rankings/draft_rankings_2026_ppr.csv
2026,3,00-0035282,Easton Stick,QB,TB,MIN,False,0.68,4.35,-2.0,-0.89,4.61,10.72,16.05,0.43,0.05,ppr,2026-09-22 13:17,"Pre-kickoff snapshot locked 2026-09-22 (all Week 3 games 9/24-9/28, none yet played). Live data refreshed same day (Sleeper live API blocked by sandbox proxy 403, fell back to committed snapshot - see data/fallback/README). Manual weekly-out overrides applied for confirmed Week 3 absences: Jayden Daniels (WAS QB, elbow, Mariota starting), David Njoku and Charlie Kolar (both LAC TE, placed on IR after Week 2, min 4 games) - all via multi-source web confirmation (ESPN/CBS/NFL.com/Chargers.com), not yet reflected in Sleeper's live feed.",/home/user/ffcc/output/draft_rankings/draft_rankings_2026_ppr.csv
2026,3,00-0036980,Elijah Moore,WR,PHI,CHI,False,1.18,4.34,-2.0,-0.05,2.84,7.57,13.47,0.52,0.04,ppr,2026-09-22 13:17,"Pre-kickoff snapshot locked 2026-09-22 (all Week 3 games 9/24-9/28, none yet played). Live data refreshed same day (Sleeper live API blocked by sandbox proxy 403, fell back to committed snapshot - see data/fallback/README). Manual weekly-out overrides applied for confirmed Week 3 absences: Jayden Daniels (WAS QB, elbow, Mariota starting), David Njoku and Charlie Kolar (both LAC TE, placed on IR after Week 2, min 4 games) - all via multi-source web confirmation (ESPN/CBS/NFL.com/Chargers.com), not yet reflected in Sleeper's live feed.",/home/user/ffcc/output/draft_rankings/draft_rankings_2026_ppr.csv
2026,3,00-0041525,Chris Bell,WR,MIA,KC,False,0.89,4.34,-2.0,-0.13,2.8,7.31,13.23,0.52,0.04,ppr,2026-09-22 13:17,"Pre-kickoff snapshot locked 2026-09-22 (all Week 3 games 9/24-9/28, none yet played). Live data refreshed same day (Sleeper live API blocked by sandbox proxy 403, fell back to committed snapshot - see data/fallback/README). Manual weekly-out overrides applied for confirmed Week 3 absences: Jayden Daniels (WAS QB, elbow, Mariota starting), David Njoku and Charlie Kolar (both LAC TE, placed on IR after Week 2, min 4 games) - all via multi-source web confirmation (ESPN/CBS/NFL.com/Chargers.com), not yet reflected in Sleeper's live feed.",/home/user/ffcc/output/draft_rankings/draft_rankings_2026_ppr.csv
2026,3,00-0039363,Isaac Guerendo,RB,SF,ARI,False,1.19,4.33,-2.0,0.13,2.77,7.66,14.01,0.52,0.05,ppr,2026-09-22 13:17,"Pre-kickoff snapshot locked 2026-09-22 (all Week 3 games 9/24-9/28, none yet played). Live data refreshed same day (Sleeper live API blocked by sandbox proxy 403, fell back to committed snapshot - see data/fallback/README). Manual weekly-out overrides applied for confirmed Week 3 absences: Jayden Daniels (WAS QB, elbow, Mariota starting), David Njoku and Charlie Kolar (both LAC TE, placed on IR after Week 2, min 4 games) - all via multi-source web confirmation (ESPN/CBS/NFL.com/Chargers.com), not yet reflected in Sleeper's live feed.",/home/user/ffcc/output/draft_rankings/draft_rankings_2026_ppr.csv
2026,3,00-0033858,Jonnu Smith,TE,GB,ATL,False,0.77,4.31,-1.23,1.04,3.37,6.75,11.52,0.46,0.08,ppr,2026-09-22 13:17,"Pre-kickoff snapshot locked 2026-09-22 (all Week 3 games 9/24-9/28, none yet played). Live data refreshed same day (Sleeper live API blocked by sandbox proxy 403, fell back to committed snapshot - see data/fallback/README). Manual weekly-out overrides applied for confirmed Week 3 absences: Jayden Daniels (WAS QB, elbow, Mariota starting), David Njoku and Charlie Kolar (both LAC TE, placed on IR after Week 2, min 4 games) - all via multi-source web confirmation (ESPN/CBS/NFL.com/Chargers.com), not yet reflected in Sleeper's live feed.",/home/user/ffcc/output/draft_rankings/draft_rankings_2026_ppr.csv
2026,3,00-0035406,Lil'Jordan Humphrey,WR,DEN,LA,False,1.03,4.31,-2.0,-0.01,2.87,7.47,13.33,0.51,0.04,ppr,2026-09-22 13:17,"Pre-kickoff snapshot locked 2026-09-22 (all Week 3 games 9/24-9/28, none yet played). Live data refreshed same day (Sleeper live API blocked by sandbox proxy 403, fell back to committed snapshot - see data/fallback/README). Manual weekly-out overrides applied for confirmed Week 3 absences: Jayden Daniels (WAS QB, elbow, Mariota starting), David Njoku and Charlie Kolar (both LAC TE, placed on IR after Week 2, min 4 games) - all via multi-source web confirmation (ESPN/CBS/NFL.com/Chargers.com), not yet reflected in Sleeper's live feed.",/home/user/ffcc/output/draft_rankings/draft_rankings_2026_ppr.csv
2026,3,00-0039386,Bub Means,WR,CLE,CAR,False,0.86,4.28,-2.0,-0.21,2.7,7.14,12.89,0.53,0.03,ppr,2026-09-22 13:17,"Pre-kickoff snapshot locked 2026-09-22 (all Week 3 games 9/24-9/28, none yet played). Live data refreshed same day (Sleeper live API blocked by sandbox proxy 403, fell back to committed snapshot - see data/fallback/README). Manual weekly-out overrides applied for confirmed Week 3 absences: Jayden Daniels (WAS QB, elbow, Mariota starting), David Njoku and Charlie Kolar (both LAC TE, placed on IR after Week 2, min 4 games) - all via multi-source web confirmation (ESPN/CBS/NFL.com/Chargers.com), not yet reflected in Sleeper's live feed.",/home/user/ffcc/output/draft_rankings/draft_rankings_2026_ppr.csv
2026,3,00-0037231,Kevin Austin Jr.,WR,NO,LV,False,1.09,4.28,-2.0,-0.09,2.81,7.47,13.25,0.52,0.04,ppr,2026-09-22 13:17,"Pre-kickoff snapshot locked 2026-09-22 (all Week 3 games 9/24-9/28, none yet played). Live data refreshed same day (Sleeper live API blocked by sandbox proxy 403, fell back to committed snapshot - see data/fallback/README). Manual weekly-out overrides applied for confirmed Week 3 absences: Jayden Daniels (WAS QB, elbow, Mariota starting), David Njoku and Charlie Kolar (both LAC TE, placed on IR after Week 2, min 4 games) - all via multi-source web confirmation (ESPN/CBS/NFL.com/Chargers.com), not yet reflected in Sleeper's live feed.",/home/user/ffcc/output/draft_rankings/draft_rankings_2026_ppr.csv
2026,3,00-0037267,Jerome Ford,RB,MIN,TB,False,1.0,4.26,-2.0,0.02,2.79,7.63,13.73,0.52,0.05,ppr,2026-09-22 13:17,"Pre-kickoff snapshot locked 2026-09-22 (all Week 3 games 9/24-9/28, none yet played). Live data refreshed same day (Sleeper live API blocked by sandbox proxy 403, fell back to committed snapshot - see data/fallback/README). Manual weekly-out overrides applied for confirmed Week 3 absences: Jayden Daniels (WAS QB, elbow, Mariota starting), David Njoku and Charlie Kolar (both LAC TE, placed on IR after Week 2, min 4 games) - all via multi-source web confirmation (ESPN/CBS/NFL.com/Chargers.com), not yet reflected in Sleeper's live feed.",/home/user/ffcc/output/draft_rankings/draft_rankings_2026_ppr.csv
2026,3,00-0041510,Max Klare,TE,LA,DEN,False,1.03,4.24,-1.24,0.97,3.35,6.84,11.25,0.46,0.07,ppr,2026-09-22 13:17,"Pre-kickoff snapshot locked 2026-09-22 (all Week 3 games 9/24-9/28, none yet played). Live data refreshed same day (Sleeper live API blocked by sandbox proxy 403, fell back to committed snapshot - see data/fallback/README). Manual weekly-out overrides applied for confirmed Week 3 absences: Jayden Daniels (WAS QB, elbow, Mariota starting), David Njoku and Charlie Kolar (both LAC TE, placed on IR after Week 2, min 4 games) - all via multi-source web confirmation (ESPN/CBS/NFL.com/Chargers.com), not yet reflected in Sleeper's live feed.",/home/user/ffcc/output/draft_rankings/draft_rankings_2026_ppr.csv
2026,3,00-0041489,Germie Bernard,WR,PIT,CIN,False,0.82,4.24,-2.0,-0.09,2.78,7.38,13.0,0.52,0.04,ppr,2026-09-22 13:17,"Pre-kickoff snapshot locked 2026-09-22 (all Week 3 games 9/24-9/28, none yet played). Live data refreshed same day (Sleeper live API blocked by sandbox proxy 403, fell back to committed snapshot - see data/fallback/README). Manual weekly-out overrides applied for confirmed Week 3 absences: Jayden Daniels (WAS QB, elbow, Mariota starting), David Njoku and Charlie Kolar (both LAC TE, placed on IR after Week 2, min 4 games) - all via multi-source web confirmation (ESPN/CBS/NFL.com/Chargers.com), not yet reflected in Sleeper's live feed.",/home/user/ffcc/output/draft_rankings/draft_rankings_2026_ppr.csv
2026,3,00-0040131,Kyle Williams,WR,NE,JAX,False,1.02,4.23,-2.0,-0.15,2.79,7.32,13.26,0.52,0.04,ppr,2026-09-22 13:17,"Pre-kickoff snapshot locked 2026-09-22 (all Week 3 games 9/24-9/28, none yet played). Live data refreshed same day (Sleeper live API blocked by sandbox proxy 403, fell back to committed snapshot - see data/fallback/README). Manual weekly-out overrides applied for confirmed Week 3 absences: Jayden Daniels (WAS QB, elbow, Mariota starting), David Njoku and Charlie Kolar (both LAC TE, placed on IR after Week 2, min 4 games) - all via multi-source web confirmation (ESPN/CBS/NFL.com/Chargers.com), not yet reflected in Sleeper's live feed.",/home/user/ffcc/output/draft_rankings/draft_rankings_2026_ppr.csv
2026,3,00-0040494,Max Brosmer,QB,MIN,TB,False,1.19,4.2,-2.0,-1.08,4.62,10.79,15.84,0.43,0.05,ppr,2026-09-22 13:17,"Pre-kickoff snapshot locked 2026-09-22 (all Week 3 games 9/24-9/28, none yet played). Live data refreshed same day (Sleeper live API blocked by sandbox proxy 403, fell back to committed snapshot - see data/fallback/README). Manual weekly-out overrides applied for confirmed Week 3 absences: Jayden Daniels (WAS QB, elbow, Mariota starting), David Njoku and Charlie Kolar (both LAC TE, placed on IR after Week 2, min 4 games) - all via multi-source web confirmation (ESPN/CBS/NFL.com/Chargers.com), not yet reflected in Sleeper's live feed.",/home/user/ffcc/output/draft_rankings/draft_rankings_2026_ppr.csv
2026,3,00-0035689,Dawson Knox,TE,BUF,LAC,False,0.79,4.2,-1.29,0.91,3.22,6.6,11.1,0.47,0.07,ppr,2026-09-22 13:17,"Pre-kickoff snapshot locked 2026-09-22 (all Week 3 games 9/24-9/28, none yet played). Live data refreshed same day (Sleeper live API blocked by sandbox proxy 403, fell back to committed snapshot - see data/fallback/README). Manual weekly-out overrides applied for confirmed Week 3 absences: Jayden Daniels (WAS QB, elbow, Mariota starting), David Njoku and Charlie Kolar (both LAC TE, placed on IR after Week 2, min 4 games) - all via multi-source web confirmation (ESPN/CBS/NFL.com/Chargers.com), not yet reflected in Sleeper's live feed.",/home/user/ffcc/output/draft_rankings/draft_rankings_2026_ppr.csv
2026,3,00-0036427,Tyler Johnson,WR,NYJ,DET,False,1.16,4.19,-2.0,-0.26,2.72,7.24,13.01,0.53,0.04,ppr,2026-09-22 13:17,"Pre-kickoff snapshot locked 2026-09-22 (all Week 3 games 9/24-9/28, none yet played). Live data refreshed same day (Sleeper live API blocked by sandbox proxy 403, fell back to committed snapshot - see data/fallback/README). Manual weekly-out overrides applied for confirmed Week 3 absences: Jayden Daniels (WAS QB, elbow, Mariota starting), David Njoku and Charlie Kolar (both LAC TE, placed on IR after Week 2, min 4 games) - all via multi-source web confirmation (ESPN/CBS/NFL.com/Chargers.com), not yet reflected in Sleeper's live feed.",/home/user/ffcc/output/draft_rankings/draft_rankings_2026_ppr.csv
2026,3,00-0041044,Zachariah Branch,WR,ATL,GB,False,1.02,4.18,-2.0,-0.22,2.69,7.39,13.31,0.53,0.04,ppr,2026-09-22 13:17,"Pre-kickoff snapshot locked 2026-09-22 (all Week 3 games 9/24-9/28, none yet played). Live data refreshed same day (Sleeper live API blocked by sandbox proxy 403, fell back to committed snapshot - see data/fallback/README). Manual weekly-out overrides applied for confirmed Week 3 absences: Jayden Daniels (WAS QB, elbow, Mariota starting), David Njoku and Charlie Kolar (both LAC TE, placed on IR after Week 2, min 4 games) - all via multi-source web confirmation (ESPN/CBS/NFL.com/Chargers.com), not yet reflected in Sleeper's live feed.",/home/user/ffcc/output/draft_rankings/draft_rankings_2026_ppr.csv
2026,3,00-0041503,Nate Boerkircher,TE,JAX,NE,False,1.1,4.17,-1.49,0.83,3.22,6.44,11.08,0.48,0.07,ppr,2026-09-22 13:17,"Pre-kickoff snapshot locked 2026-09-22 (all Week 3 games 9/24-9/28, none yet played). Live data refreshed same day (Sleeper live API blocked by sandbox proxy 403, fell back to committed snapshot - see data/fallback/README). Manual weekly-out overrides applied for confirmed Week 3 absences: Jayden Daniels (WAS QB, elbow, Mariota starting), David Njoku and Charlie Kolar (both LAC TE, placed on IR after Week 2, min 4 games) - all via multi-source web confirmation (ESPN/CBS/NFL.com/Chargers.com), not yet reflected in Sleeper's live feed.",/home/user/ffcc/output/draft_rankings/draft_rankings_2026_ppr.csv
2026,3,00-0035537,Ty Johnson,RB,BUF,LAC,False,0.84,4.17,-2.0,-0.01,2.69,7.3,13.5,0.53,0.05,ppr,2026-09-22 13:17,"Pre-kickoff snapshot locked 2026-09-22 (all Week 3 games 9/24-9/28, none yet played). Live data refreshed same day (Sleeper live API blocked by sandbox proxy 403, fell back to committed snapshot - see data/fallback/README). Manual weekly-out overrides applied for confirmed Week 3 absences: Jayden Daniels (WAS QB, elbow, Mariota starting), David Njoku and Charlie Kolar (both LAC TE, placed on IR after Week 2, min 4 games) - all via multi-source web confirmation (ESPN/CBS/NFL.com/Chargers.com), not yet reflected in Sleeper's live feed.",/home/user/ffcc/output/draft_rankings/draft_rankings_2026_ppr.csv
2026,3,00-0041561,Carson Beck,QB,ARI,SF,False,1.05,4.14,-2.0,-1.0,4.69,10.73,16.09,0.42,0.05,ppr,2026-09-22 13:17,"Pre-kickoff snapshot locked 2026-09-22 (all Week 3 games 9/24-9/28, none yet played). Live data refreshed same day (Sleeper live API blocked by sandbox proxy 403, fell back to committed snapshot - see data/fallback/README). Manual weekly-out overrides applied for confirmed Week 3 absences: Jayden Daniels (WAS QB, elbow, Mariota starting), David Njoku and Charlie Kolar (both LAC TE, placed on IR after Week 2, min 4 games) - all via multi-source web confirmation (ESPN/CBS/NFL.com/Chargers.com), not yet reflected in Sleeper's live feed.",/home/user/ffcc/output/draft_rankings/draft_rankings_2026_ppr.csv
2026,3,00-0041565,Drew Allar,QB,PIT,CIN,False,1.13,4.11,-2.0,-1.36,4.37,10.66,16.04,0.44,0.05,ppr,2026-09-22 13:17,"Pre-kickoff snapshot locked 2026-09-22 (all Week 3 games 9/24-9/28, none yet played). Live data refreshed same day (Sleeper live API blocked by sandbox proxy 403, fell back to committed snapshot - see data/fallback/README). Manual weekly-out overrides applied for confirmed Week 3 absences: Jayden Daniels (WAS QB, elbow, Mariota starting), David Njoku and Charlie Kolar (both LAC TE, placed on IR after Week 2, min 4 games) - all via multi-source web confirmation (ESPN/CBS/NFL.com/Chargers.com), not yet reflected in Sleeper's live feed.",/home/user/ffcc/output/draft_rankings/draft_rankings_2026_ppr.csv
2026,3,00-0039921,Trey Benson,RB,ARI,SF,False,1.07,4.1,-2.0,-0.1,2.64,7.58,13.72,0.53,0.05,ppr,2026-09-22 13:17,"Pre-kickoff snapshot locked 2026-09-22 (all Week 3 games 9/24-9/28, none yet played). Live data refreshed same day (Sleeper live API blocked by sandbox proxy 403, fell back to committed snapshot - see data/fallback/README). Manual weekly-out overrides applied for confirmed Week 3 absences: Jayden Daniels (WAS QB, elbow, Mariota starting), David Njoku and Charlie Kolar (both LAC TE, placed on IR after Week 2, min 4 games) - all via multi-source web confirmation (ESPN/CBS/NFL.com/Chargers.com), not yet reflected in Sleeper's live feed.",/home/user/ffcc/output/draft_rankings/draft_rankings_2026_ppr.csv
2026,3,00-0040876,Elijah Sarratt,WR,BAL,DAL,False,1.28,4.09,-2.0,-0.38,2.55,7.06,13.03,0.54,0.04,ppr,2026-09-22 13:17,"Pre-kickoff snapshot locked 2026-09-22 (all Week 3 games 9/24-9/28, none yet played). Live data refreshed same day (Sleeper live API blocked by sandbox proxy 403, fell back to committed snapshot - see data/fallback/README). Manual weekly-out overrides applied for confirmed Week 3 absences: Jayden Daniels (WAS QB, elbow, Mariota starting), David Njoku and Charlie Kolar (both LAC TE, placed on IR after Week 2, min 4 games) - all via multi-source web confirmation (ESPN/CBS/NFL.com/Chargers.com), not yet reflected in Sleeper's live feed.",/home/user/ffcc/output/draft_rankings/draft_rankings_2026_ppr.csv
2026,3,00-0041496,Jonah Coleman,RB,DEN,LA,False,0.92,4.08,-2.0,-0.1,2.67,7.39,13.57,0.53,0.05,ppr,2026-09-22 13:17,"Pre-kickoff snapshot locked 2026-09-22 (all Week 3 games 9/24-9/28, none yet played). Live data refreshed same day (Sleeper live API blocked by sandbox proxy 403, fell back to committed snapshot - see data/fallback/README). Manual weekly-out overrides applied for confirmed Week 3 absences: Jayden Daniels (WAS QB, elbow, Mariota starting), David Njoku and Charlie Kolar (both LAC TE, placed on IR after Week 2, min 4 games) - all via multi-source web confirmation (ESPN/CBS/NFL.com/Chargers.com), not yet reflected in Sleeper's live feed.",/home/user/ffcc/output/draft_rankings/draft_rankings_2026_ppr.csv
2026,3,00-0040739,Elijah Arroyo,TE,SEA,WAS,False,1.19,4.07,-1.33,0.82,3.14,6.47,11.04,0.48,0.08,ppr,2026-09-22 13:17,"Pre-kickoff snapshot locked 2026-09-22 (all Week 3 games 9/24-9/28, none yet played). Live data refreshed same day (Sleeper live API blocked by sandbox proxy 403, fell back to committed snapshot - see data/fallback/README). Manual weekly-out overrides applied for confirmed Week 3 absences: Jayden Daniels (WAS QB, elbow, Mariota starting), David Njoku and Charlie Kolar (both LAC TE, placed on IR after Week 2, min 4 games) - all via multi-source web confirmation (ESPN/CBS/NFL.com/Chargers.com), not yet reflected in Sleeper's live feed.",/home/user/ffcc/output/draft_rankings/draft_rankings_2026_ppr.csv
2026,3,00-0038979,Cedric Tillman,WR,NO,LV,False,1.09,4.07,-2.0,-0.33,2.54,7.01,12.96,0.54,0.04,ppr,2026-09-22 13:17,"Pre-kickoff snapshot locked 2026-09-22 (all Week 3 games 9/24-9/28, none yet played). Live data refreshed same day (Sleeper live API blocked by sandbox proxy 403, fell back to committed snapshot - see data/fallback/README). Manual weekly-out overrides applied for confirmed Week 3 absences: Jayden Daniels (WAS QB, elbow, Mariota starting), David Njoku and Charlie Kolar (both LAC TE, placed on IR after Week 2, min 4 games) - all via multi-source web confirmation (ESPN/CBS/NFL.com/Chargers.com), not yet reflected in Sleeper's live feed.",/home/user/ffcc/output/draft_rankings/draft_rankings_2026_ppr.csv
2026,3,00-0039751,Jordan Whittington,WR,LA,DEN,False,0.88,4.07,-2.0,-0.44,2.56,7.03,12.99,0.54,0.04,ppr,2026-09-22 13:17,"Pre-kickoff snapshot locked 2026-09-22 (all Week 3 games 9/24-9/28, none yet played). Live data refreshed same day (Sleeper live API blocked by sandbox proxy 403, fell back to committed snapshot - see data/fallback/README). Manual weekly-out overrides applied for confirmed Week 3 absences: Jayden Daniels (WAS QB, elbow, Mariota starting), David Njoku and Charlie Kolar (both LAC TE, placed on IR after Week 2, min 4 games) - all via multi-source web confirmation (ESPN/CBS/NFL.com/Chargers.com), not yet reflected in Sleeper's live feed.",/home/user/ffcc/output/draft_rankings/draft_rankings_2026_ppr.csv
2026,3,00-0039021,Roschon Johnson,RB,CHI,PHI,False,1.04,4.05,-2.0,-0.19,2.62,7.46,13.67,0.53,0.05,ppr,2026-09-22 13:17,"Pre-kickoff snapshot locked 2026-09-22 (all Week 3 games 9/24-9/28, none yet played). Live data refreshed same day (Sleeper live API blocked by sandbox proxy 403, fell back to committed snapshot - see data/fallback/README). Manual weekly-out overrides applied for confirmed Week 3 absences: Jayden Daniels (WAS QB, elbow, Mariota starting), David Njoku and Charlie Kolar (both LAC TE, placed on IR after Week 2, min 4 games) - all via multi-source web confirmation (ESPN/CBS/NFL.com/Chargers.com), not yet reflected in Sleeper's live feed.",/home/user/ffcc/output/draft_rankings/draft_rankings_2026_ppr.csv
2026,3,00-0039814,Erick All,TE,CIN,PIT,False,1.25,4.02,-1.37,0.75,3.02,6.31,11.09,0.5,0.07,ppr,2026-09-22 13:17,"Pre-kickoff snapshot locked 2026-09-22 (all Week 3 games 9/24-9/28, none yet played). Live data refreshed same day (Sleeper live API blocked by sandbox proxy 403, fell back to committed snapshot - see data/fallback/README). Manual weekly-out overrides applied for confirmed Week 3 absences: Jayden Daniels (WAS QB, elbow, Mariota starting), David Njoku and Charlie Kolar (both LAC TE, placed on IR after Week 2, min 4 games) - all via multi-source web confirmation (ESPN/CBS/NFL.com/Chargers.com), not yet reflected in Sleeper's live feed.",/home/user/ffcc/output/draft_rankings/draft_rankings_2026_ppr.csv
2026,3,00-0040522,Xavier Restrepo,WR,TEN,NYG,False,1.1,4.01,-2.0,-0.44,2.59,7.12,13.08,0.53,0.04,ppr,2026-09-22 13:17,"Pre-kickoff snapshot locked 2026-09-22 (all Week 3 games 9/24-9/28, none yet played). Live data refreshed same day (Sleeper live API blocked by sandbox proxy 403, fell back to committed snapshot - see data/fallback/README). Manual weekly-out overrides applied for confirmed Week 3 absences: Jayden Daniels (WAS QB, elbow, Mariota starting), David Njoku and Charlie Kolar (both LAC TE, placed on IR after Week 2, min 4 games) - all via multi-source web confirmation (ESPN/CBS/NFL.com/Chargers.com), not yet reflected in Sleeper's live feed.",/home/user/ffcc/output/draft_rankings/draft_rankings_2026_ppr.csv
2026,3,00-0039364,Sione Vaki,RB,DET,NYJ,False,1.27,4.0,-2.0,-0.15,2.56,7.12,13.57,0.54,0.05,ppr,2026-09-22 13:17,"Pre-kickoff snapshot locked 2026-09-22 (all Week 3 games 9/24-9/28, none yet played). Live data refreshed same day (Sleeper live API blocked by sandbox proxy 403, fell back to committed snapshot - see data/fallback/README). Manual weekly-out overrides applied for confirmed Week 3 absences: Jayden Daniels (WAS QB, elbow, Mariota starting), David Njoku and Charlie Kolar (both LAC TE, placed on IR after Week 2, min 4 games) - all via multi-source web confirmation (ESPN/CBS/NFL.com/Chargers.com), not yet reflected in Sleeper's live feed.",/home/user/ffcc/output/draft_rankings/draft_rankings_2026_ppr.csv
2026,3,00-0038488,Brady Russell,RB,SEA,WAS,False,1.16,3.95,-2.0,-0.2,2.53,7.3,13.42,0.54,0.05,ppr,2026-09-22 13:17,"Pre-kickoff snapshot locked 2026-09-22 (all Week 3 games 9/24-9/28, none yet played). Live data refreshed same day (Sleeper live API blocked by sandbox proxy 403, fell back to committed snapshot - see data/fallback/README). Manual weekly-out overrides applied for confirmed Week 3 absences: Jayden Daniels (WAS QB, elbow, Mariota starting), David Njoku and Charlie Kolar (both LAC TE, placed on IR after Week 2, min 4 games) - all via multi-source web confirmation (ESPN/CBS/NFL.com/Chargers.com), not yet reflected in Sleeper's live feed.",/home/user/ffcc/output/draft_rankings/draft_rankings_2026_ppr.csv
2026,3,00-0036345,K.J. Osborn,WR,TEN,NYG,False,1.1,3.93,-2.0,-0.47,2.49,7.03,13.01,0.54,0.04,ppr,2026-09-22 13:17,"Pre-kickoff snapshot locked 2026-09-22 (all Week 3 games 9/24-9/28, none yet played). Live data refreshed same day (Sleeper live API blocked by sandbox proxy 403, fell back to committed snapshot - see data/fallback/README). Manual weekly-out overrides applied for confirmed Week 3 absences: Jayden Daniels (WAS QB, elbow, Mariota starting), David Njoku and Charlie Kolar (both LAC TE, placed on IR after Week 2, min 4 games) - all via multi-source web confirmation (ESPN/CBS/NFL.com/Chargers.com), not yet reflected in Sleeper's live feed.",/home/user/ffcc/output/draft_rankings/draft_rankings_2026_ppr.csv
2026,3,00-0041395,Eli Raridon,TE,NE,JAX,False,1.11,3.92,-1.48,0.63,3.0,6.37,10.9,0.5,0.07,ppr,2026-09-22 13:17,"Pre-kickoff snapshot locked 2026-09-22 (all Week 3 games 9/24-9/28, none yet played). Live data refreshed same day (Sleeper live API blocked by sandbox proxy 403, fell back to committed snapshot - see data/fallback/README). Manual weekly-out overrides applied for confirmed Week 3 absences: Jayden Daniels (WAS QB, elbow, Mariota starting), David Njoku and Charlie Kolar (both LAC TE, placed on IR after Week 2, min 4 games) - all via multi-source web confirmation (ESPN/CBS/NFL.com/Chargers.com), not yet reflected in Sleeper's live feed.",/home/user/ffcc/output/draft_rankings/draft_rankings_2026_ppr.csv
2026,3,00-0039052,Trey Palmer,WR,NO,LV,False,1.09,3.88,-2.0,-0.59,2.38,6.94,12.9,0.55,0.04,ppr,2026-09-22 13:17,"Pre-kickoff snapshot locked 2026-09-22 (all Week 3 games 9/24-9/28, none yet played). Live data refreshed same day (Sleeper live API blocked by sandbox proxy 403, fell back to committed snapshot - see data/fallback/README). Manual weekly-out overrides applied for confirmed Week 3 absences: Jayden Daniels (WAS QB, elbow, Mariota starting), David Njoku and Charlie Kolar (both LAC TE, placed on IR after Week 2, min 4 games) - all via multi-source web confirmation (ESPN/CBS/NFL.com/Chargers.com), not yet reflected in Sleeper's live feed.",/home/user/ffcc/output/draft_rankings/draft_rankings_2026_ppr.csv
2026,3,00-0038752,Jake Bobo,WR,SEA,WAS,False,1.13,3.84,-2.0,-0.62,2.36,7.04,13.01,0.55,0.03,ppr,2026-09-22 13:17,"Pre-kickoff snapshot locked 2026-09-22 (all Week 3 games 9/24-9/28, none yet played). Live data refreshed same day (Sleeper live API blocked by sandbox proxy 403, fell back to committed snapshot - see data/fallback/README). Manual weekly-out overrides applied for confirmed Week 3 absences: Jayden Daniels (WAS QB, elbow, Mariota starting), David Njoku and Charlie Kolar (both LAC TE, placed on IR after Week 2, min 4 games) - all via multi-source web confirmation (ESPN/CBS/NFL.com/Chargers.com), not yet reflected in Sleeper's live feed.",/home/user/ffcc/output/draft_rankings/draft_rankings_2026_ppr.csv
2026,3,00-0038728,Jared Wayne,WR,HOU,IND,False,1.17,3.84,-2.0,-0.58,2.27,6.82,12.57,0.56,0.03,ppr,2026-09-22 13:17,"Pre-kickoff snapshot locked 2026-09-22 (all Week 3 games 9/24-9/28, none yet played). Live data refreshed same day (Sleeper live API blocked by sandbox proxy 403, fell back to committed snapshot - see data/fallback/README). Manual weekly-out overrides applied for confirmed Week 3 absences: Jayden Daniels (WAS QB, elbow, Mariota starting), David Njoku and Charlie Kolar (both LAC TE, placed on IR after Week 2, min 4 games) - all via multi-source web confirmation (ESPN/CBS/NFL.com/Chargers.com), not yet reflected in Sleeper's live feed.",/home/user/ffcc/output/draft_rankings/draft_rankings_2026_ppr.csv
2026,3,00-0036290,Cole Kmet,TE,CHI,PHI,False,0.63,3.83,-1.59,0.57,2.87,6.25,10.98,0.51,0.07,ppr,2026-09-22 13:17,"Pre-kickoff snapshot locked 2026-09-22 (all Week 3 games 9/24-9/28, none yet played). Live data refreshed same day (Sleeper live API blocked by sandbox proxy 403, fell back to committed snapshot - see data/fallback/README). Manual weekly-out overrides applied for confirmed Week 3 absences: Jayden Daniels (WAS QB, elbow, Mariota starting), David Njoku and Charlie Kolar (both LAC TE, placed on IR after Week 2, min 4 games) - all via multi-source web confirmation (ESPN/CBS/NFL.com/Chargers.com), not yet reflected in Sleeper's live feed.",/home/user/ffcc/output/draft_rankings/draft_rankings_2026_ppr.csv
2026,3,00-0039798,Isaiah Davis,RB,NYJ,DET,False,0.88,3.81,-2.0,-0.44,2.31,7.03,13.18,0.56,0.05,ppr,2026-09-22 13:17,"Pre-kickoff snapshot locked 2026-09-22 (all Week 3 games 9/24-9/28, none yet played). Live data refreshed same day (Sleeper live API blocked by sandbox proxy 403, fell back to committed snapshot - see data/fallback/README). Manual weekly-out overrides applied for confirmed Week 3 absences: Jayden Daniels (WAS QB, elbow, Mariota starting), David Njoku and Charlie Kolar (both LAC TE, placed on IR after Week 2, min 4 games) - all via multi-source web confirmation (ESPN/CBS/NFL.com/Chargers.com), not yet reflected in Sleeper's live feed.",/home/user/ffcc/output/draft_rankings/draft_rankings_2026_ppr.csv
2026,3,00-0035631,Drew Sample,TE,CIN,PIT,False,1.25,3.81,-1.75,0.48,2.82,6.21,10.96,0.52,0.07,ppr,2026-09-22 13:17,"Pre-kickoff snapshot locked 2026-09-22 (all Week 3 games 9/24-9/28, none yet played). Live data refreshed same day (Sleeper live API blocked by sandbox proxy 403, fell back to committed snapshot - see data/fallback/README). Manual weekly-out overrides applied for confirmed Week 3 absences: Jayden Daniels (WAS QB, elbow, Mariota starting), David Njoku and Charlie Kolar (both LAC TE, placed on IR after Week 2, min 4 games) - all via multi-source web confirmation (ESPN/CBS/NFL.com/Chargers.com), not yet reflected in Sleeper's live feed.",/home/user/ffcc/output/draft_rankings/draft_rankings_2026_ppr.csv
2026,3,00-0038416,Tyson Bagent,QB,CHI,PHI,False,0.89,3.78,-2.0,-1.46,4.09,10.14,15.6,0.45,0.04,ppr,2026-09-22 13:17,"Pre-kickoff snapshot locked 2026-09-22 (all Week 3 games 9/24-9/28, none yet played). Live data refreshed same day (Sleeper live API blocked by sandbox proxy 403, fell back to committed snapshot - see data/fallback/README). Manual weekly-out overrides applied for confirmed Week 3 absences: Jayden Daniels (WAS QB, elbow, Mariota starting), David Njoku and Charlie Kolar (both LAC TE, placed on IR after Week 2, min 4 games) - all via multi-source web confirmation (ESPN/CBS/NFL.com/Chargers.com), not yet reflected in Sleeper's live feed.",/home/user/ffcc/output/draft_rankings/draft_rankings_2026_ppr.csv
2026,3,00-0037563,Malik Davis,RB,DAL,BAL,False,1.05,3.77,-2.0,-0.49,2.3,7.16,13.54,0.55,0.05,ppr,2026-09-22 13:17,"Pre-kickoff snapshot locked 2026-09-22 (all Week 3 games 9/24-9/28, none yet played). Live data refreshed same day (Sleeper live API blocked by sandbox proxy 403, fell back to committed snapshot - see data/fallback/README). Manual weekly-out overrides applied for confirmed Week 3 absences: Jayden Daniels (WAS QB, elbow, Mariota starting), David Njoku and Charlie Kolar (both LAC TE, placed on IR after Week 2, min 4 games) - all via multi-source web confirmation (ESPN/CBS/NFL.com/Chargers.com), not yet reflected in Sleeper's live feed.",/home/user/ffcc/output/draft_rankings/draft_rankings_2026_ppr.csv
2026,3,00-0040234,Quinn Ewers,QB,JAX,NE,False,0.9,3.73,-2.0,-1.75,3.99,10.1,15.3,0.46,0.04,ppr,2026-09-22 13:17,"Pre-kickoff snapshot locked 2026-09-22 (all Week 3 games 9/24-9/28, none yet played). Live data refreshed same day (Sleeper live API blocked by sandbox proxy 403, fell back to committed snapshot - see data/fallback/README). Manual weekly-out overrides applied for confirmed Week 3 absences: Jayden Daniels (WAS QB, elbow, Mariota starting), David Njoku and Charlie Kolar (both LAC TE, placed on IR after Week 2, min 4 games) - all via multi-source web confirmation (ESPN/CBS/NFL.com/Chargers.com), not yet reflected in Sleeper's live feed.",/home/user/ffcc/output/draft_rankings/draft_rankings_2026_ppr.csv
2026,3,00-0037324,Chris Oladokun,QB,KC,MIA,False,1.11,3.73,-2.0,-1.62,4.07,10.23,15.56,0.45,0.04,ppr,2026-09-22 13:17,"Pre-kickoff snapshot locked 2026-09-22 (all Week 3 games 9/24-9/28, none yet played). Live data refreshed same day (Sleeper live API blocked by sandbox proxy 403, fell back to committed snapshot - see data/fallback/README). Manual weekly-out overrides applied for confirmed Week 3 absences: Jayden Daniels (WAS QB, elbow, Mariota starting), David Njoku and Charlie Kolar (both LAC TE, placed on IR after Week 2, min 4 games) - all via multi-source web confirmation (ESPN/CBS/NFL.com/Chargers.com), not yet reflected in Sleeper's live feed.",/home/user/ffcc/output/draft_rankings/draft_rankings_2026_ppr.csv
2026,3,00-0036754,Brock Wright,TE,DET,NYJ,False,1.15,3.71,-1.9,0.33,2.75,6.12,10.72,0.53,0.07,ppr,2026-09-22 13:17,"Pre-kickoff snapshot locked 2026-09-22 (all Week 3 games 9/24-9/28, none yet played). Live data refreshed same day (Sleeper live API blocked by sandbox proxy 403, fell back to committed snapshot - see data/fallback/README). Manual weekly-out overrides applied for confirmed Week 3 absences: Jayden Daniels (WAS QB, elbow, Mariota starting), David Njoku and Charlie Kolar (both LAC TE, placed on IR after Week 2, min 4 games) - all via multi-source web confirmation (ESPN/CBS/NFL.com/Chargers.com), not yet reflected in Sleeper's live feed.",/home/user/ffcc/output/draft_rankings/draft_rankings_2026_ppr.csv
2026,3,00-0040237,Tez Johnson,WR,TB,MIN,False,0.77,3.69,-2.0,-0.73,2.14,6.63,12.61,0.57,0.03,ppr,2026-09-22 13:17,"Pre-kickoff snapshot locked 2026-09-22 (all Week 3 games 9/24-9/28, none yet played). Live data refreshed same day (Sleeper live API blocked by sandbox proxy 403, fell back to committed snapshot - see data/fallback/README). Manual weekly-out overrides applied for confirmed Week 3 absences: Jayden Daniels (WAS QB, elbow, Mariota starting), David Njoku and Charlie Kolar (both LAC TE, placed on IR after Week 2, min 4 games) - all via multi-source web confirmation (ESPN/CBS/NFL.com/Chargers.com), not yet reflected in Sleeper's live feed.",/home/user/ffcc/output/draft_rankings/draft_rankings_2026_ppr.csv
2026,3,00-0040692,Jarquez Hunter,RB,LA,DEN,False,0.77,3.69,-2.0,-0.57,2.21,7.02,13.71,0.56,0.05,ppr,2026-09-22 13:17,"Pre-kickoff snapshot locked 2026-09-22 (all Week 3 games 9/24-9/28, none yet played). Live data refreshed same day (Sleeper live API blocked by sandbox proxy 403, fell back to committed snapshot - see data/fallback/README). Manual weekly-out overrides applied for confirmed Week 3 absences: Jayden Daniels (WAS QB, elbow, Mariota starting), David Njoku and Charlie Kolar (both LAC TE, placed on IR after Week 2, min 4 games) - all via multi-source web confirmation (ESPN/CBS/NFL.com/Chargers.com), not yet reflected in Sleeper's live feed.",/home/user/ffcc/output/draft_rankings/draft_rankings_2026_ppr.csv
2026,3,00-0040009,Savion Williams,WR,GB,ATL,False,1.09,3.64,-2.0,-0.79,2.08,6.51,12.51,0.58,0.04,ppr,2026-09-22 13:17,"Pre-kickoff snapshot locked 2026-09-22 (all Week 3 games 9/24-9/28, none yet played). Live data refreshed same day (Sleeper live API blocked by sandbox proxy 403, fell back to committed snapshot - see data/fallback/README). Manual weekly-out overrides applied for confirmed Week 3 absences: Jayden Daniels (WAS QB, elbow, Mariota starting), David Njoku and Charlie Kolar (both LAC TE, placed on IR after Week 2, min 4 games) - all via multi-source web confirmation (ESPN/CBS/NFL.com/Chargers.com), not yet reflected in Sleeper's live feed.",/home/user/ffcc/output/draft_rankings/draft_rankings_2026_ppr.csv
2026,3,00-0031235,Odell Beckham Jr.,WR,NYG,TEN,False,1.16,3.61,-2.0,-0.74,2.12,6.65,12.52,0.57,0.03,ppr,2026-09-22 13:17,"Pre-kickoff snapshot locked 2026-09-22 (all Week 3 games 9/24-9/28, none yet played). Live data refreshed same day (Sleeper live API blocked by sandbox proxy 403, fell back to committed snapshot - see data/fallback/README). Manual weekly-out overrides applied for confirmed Week 3 absences: Jayden Daniels (WAS QB, elbow, Mariota starting), David Njoku and Charlie Kolar (both LAC TE, placed on IR after Week 2, min 4 games) - all via multi-source web confirmation (ESPN/CBS/NFL.com/Chargers.com), not yet reflected in Sleeper's live feed.",/home/user/ffcc/output/draft_rankings/draft_rankings_2026_ppr.csv
2026,3,00-0036020,Salvon Ahmed,RB,CHI,PHI,False,1.04,3.59,-2.0,-0.58,2.18,7.18,13.22,0.56,0.05,ppr,2026-09-22 13:17,"Pre-kickoff snapshot locked 2026-09-22 (all Week 3 games 9/24-9/28, none yet played). Live data refreshed same day (Sleeper live API blocked by sandbox proxy 403, fell back to committed snapshot - see data/fallback/README). Manual weekly-out overrides applied for confirmed Week 3 absences: Jayden Daniels (WAS QB, elbow, Mariota starting), David Njoku and Charlie Kolar (both LAC TE, placed on IR after Week 2, min 4 games) - all via multi-source web confirmation (ESPN/CBS/NFL.com/Chargers.com), not yet reflected in Sleeper's live feed.",/home/user/ffcc/output/draft_rankings/draft_rankings_2026_ppr.csv
2026,3,00-0037614,John Metchie III,WR,CAR,CLE,False,0.87,3.59,-2.0,-0.75,2.21,6.77,12.77,0.56,0.03,ppr,2026-09-22 13:17,"Pre-kickoff snapshot locked 2026-09-22 (all Week 3 games 9/24-9/28, none yet played). Live data refreshed same day (Sleeper live API blocked by sandbox proxy 403, fell back to committed snapshot - see data/fallback/README). Manual weekly-out overrides applied for confirmed Week 3 absences: Jayden Daniels (WAS QB, elbow, Mariota starting), David Njoku and Charlie Kolar (both LAC TE, placed on IR after Week 2, min 4 games) - all via multi-source web confirmation (ESPN/CBS/NFL.com/Chargers.com), not yet reflected in Sleeper's live feed.",/home/user/ffcc/output/draft_rankings/draft_rankings_2026_ppr.csv
2026,3,00-0037382,Brandon Johnson,WR,PIT,CIN,False,0.82,3.58,-2.0,-0.9,2.04,6.55,12.39,0.58,0.03,ppr,2026-09-22 13:17,"Pre-kickoff snapshot locked 2026-09-22 (all Week 3 games 9/24-9/28, none yet played). Live data refreshed same day (Sleeper live API blocked by sandbox proxy 403, fell back to committed snapshot - see data/fallback/README). Manual weekly-out overrides applied for confirmed Week 3 absences: Jayden Daniels (WAS QB, elbow, Mariota starting), David Njoku and Charlie Kolar (both LAC TE, placed on IR after Week 2, min 4 games) - all via multi-source web confirmation (ESPN/CBS/NFL.com/Chargers.com), not yet reflected in Sleeper's live feed.",/home/user/ffcc/output/draft_rankings/draft_rankings_2026_ppr.csv
2026,3,00-0036849,Tutu Atwell,WR,LA,DEN,False,0.88,3.57,-2.0,-0.85,2.1,6.53,12.52,0.57,0.03,ppr,2026-09-22 13:17,"Pre-kickoff snapshot locked 2026-09-22 (all Week 3 games 9/24-9/28, none yet played). Live data refreshed same day (Sleeper live API blocked by sandbox proxy 403, fell back to committed snapshot - see data/fallback/README). Manual weekly-out overrides applied for confirmed Week 3 absences: Jayden Daniels (WAS QB, elbow, Mariota starting), David Njoku and Charlie Kolar (both LAC TE, placed on IR after Week 2, min 4 games) - all via multi-source web confirmation (ESPN/CBS/NFL.com/Chargers.com), not yet reflected in Sleeper's live feed.",/home/user/ffcc/output/draft_rankings/draft_rankings_2026_ppr.csv
2026,3,00-0038391,Sean Clifford,QB,CIN,PIT,False,1.15,3.56,-2.0,-1.74,3.77,9.93,15.67,0.47,0.05,ppr,2026-09-22 13:17,"Pre-kickoff snapshot locked 2026-09-22 (all Week 3 games 9/24-9/28, none yet played). Live data refreshed same day (Sleeper live API blocked by sandbox proxy 403, fell back to committed snapshot - see data/fallback/README). Manual weekly-out overrides applied for confirmed Week 3 absences: Jayden Daniels (WAS QB, elbow, Mariota starting), David Njoku and Charlie Kolar (both LAC TE, placed on IR after Week 2, min 4 games) - all via multi-source web confirmation (ESPN/CBS/NFL.com/Chargers.com), not yet reflected in Sleeper's live feed.",/home/user/ffcc/output/draft_rankings/draft_rankings_2026_ppr.csv
2026,3,00-0039796,Rasheen Ali,RB,BAL,DAL,False,1.13,3.56,-2.0,-0.65,2.07,6.64,12.9,0.57,0.05,ppr,2026-09-22 13:17,"Pre-kickoff snapshot locked 2026-09-22 (all Week 3 games 9/24-9/28, none yet played). Live data refreshed same day (Sleeper live API blocked by sandbox proxy 403, fell back to committed snapshot - see data/fallback/README). Manual weekly-out overrides applied for confirmed Week 3 absences: Jayden Daniels (WAS QB, elbow, Mariota starting), David Njoku and Charlie Kolar (both LAC TE, placed on IR after Week 2, min 4 games) - all via multi-source web confirmation (ESPN/CBS/NFL.com/Chargers.com), not yet reflected in Sleeper's live feed.",/home/user/ffcc/output/draft_rankings/draft_rankings_2026_ppr.csv
2026,3,00-0038102,Kenny Pickett,QB,CAR,CLE,False,0.82,3.55,-2.0,-1.79,3.83,9.92,15.37,0.46,0.04,ppr,2026-09-22 13:17,"Pre-kickoff snapshot locked 2026-09-22 (all Week 3 games 9/24-9/28, none yet played). Live data refreshed same day (Sleeper live API blocked by sandbox proxy 403, fell back to committed snapshot - see data/fallback/README). Manual weekly-out overrides applied for confirmed Week 3 absences: Jayden Daniels (WAS QB, elbow, Mariota starting), David Njoku and Charlie Kolar (both LAC TE, placed on IR after Week 2, min 4 games) - all via multi-source web confirmation (ESPN/CBS/NFL.com/Chargers.com), not yet reflected in Sleeper's live feed.",/home/user/ffcc/output/draft_rankings/draft_rankings_2026_ppr.csv
2026,3,00-0040187,Mitchell Evans,TE,CAR,CLE,False,0.91,3.54,-1.92,0.26,2.55,5.83,10.46,0.55,0.07,ppr,2026-09-22 13:17,"Pre-kickoff snapshot locked 2026-09-22 (all Week 3 games 9/24-9/28, none yet played). Live data refreshed same day (Sleeper live API blocked by sandbox proxy 403, fell back to committed snapshot - see data/fallback/README). Manual weekly-out overrides applied for confirmed Week 3 absences: Jayden Daniels (WAS QB, elbow, Mariota starting), David Njoku and Charlie Kolar (both LAC TE, placed on IR after Week 2, min 4 games) - all via multi-source web confirmation (ESPN/CBS/NFL.com/Chargers.com), not yet reflected in Sleeper's live feed.",/home/user/ffcc/output/draft_rankings/draft_rankings_2026_ppr.csv
2026,3,00-0040206,Riley Leonard,QB,IND,HOU,False,0.79,3.54,-2.0,-1.86,3.78,10.02,15.18,0.46,0.04,ppr,2026-09-22 13:17,"Pre-kickoff snapshot locked 2026-09-22 (all Week 3 games 9/24-9/28, none yet played). Live data refreshed same day (Sleeper live API blocked by sandbox proxy 403, fell back to committed snapshot - see data/fallback/README). Manual weekly-out overrides applied for confirmed Week 3 absences: Jayden Daniels (WAS QB, elbow, Mariota starting), David Njoku and Charlie Kolar (both LAC TE, placed on IR after Week 2, min 4 games) - all via multi-source web confirmation (ESPN/CBS/NFL.com/Chargers.com), not yet reflected in Sleeper's live feed.",/home/user/ffcc/output/draft_rankings/draft_rankings_2026_ppr.csv
2026,3,00-0037666,Jalen Tolbert,WR,MIA,KC,False,0.89,3.54,-2.0,-0.85,2.07,6.44,12.62,0.57,0.03,ppr,2026-09-22 13:17,"Pre-kickoff snapshot locked 2026-09-22 (all Week 3 games 9/24-9/28, none yet played). Live data refreshed same day (Sleeper live API blocked by sandbox proxy 403, fell back to committed snapshot - see data/fallback/README). Manual weekly-out overrides applied for confirmed Week 3 absences: Jayden Daniels (WAS QB, elbow, Mariota starting), David Njoku and Charlie Kolar (both LAC TE, placed on IR after Week 2, min 4 games) - all via multi-source web confirmation (ESPN/CBS/NFL.com/Chargers.com), not yet reflected in Sleeper's live feed.",/home/user/ffcc/output/draft_rankings/draft_rankings_2026_ppr.csv
2026,3,00-0039355,Luke McCaffrey,WR,WAS,SEA,False,0.85,3.49,-2.0,-1.09,2.03,6.35,12.2,0.58,0.03,ppr,2026-09-22 13:17,"Pre-kickoff snapshot locked 2026-09-22 (all Week 3 games 9/24-9/28, none yet played). Live data refreshed same day (Sleeper live API blocked by sandbox proxy 403, fell back to committed snapshot - see data/fallback/README). Manual weekly-out overrides applied for confirmed Week 3 absences: Jayden Daniels (WAS QB, elbow, Mariota starting), David Njoku and Charlie Kolar (both LAC TE, placed on IR after Week 2, min 4 games) - all via multi-source web confirmation (ESPN/CBS/NFL.com/Chargers.com), not yet reflected in Sleeper's live feed.",/home/user/ffcc/output/draft_rankings/draft_rankings_2026_ppr.csv
2026,3,00-0038794,Jaleel McLaughlin,RB,CLE,CAR,False,1.1,3.45,-2.0,-0.68,1.99,6.54,12.74,0.58,0.04,ppr,2026-09-22 13:17,"Pre-kickoff snapshot locked 2026-09-22 (all Week 3 games 9/24-9/28, none yet played). Live data refreshed same day (Sleeper live API blocked by sandbox proxy 403, fell back to committed snapshot - see data/fallback/README). Manual weekly-out overrides applied for confirmed Week 3 absences: Jayden Daniels (WAS QB, elbow, Mariota starting), David Njoku and Charlie Kolar (both LAC TE, placed on IR after Week 2, min 4 games) - all via multi-source web confirmation (ESPN/CBS/NFL.com/Chargers.com), not yet reflected in Sleeper's live feed.",/home/user/ffcc/output/draft_rankings/draft_rankings_2026_ppr.csv
2026,3,00-0040177,Jordan James,RB,SF,ARI,False,1.19,3.45,-2.0,-0.74,2.07,6.81,12.9,0.57,0.05,ppr,2026-09-22 13:17,"Pre-kickoff snapshot locked 2026-09-22 (all Week 3 games 9/24-9/28, none yet played). Live data refreshed same day (Sleeper live API blocked by sandbox proxy 403, fell back to committed snapshot - see data/fallback/README). Manual weekly-out overrides applied for confirmed Week 3 absences: Jayden Daniels (WAS QB, elbow, Mariota starting), David Njoku and Charlie Kolar (both LAC TE, placed on IR after Week 2, min 4 games) - all via multi-source web confirmation (ESPN/CBS/NFL.com/Chargers.com), not yet reflected in Sleeper's live feed.",/home/user/ffcc/output/draft_rankings/draft_rankings_2026_ppr.csv
2026,3,00-0032464,Kalif Raymond,WR,CHI,PHI,False,0.87,3.44,-2.0,-1.09,1.9,6.14,12.21,0.59,0.03,ppr,2026-09-22 13:17,"Pre-kickoff snapshot locked 2026-09-22 (all Week 3 games 9/24-9/28, none yet played). Live data refreshed same day (Sleeper live API blocked by sandbox proxy 403, fell back to committed snapshot - see data/fallback/README). Manual weekly-out overrides applied for confirmed Week 3 absences: Jayden Daniels (WAS QB, elbow, Mariota starting), David Njoku and Charlie Kolar (both LAC TE, placed on IR after Week 2, min 4 games) - all via multi-source web confirmation (ESPN/CBS/NFL.com/Chargers.com), not yet reflected in Sleeper's live feed.",/home/user/ffcc/output/draft_rankings/draft_rankings_2026_ppr.csv
2026,3,00-0039299,George Holani,RB,SEA,WAS,False,1.16,3.43,-2.0,-0.65,2.05,6.81,12.65,0.57,0.04,ppr,2026-09-22 13:17,"Pre-kickoff snapshot locked 2026-09-22 (all Week 3 games 9/24-9/28, none yet played). Live data refreshed same day (Sleeper live API blocked by sandbox proxy 403, fell back to committed snapshot - see data/fallback/README). Manual weekly-out overrides applied for confirmed Week 3 absences: Jayden Daniels (WAS QB, elbow, Mariota starting), David Njoku and Charlie Kolar (both LAC TE, placed on IR after Week 2, min 4 games) - all via multi-source web confirmation (ESPN/CBS/NFL.com/Chargers.com), not yet reflected in Sleeper's live feed.",/home/user/ffcc/output/draft_rankings/draft_rankings_2026_ppr.csv
2026,3,00-0040673,Jalen Milroe,QB,SEA,WAS,False,1.2,3.42,-2.0,-1.88,3.67,9.79,15.34,0.46,0.04,ppr,2026-09-22 13:17,"Pre-kickoff snapshot locked 2026-09-22 (all Week 3 games 9/24-9/28, none yet played). Live data refreshed same day (Sleeper live API blocked by sandbox proxy 403, fell back to committed snapshot - see data/fallback/README). Manual weekly-out overrides applied for confirmed Week 3 absences: Jayden Daniels (WAS QB, elbow, Mariota starting), David Njoku and Charlie Kolar (both LAC TE, placed on IR after Week 2, min 4 games) - all via multi-source web confirmation (ESPN/CBS/NFL.com/Chargers.com), not yet reflected in Sleeper's live feed.",/home/user/ffcc/output/draft_rankings/draft_rankings_2026_ppr.csv
2026,3,00-0039356,Ja'Tavion Sanders,TE,CAR,CLE,False,0.91,3.4,-1.99,0.06,2.39,5.69,10.41,0.57,0.07,ppr,2026-09-22 13:17,"Pre-kickoff snapshot locked 2026-09-22 (all Week 3 games 9/24-9/28, none yet played). Live data refreshed same day (Sleeper live API blocked by sandbox proxy 403, fell back to committed snapshot - see data/fallback/README). Manual weekly-out overrides applied for confirmed Week 3 absences: Jayden Daniels (WAS QB, elbow, Mariota starting), David Njoku and Charlie Kolar (both LAC TE, placed on IR after Week 2, min 4 games) - all via multi-source web confirmation (ESPN/CBS/NFL.com/Chargers.com), not yet reflected in Sleeper's live feed.",/home/user/ffcc/output/draft_rankings/draft_rankings_2026_ppr.csv
2026,3,00-0038839,Mitchell Tinsley,WR,HOU,IND,False,1.17,3.37,-2.0,-1.1,1.94,6.32,11.95,0.59,0.03,ppr,2026-09-22 13:17,"Pre-kickoff snapshot locked 2026-09-22 (all Week 3 games 9/24-9/28, none yet played). Live data refreshed same day (Sleeper live API blocked by sandbox proxy 403, fell back to committed snapshot - see data/fallback/README). Manual weekly-out overrides applied for confirmed Week 3 absences: Jayden Daniels (WAS QB, elbow, Mariota starting), David Njoku and Charlie Kolar (both LAC TE, placed on IR after Week 2, min 4 games) - all via multi-source web confirmation (ESPN/CBS/NFL.com/Chargers.com), not yet reflected in Sleeper's live feed.",/home/user/ffcc/output/draft_rankings/draft_rankings_2026_ppr.csv
2026,3,00-0040886,Nicholas Singleton,RB,TEN,NYG,False,1.17,3.36,-2.0,-0.82,1.88,6.8,13.01,0.58,0.04,ppr,2026-09-22 13:17,"Pre-kickoff snapshot locked 2026-09-22 (all Week 3 games 9/24-9/28, none yet played). Live data refreshed same day (Sleeper live API blocked by sandbox proxy 403, fell back to committed snapshot - see data/fallback/README). Manual weekly-out overrides applied for confirmed Week 3 absences: Jayden Daniels (WAS QB, elbow, Mariota starting), David Njoku and Charlie Kolar (both LAC TE, placed on IR after Week 2, min 4 games) - all via multi-source web confirmation (ESPN/CBS/NFL.com/Chargers.com), not yet reflected in Sleeper's live feed.",/home/user/ffcc/output/draft_rankings/draft_rankings_2026_ppr.csv
2026,3,00-0035500,Greg Dortch,WR,BUF,LAC,False,0.89,3.35,-2.0,-1.09,1.8,6.27,12.13,0.59,0.03,ppr,2026-09-22 13:17,"Pre-kickoff snapshot locked 2026-09-22 (all Week 3 games 9/24-9/28, none yet played). Live data refreshed same day (Sleeper live API blocked by sandbox proxy 403, fell back to committed snapshot - see data/fallback/README). Manual weekly-out overrides applied for confirmed Week 3 absences: Jayden Daniels (WAS QB, elbow, Mariota starting), David Njoku and Charlie Kolar (both LAC TE, placed on IR after Week 2, min 4 games) - all via multi-source web confirmation (ESPN/CBS/NFL.com/Chargers.com), not yet reflected in Sleeper's live feed.",/home/user/ffcc/output/draft_rankings/draft_rankings_2026_ppr.csv
2026,3,00-0040024,Darius Cooper,WR,PHI,CHI,False,1.18,3.34,-2.0,-1.11,1.8,6.25,12.26,0.59,0.03,ppr,2026-09-22 13:17,"Pre-kickoff snapshot locked 2026-09-22 (all Week 3 games 9/24-9/28, none yet played). Live data refreshed same day (Sleeper live API blocked by sandbox proxy 403, fell back to committed snapshot - see data/fallback/README). Manual weekly-out overrides applied for confirmed Week 3 absences: Jayden Daniels (WAS QB, elbow, Mariota starting), David Njoku and Charlie Kolar (both LAC TE, placed on IR after Week 2, min 4 games) - all via multi-source web confirmation (ESPN/CBS/NFL.com/Chargers.com), not yet reflected in Sleeper's live feed.",/home/user/ffcc/output/draft_rankings/draft_rankings_2026_ppr.csv
2026,3,00-0032392,Austin Hooper,TE,ATL,GB,False,0.91,3.32,-2.0,0.03,2.37,5.67,10.5,0.57,0.07,ppr,2026-09-22 13:17,"Pre-kickoff snapshot locked 2026-09-22 (all Week 3 games 9/24-9/28, none yet played). Live data refreshed same day (Sleeper live API blocked by sandbox proxy 403, fell back to committed snapshot - see data/fallback/README). Manual weekly-out overrides applied for confirmed Week 3 absences: Jayden Daniels (WAS QB, elbow, Mariota starting), David Njoku and Charlie Kolar (both LAC TE, placed on IR after Week 2, min 4 games) - all via multi-source web confirmation (ESPN/CBS/NFL.com/Chargers.com), not yet reflected in Sleeper's live feed.",/home/user/ffcc/output/draft_rankings/draft_rankings_2026_ppr.csv
2026,3,00-0036959,Michael Bandy,WR,DEN,LA,False,1.03,3.32,-2.0,-1.11,1.84,6.33,12.21,0.59,0.03,ppr,2026-09-22 13:17,"Pre-kickoff snapshot locked 2026-09-22 (all Week 3 games 9/24-9/28, none yet played). Live data refreshed same day (Sleeper live API blocked by sandbox proxy 403, fell back to committed snapshot - see data/fallback/README). Manual weekly-out overrides applied for confirmed Week 3 absences: Jayden Daniels (WAS QB, elbow, Mariota starting), David Njoku and Charlie Kolar (both LAC TE, placed on IR after Week 2, min 4 games) - all via multi-source web confirmation (ESPN/CBS/NFL.com/Chargers.com), not yet reflected in Sleeper's live feed.",/home/user/ffcc/output/draft_rankings/draft_rankings_2026_ppr.csv
2026,3,00-0037012,Trey Lance,QB,LAC,BUF,False,0.8,3.29,-2.0,-1.97,3.66,9.88,15.22,0.47,0.04,ppr,2026-09-22 13:17,"Pre-kickoff snapshot locked 2026-09-22 (all Week 3 games 9/24-9/28, none yet played). Live data refreshed same day (Sleeper live API blocked by sandbox proxy 403, fell back to committed snapshot - see data/fallback/README). Manual weekly-out overrides applied for confirmed Week 3 absences: Jayden Daniels (WAS QB, elbow, Mariota starting), David Njoku and Charlie Kolar (both LAC TE, placed on IR after Week 2, min 4 games) - all via multi-source web confirmation (ESPN/CBS/NFL.com/Chargers.com), not yet reflected in Sleeper's live feed.",/home/user/ffcc/output/draft_rankings/draft_rankings_2026_ppr.csv
2026,3,00-0037013,Zach Wilson,QB,NO,LV,False,0.99,3.27,-2.0,-2.0,3.58,9.66,15.38,0.47,0.04,ppr,2026-09-22 13:17,"Pre-kickoff snapshot locked 2026-09-22 (all Week 3 games 9/24-9/28, none yet played). Live data refreshed same day (Sleeper live API blocked by sandbox proxy 403, fell back to committed snapshot - see data/fallback/README). Manual weekly-out overrides applied for confirmed Week 3 absences: Jayden Daniels (WAS QB, elbow, Mariota starting), David Njoku and Charlie Kolar (both LAC TE, placed on IR after Week 2, min 4 games) - all via multi-source web confirmation (ESPN/CBS/NFL.com/Chargers.com), not yet reflected in Sleeper's live feed.",/home/user/ffcc/output/draft_rankings/draft_rankings_2026_ppr.csv
2026,3,00-0040586,Jaydon Blue,RB,PHI,CHI,False,0.96,3.26,-2.0,-0.91,1.76,6.67,12.81,0.59,0.04,ppr,2026-09-22 13:17,"Pre-kickoff snapshot locked 2026-09-22 (all Week 3 games 9/24-9/28, none yet played). Live data refreshed same day (Sleeper live API blocked by sandbox proxy 403, fell back to committed snapshot - see data/fallback/README). Manual weekly-out overrides applied for confirmed Week 3 absences: Jayden Daniels (WAS QB, elbow, Mariota starting), David Njoku and Charlie Kolar (both LAC TE, placed on IR after Week 2, min 4 games) - all via multi-source web confirmation (ESPN/CBS/NFL.com/Chargers.com), not yet reflected in Sleeper's live feed.",/home/user/ffcc/output/draft_rankings/draft_rankings_2026_ppr.csv
2026,3,00-0041056,Cade Klubnik,QB,NYJ,DET,False,1.12,3.24,-2.0,-2.0,3.79,9.88,15.09,0.46,0.04,ppr,2026-09-22 13:17,"Pre-kickoff snapshot locked 2026-09-22 (all Week 3 games 9/24-9/28, none yet played). Live data refreshed same day (Sleeper live API blocked by sandbox proxy 403, fell back to committed snapshot - see data/fallback/README). Manual weekly-out overrides applied for confirmed Week 3 absences: Jayden Daniels (WAS QB, elbow, Mariota starting), David Njoku and Charlie Kolar (both LAC TE, placed on IR after Week 2, min 4 games) - all via multi-source web confirmation (ESPN/CBS/NFL.com/Chargers.com), not yet reflected in Sleeper's live feed.",/home/user/ffcc/output/draft_rankings/draft_rankings_2026_ppr.csv
2026,3,00-0036422,Adam Trautman,TE,DEN,LA,False,0.99,3.21,-2.0,-0.11,2.24,5.72,10.15,0.58,0.06,ppr,2026-09-22 13:17,"Pre-kickoff snapshot locked 2026-09-22 (all Week 3 games 9/24-9/28, none yet played). Live data refreshed same day (Sleeper live API blocked by sandbox proxy 403, fell back to committed snapshot - see data/fallback/README). Manual weekly-out overrides applied for confirmed Week 3 absences: Jayden Daniels (WAS QB, elbow, Mariota starting), David Njoku and Charlie Kolar (both LAC TE, placed on IR after Week 2, min 4 games) - all via multi-source web confirmation (ESPN/CBS/NFL.com/Chargers.com), not yet reflected in Sleeper's live feed.",/home/user/ffcc/output/draft_rankings/draft_rankings_2026_ppr.csv
2026,3,00-0038108,Bailey Zappe,QB,NYJ,DET,False,1.12,3.21,-2.0,-2.0,3.6,9.63,14.78,0.47,0.04,ppr,2026-09-22 13:17,"Pre-kickoff snapshot locked 2026-09-22 (all Week 3 games 9/24-9/28, none yet played). Live data refreshed same day (Sleeper live API blocked by sandbox proxy 403, fell back to committed snapshot - see data/fallback/README). Manual weekly-out overrides applied for confirmed Week 3 absences: Jayden Daniels (WAS QB, elbow, Mariota starting), David Njoku and Charlie Kolar (both LAC TE, placed on IR after Week 2, min 4 games) - all via multi-source web confirmation (ESPN/CBS/NFL.com/Chargers.com), not yet reflected in Sleeper's live feed.",/home/user/ffcc/output/draft_rankings/draft_rankings_2026_ppr.csv
2026,3,00-0034270,Tyler Conklin,TE,DET,NYJ,False,1.15,3.2,-2.0,-0.21,2.16,5.3,10.03,0.59,0.06,ppr,2026-09-22 13:17,"Pre-kickoff snapshot locked 2026-09-22 (all Week 3 games 9/24-9/28, none yet played). Live data refreshed same day (Sleeper live API blocked by sandbox proxy 403, fell back to committed snapshot - see data/fallback/README). Manual weekly-out overrides applied for confirmed Week 3 absences: Jayden Daniels (WAS QB, elbow, Mariota starting), David Njoku and Charlie Kolar (both LAC TE, placed on IR after Week 2, min 4 games) - all via multi-source web confirmation (ESPN/CBS/NFL.com/Chargers.com), not yet reflected in Sleeper's live feed.",/home/user/ffcc/output/draft_rankings/draft_rankings_2026_ppr.csv
2026,3,00-0035644,Noah Fant,TE,NO,LV,False,0.76,3.18,-2.0,-0.2,2.16,5.59,10.23,0.59,0.06,ppr,2026-09-22 13:17,"Pre-kickoff snapshot locked 2026-09-22 (all Week 3 games 9/24-9/28, none yet played). Live data refreshed same day (Sleeper live API blocked by sandbox proxy 403, fell back to committed snapshot - see data/fallback/README). Manual weekly-out overrides applied for confirmed Week 3 absences: Jayden Daniels (WAS QB, elbow, Mariota starting), David Njoku and Charlie Kolar (both LAC TE, placed on IR after Week 2, min 4 games) - all via multi-source web confirmation (ESPN/CBS/NFL.com/Chargers.com), not yet reflected in Sleeper's live feed.",/home/user/ffcc/output/draft_rankings/draft_rankings_2026_ppr.csv
2026,3,00-0041047,Chris Brazzell II,WR,CAR,CLE,False,0.87,3.18,-2.0,-1.32,1.7,6.34,12.2,0.6,0.03,ppr,2026-09-22 13:17,"Pre-kickoff snapshot locked 2026-09-22 (all Week 3 games 9/24-9/28, none yet played). Live data refreshed same day (Sleeper live API blocked by sandbox proxy 403, fell back to committed snapshot - see data/fallback/README). Manual weekly-out overrides applied for confirmed Week 3 absences: Jayden Daniels (WAS QB, elbow, Mariota starting), David Njoku and Charlie Kolar (both LAC TE, placed on IR after Week 2, min 4 games) - all via multi-source web confirmation (ESPN/CBS/NFL.com/Chargers.com), not yet reflected in Sleeper's live feed.",/home/user/ffcc/output/draft_rankings/draft_rankings_2026_ppr.csv
2026,3,00-0039359,Cade Stover,TE,HOU,IND,False,1.15,3.17,-2.0,-0.13,2.23,5.49,10.07,0.58,0.06,ppr,2026-09-22 13:17,"Pre-kickoff snapshot locked 2026-09-22 (all Week 3 games 9/24-9/28, none yet played). Live data refreshed same day (Sleeper live API blocked by sandbox proxy 403, fell back to committed snapshot - see data/fallback/README). Manual weekly-out overrides applied for confirmed Week 3 absences: Jayden Daniels (WAS QB, elbow, Mariota starting), David Njoku and Charlie Kolar (both LAC TE, placed on IR after Week 2, min 4 games) - all via multi-source web confirmation (ESPN/CBS/NFL.com/Chargers.com), not yet reflected in Sleeper's live feed.",/home/user/ffcc/output/draft_rankings/draft_rankings_2026_ppr.csv
2026,3,00-0039912,Ben Sinnott,TE,WAS,SEA,False,1.1,3.17,-2.0,-0.14,2.19,5.44,10.3,0.59,0.06,ppr,2026-09-22 13:17,"Pre-kickoff snapshot locked 2026-09-22 (all Week 3 games 9/24-9/28, none yet played). Live data refreshed same day (Sleeper live API blocked by sandbox proxy 403, fell back to committed snapshot - see data/fallback/README). Manual weekly-out overrides applied for confirmed Week 3 absences: Jayden Daniels (WAS QB, elbow, Mariota starting), David Njoku and Charlie Kolar (both LAC TE, placed on IR after Week 2, min 4 games) - all via multi-source web confirmation (ESPN/CBS/NFL.com/Chargers.com), not yet reflected in Sleeper's live feed.",/home/user/ffcc/output/draft_rankings/draft_rankings_2026_ppr.csv
2026,3,00-0037742,Treylon Burks,WR,WAS,SEA,False,0.85,3.17,-2.0,-1.31,1.71,6.23,12.17,0.6,0.03,ppr,2026-09-22 13:17,"Pre-kickoff snapshot locked 2026-09-22 (all Week 3 games 9/24-9/28, none yet played). Live data refreshed same day (Sleeper live API blocked by sandbox proxy 403, fell back to committed snapshot - see data/fallback/README). Manual weekly-out overrides applied for confirmed Week 3 absences: Jayden Daniels (WAS QB, elbow, Mariota starting), David Njoku and Charlie Kolar (both LAC TE, placed on IR after Week 2, min 4 games) - all via multi-source web confirmation (ESPN/CBS/NFL.com/Chargers.com), not yet reflected in Sleeper's live feed.",/home/user/ffcc/output/draft_rankings/draft_rankings_2026_ppr.csv
2026,3,00-0040277,Jahdae Walker,WR,CHI,PHI,False,0.87,3.16,-2.0,-1.29,1.79,6.39,12.41,0.59,0.03,ppr,2026-09-22 13:17,"Pre-kickoff snapshot locked 2026-09-22 (all Week 3 games 9/24-9/28, none yet played). Live data refreshed same day (Sleeper live API blocked by sandbox proxy 403, fell back to committed snapshot - see data/fallback/README). Manual weekly-out overrides applied for confirmed Week 3 absences: Jayden Daniels (WAS QB, elbow, Mariota starting), David Njoku and Charlie Kolar (both LAC TE, placed on IR after Week 2, min 4 games) - all via multi-source web confirmation (ESPN/CBS/NFL.com/Chargers.com), not yet reflected in Sleeper's live feed.",/home/user/ffcc/output/draft_rankings/draft_rankings_2026_ppr.csv
2026,3,00-0037805,Jeremy Ruckert,TE,NYJ,DET,False,1.03,3.15,-2.0,-0.12,2.19,5.45,10.17,0.59,0.06,ppr,2026-09-22 13:17,"Pre-kickoff snapshot locked 2026-09-22 (all Week 3 games 9/24-9/28, none yet played). Live data refreshed same day (Sleeper live API blocked by sandbox proxy 403, fell back to committed snapshot - see data/fallback/README). Manual weekly-out overrides applied for confirmed Week 3 absences: Jayden Daniels (WAS QB, elbow, Mariota starting), David Njoku and Charlie Kolar (both LAC TE, placed on IR after Week 2, min 4 games) - all via multi-source web confirmation (ESPN/CBS/NFL.com/Chargers.com), not yet reflected in Sleeper's live feed.",/home/user/ffcc/output/draft_rankings/draft_rankings_2026_ppr.csv
2026,3,00-0033662,Cooper Rush,QB,ATL,GB,False,0.92,3.14,-2.0,-2.0,3.56,9.55,14.9,0.48,0.04,ppr,2026-09-22 13:17,"Pre-kickoff snapshot locked 2026-09-22 (all Week 3 games 9/24-9/28, none yet played). Live data refreshed same day (Sleeper live API blocked by sandbox proxy 403, fell back to committed snapshot - see data/fallback/README). Manual weekly-out overrides applied for confirmed Week 3 absences: Jayden Daniels (WAS QB, elbow, Mariota starting), David Njoku and Charlie Kolar (both LAC TE, placed on IR after Week 2, min 4 games) - all via multi-source web confirmation (ESPN/CBS/NFL.com/Chargers.com), not yet reflected in Sleeper's live feed.",/home/user/ffcc/output/draft_rankings/draft_rankings_2026_ppr.csv
2026,3,00-0040782,Isaiah Bond,WR,CLE,CAR,False,0.86,3.13,-2.0,-1.29,1.59,6.01,11.83,0.61,0.03,ppr,2026-09-22 13:17,"Pre-kickoff snapshot locked 2026-09-22 (all Week 3 games 9/24-9/28, none yet played). Live data refreshed same day (Sleeper live API blocked by sandbox proxy 403, fell back to committed snapshot - see data/fallback/README). Manual weekly-out overrides applied for confirmed Week 3 absences: Jayden Daniels (WAS QB, elbow, Mariota starting), David Njoku and Charlie Kolar (both LAC TE, placed on IR after Week 2, min 4 games) - all via multi-source web confirmation (ESPN/CBS/NFL.com/Chargers.com), not yet reflected in Sleeper's live feed.",/home/user/ffcc/output/draft_rankings/draft_rankings_2026_ppr.csv
2026,3,00-0034278,Tremon Smith,WR,HOU,IND,False,1.17,3.1,-2.0,-1.34,1.65,6.09,11.74,0.6,0.03,ppr,2026-09-22 13:17,"Pre-kickoff snapshot locked 2026-09-22 (all Week 3 games 9/24-9/28, none yet played). Live data refreshed same day (Sleeper live API blocked by sandbox proxy 403, fell back to committed snapshot - see data/fallback/README). Manual weekly-out overrides applied for confirmed Week 3 absences: Jayden Daniels (WAS QB, elbow, Mariota starting), David Njoku and Charlie Kolar (both LAC TE, placed on IR after Week 2, min 4 games) - all via multi-source web confirmation (ESPN/CBS/NFL.com/Chargers.com), not yet reflected in Sleeper's live feed.",/home/user/ffcc/output/draft_rankings/draft_rankings_2026_ppr.csv
2026,3,00-0039062,Jonathan Mingo,WR,DAL,BAL,False,1.17,3.08,-2.0,-1.32,1.62,6.0,11.77,0.6,0.03,ppr,2026-09-22 13:17,"Pre-kickoff snapshot locked 2026-09-22 (all Week 3 games 9/24-9/28, none yet played). Live data refreshed same day (Sleeper live API blocked by sandbox proxy 403, fell back to committed snapshot - see data/fallback/README). Manual weekly-out overrides applied for confirmed Week 3 absences: Jayden Daniels (WAS QB, elbow, Mariota starting), David Njoku and Charlie Kolar (both LAC TE, placed on IR after Week 2, min 4 games) - all via multi-source web confirmation (ESPN/CBS/NFL.com/Chargers.com), not yet reflected in Sleeper's live feed.",/home/user/ffcc/output/draft_rankings/draft_rankings_2026_ppr.csv
2026,3,00-0038679,Tyrell Shavers,WR,BUF,LAC,False,0.89,3.08,-2.0,-1.36,1.61,6.07,12.08,0.6,0.03,ppr,2026-09-22 13:17,"Pre-kickoff snapshot locked 2026-09-22 (all Week 3 games 9/24-9/28, none yet played). Live data refreshed same day (Sleeper live API blocked by sandbox proxy 403, fell back to committed snapshot - see data/fallback/README). Manual weekly-out overrides applied for confirmed Week 3 absences: Jayden Daniels (WAS QB, elbow, Mariota starting), David Njoku and Charlie Kolar (both LAC TE, placed on IR after Week 2, min 4 games) - all via multi-source web confirmation (ESPN/CBS/NFL.com/Chargers.com), not yet reflected in Sleeper's live feed.",/home/user/ffcc/output/draft_rankings/draft_rankings_2026_ppr.csv
2026,3,00-0040194,Jackson Hawes,TE,BUF,LAC,False,0.79,3.05,-2.0,-0.33,2.05,5.28,9.91,0.6,0.06,ppr,2026-09-22 13:17,"Pre-kickoff snapshot locked 2026-09-22 (all Week 3 games 9/24-9/28, none yet played). Live data refreshed same day (Sleeper live API blocked by sandbox proxy 403, fell back to committed snapshot - see data/fallback/README). Manual weekly-out overrides applied for confirmed Week 3 absences: Jayden Daniels (WAS QB, elbow, Mariota starting), David Njoku and Charlie Kolar (both LAC TE, placed on IR after Week 2, min 4 games) - all via multi-source web confirmation (ESPN/CBS/NFL.com/Chargers.com), not yet reflected in Sleeper's live feed.",/home/user/ffcc/output/draft_rankings/draft_rankings_2026_ppr.csv
2026,3,00-0041048,Ted Hurst,WR,TB,MIN,False,0.77,3.04,-2.0,-1.46,1.51,5.86,11.59,0.61,0.02,ppr,2026-09-22 13:17,"Pre-kickoff snapshot locked 2026-09-22 (all Week 3 games 9/24-9/28, none yet played). Live data refreshed same day (Sleeper live API blocked by sandbox proxy 403, fell back to committed snapshot - see data/fallback/README). Manual weekly-out overrides applied for confirmed Week 3 absences: Jayden Daniels (WAS QB, elbow, Mariota starting), David Njoku and Charlie Kolar (both LAC TE, placed on IR after Week 2, min 4 games) - all via multi-source web confirmation (ESPN/CBS/NFL.com/Chargers.com), not yet reflected in Sleeper's live feed.",/home/user/ffcc/output/draft_rankings/draft_rankings_2026_ppr.csv
2026,3,00-0040198,Ollie Gordon II,RB,MIA,KC,False,0.87,3.03,-2.0,-1.09,1.66,6.52,12.98,0.6,0.04,ppr,2026-09-22 13:17,"Pre-kickoff snapshot locked 2026-09-22 (all Week 3 games 9/24-9/28, none yet played). Live data refreshed same day (Sleeper live API blocked by sandbox proxy 403, fell back to committed snapshot - see data/fallback/README). Manual weekly-out overrides applied for confirmed Week 3 absences: Jayden Daniels (WAS QB, elbow, Mariota starting), David Njoku and Charlie Kolar (both LAC TE, placed on IR after Week 2, min 4 games) - all via multi-source web confirmation (ESPN/CBS/NFL.com/Chargers.com), not yet reflected in Sleeper's live feed.",/home/user/ffcc/output/draft_rankings/draft_rankings_2026_ppr.csv
2026,3,00-0041041,Oscar Delp,TE,NO,LV,False,0.76,3.03,-2.0,-0.34,2.06,5.34,9.85,0.6,0.06,ppr,2026-09-22 13:17,"Pre-kickoff snapshot locked 2026-09-22 (all Week 3 games 9/24-9/28, none yet played). Live data refreshed same day (Sleeper live API blocked by sandbox proxy 403, fell back to committed snapshot - see data/fallback/README). Manual weekly-out overrides applied for confirmed Week 3 absences: Jayden Daniels (WAS QB, elbow, Mariota starting), David Njoku and Charlie Kolar (both LAC TE, placed on IR after Week 2, min 4 games) - all via multi-source web confirmation (ESPN/CBS/NFL.com/Chargers.com), not yet reflected in Sleeper's live feed.",/home/user/ffcc/output/draft_rankings/draft_rankings_2026_ppr.csv
2026,3,00-0041067,Bryce Lance,WR,NO,LV,False,1.09,3.02,-2.0,-1.37,1.54,5.97,11.86,0.6,0.03,ppr,2026-09-22 13:17,"Pre-kickoff snapshot locked 2026-09-22 (all Week 3 games 9/24-9/28, none yet played). Live data refreshed same day (Sleeper live API blocked by sandbox proxy 403, fell back to committed snapshot - see data/fallback/README). Manual weekly-out overrides applied for confirmed Week 3 absences: Jayden Daniels (WAS QB, elbow, Mariota starting), David Njoku and Charlie Kolar (both LAC TE, placed on IR after Week 2, min 4 games) - all via multi-source web confirmation (ESPN/CBS/NFL.com/Chargers.com), not yet reflected in Sleeper's live feed.",/home/user/ffcc/output/draft_rankings/draft_rankings_2026_ppr.csv
2026,3,00-0040164,Jaylin Lane,WR,WAS,SEA,False,0.85,3.01,-2.0,-1.43,1.47,5.99,11.69,0.61,0.03,ppr,2026-09-22 13:17,"Pre-kickoff snapshot locked 2026-09-22 (all Week 3 games 9/24-9/28, none yet played). Live data refreshed same day (Sleeper live API blocked by sandbox proxy 403, fell back to committed snapshot - see data/fallback/README). Manual weekly-out overrides applied for confirmed Week 3 absences: Jayden Daniels (WAS QB, elbow, Mariota starting), David Njoku and Charlie Kolar (both LAC TE, placed on IR after Week 2, min 4 games) - all via multi-source web confirmation (ESPN/CBS/NFL.com/Chargers.com), not yet reflected in Sleeper's live feed.",/home/user/ffcc/output/draft_rankings/draft_rankings_2026_ppr.csv
2026,3,00-0040398,Brady Cook,QB,MIA,KC,False,0.92,3.01,-2.0,-2.0,3.31,9.55,14.93,0.49,0.04,ppr,2026-09-22 13:17,"Pre-kickoff snapshot locked 2026-09-22 (all Week 3 games 9/24-9/28, none yet played). Live data refreshed same day (Sleeper live API blocked by sandbox proxy 403, fell back to committed snapshot - see data/fallback/README). Manual weekly-out overrides applied for confirmed Week 3 absences: Jayden Daniels (WAS QB, elbow, Mariota starting), David Njoku and Charlie Kolar (both LAC TE, placed on IR after Week 2, min 4 games) - all via multi-source web confirmation (ESPN/CBS/NFL.com/Chargers.com), not yet reflected in Sleeper's live feed.",/home/user/ffcc/output/draft_rankings/draft_rankings_2026_ppr.csv
2026,3,00-0041051,Zavion Thomas,WR,CHI,PHI,False,0.87,2.99,-2.0,-1.62,1.32,5.72,11.85,0.62,0.03,ppr,2026-09-22 13:17,"Pre-kickoff snapshot locked 2026-09-22 (all Week 3 games 9/24-9/28, none yet played). Live data refreshed same day (Sleeper live API blocked by sandbox proxy 403, fell back to committed snapshot - see data/fallback/README). Manual weekly-out overrides applied for confirmed Week 3 absences: Jayden Daniels (WAS QB, elbow, Mariota starting), David Njoku and Charlie Kolar (both LAC TE, placed on IR after Week 2, min 4 games) - all via multi-source web confirmation (ESPN/CBS/NFL.com/Chargers.com), not yet reflected in Sleeper's live feed.",/home/user/ffcc/output/draft_rankings/draft_rankings_2026_ppr.csv
2026,3,00-0040352,Coleman Owen,WR,IND,HOU,False,0.84,2.99,-2.0,-1.41,1.58,6.03,12.08,0.6,0.03,ppr,2026-09-22 13:17,"Pre-kickoff snapshot locked 2026-09-22 (all Week 3 games 9/24-9/28, none yet played). Live data refreshed same day (Sleeper live API blocked by sandbox proxy 403, fell back to committed snapshot - see data/fallback/README). Manual weekly-out overrides applied for confirmed Week 3 absences: Jayden Daniels (WAS QB, elbow, Mariota starting), David Njoku and Charlie Kolar (both LAC TE, placed on IR after Week 2, min 4 games) - all via multi-source web confirmation (ESPN/CBS/NFL.com/Chargers.com), not yet reflected in Sleeper's live feed.",/home/user/ffcc/output/draft_rankings/draft_rankings_2026_ppr.csv
2026,3,00-0038389,Israel Abanikanda,RB,DAL,BAL,False,1.05,2.98,-2.0,-1.24,1.54,6.35,12.61,0.6,0.04,ppr,2026-09-22 13:17,"Pre-kickoff snapshot locked 2026-09-22 (all Week 3 games 9/24-9/28, none yet played). Live data refreshed same day (Sleeper live API blocked by sandbox proxy 403, fell back to committed snapshot - see data/fallback/README). Manual weekly-out overrides applied for confirmed Week 3 absences: Jayden Daniels (WAS QB, elbow, Mariota starting), David Njoku and Charlie Kolar (both LAC TE, placed on IR after Week 2, min 4 games) - all via multi-source web confirmation (ESPN/CBS/NFL.com/Chargers.com), not yet reflected in Sleeper's live feed.",/home/user/ffcc/output/draft_rankings/draft_rankings_2026_ppr.csv
2026,3,00-0037091,Bo Melton,WR,GB,ATL,False,1.09,2.96,-2.0,-1.44,1.51,6.11,11.87,0.61,0.03,ppr,2026-09-22 13:17,"Pre-kickoff snapshot locked 2026-09-22 (all Week 3 games 9/24-9/28, none yet played). Live data refreshed same day (Sleeper live API blocked by sandbox proxy 403, fell back to committed snapshot - see data/fallback/README). Manual weekly-out overrides applied for confirmed Week 3 absences: Jayden Daniels (WAS QB, elbow, Mariota starting), David Njoku and Charlie Kolar (both LAC TE, placed on IR after Week 2, min 4 games) - all via multi-source web confirmation (ESPN/CBS/NFL.com/Chargers.com), not yet reflected in Sleeper's live feed.",/home/user/ffcc/output/draft_rankings/draft_rankings_2026_ppr.csv
2026,3,00-0040590,Konata Mumpfield,WR,LA,DEN,False,0.88,2.94,-2.0,-1.61,1.34,5.96,11.73,0.62,0.03,ppr,2026-09-22 13:17,"Pre-kickoff snapshot locked 2026-09-22 (all Week 3 games 9/24-9/28, none yet played). Live data refreshed same day (Sleeper live API blocked by sandbox proxy 403, fell back to committed snapshot - see data/fallback/README). Manual weekly-out overrides applied for confirmed Week 3 absences: Jayden Daniels (WAS QB, elbow, Mariota starting), David Njoku and Charlie Kolar (both LAC TE, placed on IR after Week 2, min 4 games) - all via multi-source web confirmation (ESPN/CBS/NFL.com/Chargers.com), not yet reflected in Sleeper's live feed.",/home/user/ffcc/output/draft_rankings/draft_rankings_2026_ppr.csv
2026,3,00-0038998,Jake Haener,QB,NYG,TEN,False,1.17,2.93,-2.0,-2.0,3.35,9.47,14.76,0.49,0.04,ppr,2026-09-22 13:17,"Pre-kickoff snapshot locked 2026-09-22 (all Week 3 games 9/24-9/28, none yet played). Live data refreshed same day (Sleeper live API blocked by sandbox proxy 403, fell back to committed snapshot - see data/fallback/README). Manual weekly-out overrides applied for confirmed Week 3 absences: Jayden Daniels (WAS QB, elbow, Mariota starting), David Njoku and Charlie Kolar (both LAC TE, placed on IR after Week 2, min 4 games) - all via multi-source web confirmation (ESPN/CBS/NFL.com/Chargers.com), not yet reflected in Sleeper's live feed.",/home/user/ffcc/output/draft_rankings/draft_rankings_2026_ppr.csv
2026,3,00-0036556,Brevin Jordan,TE,HOU,IND,False,1.15,2.92,-2.0,-0.33,1.93,5.1,9.64,0.61,0.05,ppr,2026-09-22 13:17,"Pre-kickoff snapshot locked 2026-09-22 (all Week 3 games 9/24-9/28, none yet played). Live data refreshed same day (Sleeper live API blocked by sandbox proxy 403, fell back to committed snapshot - see data/fallback/README). Manual weekly-out overrides applied for confirmed Week 3 absences: Jayden Daniels (WAS QB, elbow, Mariota starting), David Njoku and Charlie Kolar (both LAC TE, placed on IR after Week 2, min 4 games) - all via multi-source web confirmation (ESPN/CBS/NFL.com/Chargers.com), not yet reflected in Sleeper's live feed.",/home/user/ffcc/output/draft_rankings/draft_rankings_2026_ppr.csv
2026,3,00-0040649,Robbie Ouzts,RB,SEA,WAS,False,1.16,2.92,-2.0,-1.31,1.37,6.07,12.14,0.62,0.04,ppr,2026-09-22 13:17,"Pre-kickoff snapshot locked 2026-09-22 (all Week 3 games 9/24-9/28, none yet played). Live data refreshed same day (Sleeper live API blocked by sandbox proxy 403, fell back to committed snapshot - see data/fallback/README). Manual weekly-out overrides applied for confirmed Week 3 absences: Jayden Daniels (WAS QB, elbow, Mariota starting), David Njoku and Charlie Kolar (both LAC TE, placed on IR after Week 2, min 4 games) - all via multi-source web confirmation (ESPN/CBS/NFL.com/Chargers.com), not yet reflected in Sleeper's live feed.",/home/user/ffcc/output/draft_rankings/draft_rankings_2026_ppr.csv
2026,3,00-0039074,Davis Allen,TE,LA,DEN,False,1.03,2.92,-2.0,-0.39,1.93,5.3,10.0,0.61,0.06,ppr,2026-09-22 13:17,"Pre-kickoff snapshot locked 2026-09-22 (all Week 3 games 9/24-9/28, none yet played). Live data refreshed same day (Sleeper live API blocked by sandbox proxy 403, fell back to committed snapshot - see data/fallback/README). Manual weekly-out overrides applied for confirmed Week 3 absences: Jayden Daniels (WAS QB, elbow, Mariota starting), David Njoku and Charlie Kolar (both LAC TE, placed on IR after Week 2, min 4 games) - all via multi-source web confirmation (ESPN/CBS/NFL.com/Chargers.com), not yet reflected in Sleeper's live feed.",/home/user/ffcc/output/draft_rankings/draft_rankings_2026_ppr.csv
2026,3,00-0036182,Nick Westbrook-Ikhine,WR,IND,HOU,False,0.84,2.9,-2.0,-1.58,1.46,5.89,11.98,0.61,0.03,ppr,2026-09-22 13:17,"Pre-kickoff snapshot locked 2026-09-22 (all Week 3 games 9/24-9/28, none yet played). Live data refreshed same day (Sleeper live API blocked by sandbox proxy 403, fell back to committed snapshot - see data/fallback/README). Manual weekly-out overrides applied for confirmed Week 3 absences: Jayden Daniels (WAS QB, elbow, Mariota starting), David Njoku and Charlie Kolar (both LAC TE, placed on IR after Week 2, min 4 games) - all via multi-source web confirmation (ESPN/CBS/NFL.com/Chargers.com), not yet reflected in Sleeper's live feed.",/home/user/ffcc/output/draft_rankings/draft_rankings_2026_ppr.csv
2026,3,00-0035021,Ashton Dulin,WR,IND,HOU,False,0.84,2.89,-2.0,-1.5,1.38,5.76,11.27,0.62,0.02,ppr,2026-09-22 13:17,"Pre-kickoff snapshot locked 2026-09-22 (all Week 3 games 9/24-9/28, none yet played). Live data refreshed same day (Sleeper live API blocked by sandbox proxy 403, fell back to committed snapshot - see data/fallback/README). Manual weekly-out overrides applied for confirmed Week 3 absences: Jayden Daniels (WAS QB, elbow, Mariota starting), David Njoku and Charlie Kolar (both LAC TE, placed on IR after Week 2, min 4 games) - all via multi-source web confirmation (ESPN/CBS/NFL.com/Chargers.com), not yet reflected in Sleeper's live feed.",/home/user/ffcc/output/draft_rankings/draft_rankings_2026_ppr.csv
2026,3,00-0038359,Xavier Smith,WR,LA,DEN,False,0.88,2.88,-2.0,-1.59,1.47,5.94,11.8,0.61,0.03,ppr,2026-09-22 13:17,"Pre-kickoff snapshot locked 2026-09-22 (all Week 3 games 9/24-9/28, none yet played). Live data refreshed same day (Sleeper live API blocked by sandbox proxy 403, fell back to committed snapshot - see data/fallback/README). Manual weekly-out overrides applied for confirmed Week 3 absences: Jayden Daniels (WAS QB, elbow, Mariota starting), David Njoku and Charlie Kolar (both LAC TE, placed on IR after Week 2, min 4 games) - all via multi-source web confirmation (ESPN/CBS/NFL.com/Chargers.com), not yet reflected in Sleeper's live feed.",/home/user/ffcc/output/draft_rankings/draft_rankings_2026_ppr.csv
2026,3,00-0038938,Jalin Hyatt,WR,NYG,TEN,False,1.16,2.88,-2.0,-1.59,1.41,5.86,11.8,0.61,0.03,ppr,2026-09-22 13:17,"Pre-kickoff snapshot locked 2026-09-22 (all Week 3 games 9/24-9/28, none yet played). Live data refreshed same day (Sleeper live API blocked by sandbox proxy 403, fell back to committed snapshot - see data/fallback/README). Manual weekly-out overrides applied for confirmed Week 3 absences: Jayden Daniels (WAS QB, elbow, Mariota starting), David Njoku and Charlie Kolar (both LAC TE, placed on IR after Week 2, min 4 games) - all via multi-source web confirmation (ESPN/CBS/NFL.com/Chargers.com), not yet reflected in Sleeper's live feed.",/home/user/ffcc/output/draft_rankings/draft_rankings_2026_ppr.csv
2026,3,00-0037329,Brittain Brown,RB,CHI,PHI,False,1.04,2.86,-2.0,-1.33,1.33,6.14,12.1,0.61,0.04,ppr,2026-09-22 13:17,"Pre-kickoff snapshot locked 2026-09-22 (all Week 3 games 9/24-9/28, none yet played). Live data refreshed same day (Sleeper live API blocked by sandbox proxy 403, fell back to committed snapshot - see data/fallback/README). Manual weekly-out overrides applied for confirmed Week 3 absences: Jayden Daniels (WAS QB, elbow, Mariota starting), David Njoku and Charlie Kolar (both LAC TE, placed on IR after Week 2, min 4 games) - all via multi-source web confirmation (ESPN/CBS/NFL.com/Chargers.com), not yet reflected in Sleeper's live feed.",/home/user/ffcc/output/draft_rankings/draft_rankings_2026_ppr.csv
2026,3,00-0039703,Cody Schrader,RB,DEN,LA,False,0.92,2.85,-2.0,-1.3,1.43,6.25,12.3,0.61,0.04,ppr,2026-09-22 13:17,"Pre-kickoff snapshot locked 2026-09-22 (all Week 3 games 9/24-9/28, none yet played). Live data refreshed same day (Sleeper live API blocked by sandbox proxy 403, fell back to committed snapshot - see data/fallback/README). Manual weekly-out overrides applied for confirmed Week 3 absences: Jayden Daniels (WAS QB, elbow, Mariota starting), David Njoku and Charlie Kolar (both LAC TE, placed on IR after Week 2, min 4 games) - all via multi-source web confirmation (ESPN/CBS/NFL.com/Chargers.com), not yet reflected in Sleeper's live feed.",/home/user/ffcc/output/draft_rankings/draft_rankings_2026_ppr.csv
2026,3,00-0041081,Max Bredeson,TE,MIN,TB,False,1.19,2.85,-2.0,-0.4,1.91,5.32,10.0,0.61,0.06,ppr,2026-09-22 13:17,"Pre-kickoff snapshot locked 2026-09-22 (all Week 3 games 9/24-9/28, none yet played). Live data refreshed same day (Sleeper live API blocked by sandbox proxy 403, fell back to committed snapshot - see data/fallback/README). Manual weekly-out overrides applied for confirmed Week 3 absences: Jayden Daniels (WAS QB, elbow, Mariota starting), David Njoku and Charlie Kolar (both LAC TE, placed on IR after Week 2, min 4 games) - all via multi-source web confirmation (ESPN/CBS/NFL.com/Chargers.com), not yet reflected in Sleeper's live feed.",/home/user/ffcc/output/draft_rankings/draft_rankings_2026_ppr.csv
2026,3,00-0041069,Colbie Young,WR,CIN,PIT,False,1.14,2.85,-2.0,-1.62,1.3,5.85,11.78,0.62,0.03,ppr,2026-09-22 13:17,"Pre-kickoff snapshot locked 2026-09-22 (all Week 3 games 9/24-9/28, none yet played). Live data refreshed same day (Sleeper live API blocked by sandbox proxy 403, fell back to committed snapshot - see data/fallback/README). Manual weekly-out overrides applied for confirmed Week 3 absences: Jayden Daniels (WAS QB, elbow, Mariota starting), David Njoku and Charlie Kolar (both LAC TE, placed on IR after Week 2, min 4 games) - all via multi-source web confirmation (ESPN/CBS/NFL.com/Chargers.com), not yet reflected in Sleeper's live feed.",/home/user/ffcc/output/draft_rankings/draft_rankings_2026_ppr.csv
2026,3,00-0038550,Hendon Hooker,QB,TEN,NYG,False,1.12,2.84,-2.0,-2.0,3.12,9.25,14.69,0.49,0.04,ppr,2026-09-22 13:17,"Pre-kickoff snapshot locked 2026-09-22 (all Week 3 games 9/24-9/28, none yet played). Live data refreshed same day (Sleeper live API blocked by sandbox proxy 403, fell back to committed snapshot - see data/fallback/README). Manual weekly-out overrides applied for confirmed Week 3 absences: Jayden Daniels (WAS QB, elbow, Mariota starting), David Njoku and Charlie Kolar (both LAC TE, placed on IR after Week 2, min 4 games) - all via multi-source web confirmation (ESPN/CBS/NFL.com/Chargers.com), not yet reflected in Sleeper's live feed.",/home/user/ffcc/output/draft_rankings/draft_rankings_2026_ppr.csv
2026,3,00-0041104,Demond Claiborne,RB,MIN,TB,False,1.0,2.84,-2.0,-1.39,1.42,6.26,12.38,0.61,0.04,ppr,2026-09-22 13:17,"Pre-kickoff snapshot locked 2026-09-22 (all Week 3 games 9/24-9/28, none yet played). Live data refreshed same day (Sleeper live API blocked by sandbox proxy 403, fell back to committed snapshot - see data/fallback/README). Manual weekly-out overrides applied for confirmed Week 3 absences: Jayden Daniels (WAS QB, elbow, Mariota starting), David Njoku and Charlie Kolar (both LAC TE, placed on IR after Week 2, min 4 games) - all via multi-source web confirmation (ESPN/CBS/NFL.com/Chargers.com), not yet reflected in Sleeper's live feed.",/home/user/ffcc/output/draft_rankings/draft_rankings_2026_ppr.csv
2026,3,00-0036862,Ben Skowronek,WR,PIT,CIN,False,0.82,2.84,-2.0,-1.62,1.26,5.67,11.66,0.63,0.03,ppr,2026-09-22 13:17,"Pre-kickoff snapshot locked 2026-09-22 (all Week 3 games 9/24-9/28, none yet played). Live data refreshed same day (Sleeper live API blocked by sandbox proxy 403, fell back to committed snapshot - see data/fallback/README). Manual weekly-out overrides applied for confirmed Week 3 absences: Jayden Daniels (WAS QB, elbow, Mariota starting), David Njoku and Charlie Kolar (both LAC TE, placed on IR after Week 2, min 4 games) - all via multi-source web confirmation (ESPN/CBS/NFL.com/Chargers.com), not yet reflected in Sleeper's live feed.",/home/user/ffcc/output/draft_rankings/draft_rankings_2026_ppr.csv
2026,3,00-0039623,Mason Tipton,WR,NO,LV,False,1.09,2.83,-2.0,-1.53,1.37,5.92,11.95,0.61,0.03,ppr,2026-09-22 13:17,"Pre-kickoff snapshot locked 2026-09-22 (all Week 3 games 9/24-9/28, none yet played). Live data refreshed same day (Sleeper live API blocked by sandbox proxy 403, fell back to committed snapshot - see data/fallback/README). Manual weekly-out overrides applied for confirmed Week 3 absences: Jayden Daniels (WAS QB, elbow, Mariota starting), David Njoku and Charlie Kolar (both LAC TE, placed on IR after Week 2, min 4 games) - all via multi-source web confirmation (ESPN/CBS/NFL.com/Chargers.com), not yet reflected in Sleeper's live feed.",/home/user/ffcc/output/draft_rankings/draft_rankings_2026_ppr.csv
2026,3,00-0037085,Tyler Badie,RB,DEN,LA,False,0.92,2.83,-2.0,-1.39,1.39,6.25,12.43,0.61,0.04,ppr,2026-09-22 13:17,"Pre-kickoff snapshot locked 2026-09-22 (all Week 3 games 9/24-9/28, none yet played). Live data refreshed same day (Sleeper live API blocked by sandbox proxy 403, fell back to committed snapshot - see data/fallback/README). Manual weekly-out overrides applied for confirmed Week 3 absences: Jayden Daniels (WAS QB, elbow, Mariota starting), David Njoku and Charlie Kolar (both LAC TE, placed on IR after Week 2, min 4 games) - all via multi-source web confirmation (ESPN/CBS/NFL.com/Chargers.com), not yet reflected in Sleeper's live feed.",/home/user/ffcc/output/draft_rankings/draft_rankings_2026_ppr.csv
2026,3,00-0037292,Andrew Ogletree,TE,IND,HOU,False,0.92,2.82,-2.0,-0.44,1.88,5.16,9.8,0.61,0.06,ppr,2026-09-22 13:17,"Pre-kickoff snapshot locked 2026-09-22 (all Week 3 games 9/24-9/28, none yet played). Live data refreshed same day (Sleeper live API blocked by sandbox proxy 403, fell back to committed snapshot - see data/fallback/README). Manual weekly-out overrides applied for confirmed Week 3 absences: Jayden Daniels (WAS QB, elbow, Mariota starting), David Njoku and Charlie Kolar (both LAC TE, placed on IR after Week 2, min 4 games) - all via multi-source web confirmation (ESPN/CBS/NFL.com/Chargers.com), not yet reflected in Sleeper's live feed.",/home/user/ffcc/output/draft_rankings/draft_rankings_2026_ppr.csv
2026,3,00-0039746,Will Shipley,RB,PHI,CHI,False,0.96,2.81,-2.0,-1.3,1.41,6.2,12.5,0.61,0.04,ppr,2026-09-22 13:17,"Pre-kickoff snapshot locked 2026-09-22 (all Week 3 games 9/24-9/28, none yet played). Live data refreshed same day (Sleeper live API blocked by sandbox proxy 403, fell back to committed snapshot - see data/fallback/README). Manual weekly-out overrides applied for confirmed Week 3 absences: Jayden Daniels (WAS QB, elbow, Mariota starting), David Njoku and Charlie Kolar (both LAC TE, placed on IR after Week 2, min 4 games) - all via multi-source web confirmation (ESPN/CBS/NFL.com/Chargers.com), not yet reflected in Sleeper's live feed.",/home/user/ffcc/output/draft_rankings/draft_rankings_2026_ppr.csv
2026,3,00-0038783,Nate Adkins,TE,DEN,LA,False,0.99,2.81,-2.0,-0.57,1.83,4.99,9.7,0.62,0.06,ppr,2026-09-22 13:17,"Pre-kickoff snapshot locked 2026-09-22 (all Week 3 games 9/24-9/28, none yet played). Live data refreshed same day (Sleeper live API blocked by sandbox proxy 403, fell back to committed snapshot - see data/fallback/README). Manual weekly-out overrides applied for confirmed Week 3 absences: Jayden Daniels (WAS QB, elbow, Mariota starting), David Njoku and Charlie Kolar (both LAC TE, placed on IR after Week 2, min 4 games) - all via multi-source web confirmation (ESPN/CBS/NFL.com/Chargers.com), not yet reflected in Sleeper's live feed.",/home/user/ffcc/output/draft_rankings/draft_rankings_2026_ppr.csv
2026,3,00-0040888,Adam Randall,RB,BAL,DAL,False,1.13,2.77,-2.0,-1.28,1.42,6.22,12.37,0.61,0.04,ppr,2026-09-22 13:17,"Pre-kickoff snapshot locked 2026-09-22 (all Week 3 games 9/24-9/28, none yet played). Live data refreshed same day (Sleeper live API blocked by sandbox proxy 403, fell back to committed snapshot - see data/fallback/README). Manual weekly-out overrides applied for confirmed Week 3 absences: Jayden Daniels (WAS QB, elbow, Mariota starting), David Njoku and Charlie Kolar (both LAC TE, placed on IR after Week 2, min 4 games) - all via multi-source web confirmation (ESPN/CBS/NFL.com/Chargers.com), not yet reflected in Sleeper's live feed.",/home/user/ffcc/output/draft_rankings/draft_rankings_2026_ppr.csv
2026,3,00-0040067,Jacardia Wright,RB,SEA,WAS,False,1.16,2.72,-2.0,-1.5,1.2,6.03,12.11,0.62,0.04,ppr,2026-09-22 13:17,"Pre-kickoff snapshot locked 2026-09-22 (all Week 3 games 9/24-9/28, none yet played). Live data refreshed same day (Sleeper live API blocked by sandbox proxy 403, fell back to committed snapshot - see data/fallback/README). Manual weekly-out overrides applied for confirmed Week 3 absences: Jayden Daniels (WAS QB, elbow, Mariota starting), David Njoku and Charlie Kolar (both LAC TE, placed on IR after Week 2, min 4 games) - all via multi-source web confirmation (ESPN/CBS/NFL.com/Chargers.com), not yet reflected in Sleeper's live feed.",/home/user/ffcc/output/draft_rankings/draft_rankings_2026_ppr.csv
2026,3,00-0038547,Luke Schoonmaker,TE,DAL,BAL,False,0.82,2.72,-2.0,-0.63,1.69,4.95,9.65,0.63,0.05,ppr,2026-09-22 13:17,"Pre-kickoff snapshot locked 2026-09-22 (all Week 3 games 9/24-9/28, none yet played). Live data refreshed same day (Sleeper live API blocked by sandbox proxy 403, fell back to committed snapshot - see data/fallback/README). Manual weekly-out overrides applied for confirmed Week 3 absences: Jayden Daniels (WAS QB, elbow, Mariota starting), David Njoku and Charlie Kolar (both LAC TE, placed on IR after Week 2, min 4 games) - all via multi-source web confirmation (ESPN/CBS/NFL.com/Chargers.com), not yet reflected in Sleeper's live feed.",/home/user/ffcc/output/draft_rankings/draft_rankings_2026_ppr.csv
2026,3,00-0041550,Brenen Thompson,WR,LAC,BUF,False,0.86,2.72,-2.0,-1.68,1.23,5.68,11.97,0.63,0.03,ppr,2026-09-22 13:17,"Pre-kickoff snapshot locked 2026-09-22 (all Week 3 games 9/24-9/28, none yet played). Live data refreshed same day (Sleeper live API blocked by sandbox proxy 403, fell back to committed snapshot - see data/fallback/README). Manual weekly-out overrides applied for confirmed Week 3 absences: Jayden Daniels (WAS QB, elbow, Mariota starting), David Njoku and Charlie Kolar (both LAC TE, placed on IR after Week 2, min 4 games) - all via multi-source web confirmation (ESPN/CBS/NFL.com/Chargers.com), not yet reflected in Sleeper's live feed.",/home/user/ffcc/output/draft_rankings/draft_rankings_2026_ppr.csv
2026,3,00-0040179,DJ Giddens,RB,IND,HOU,False,0.91,2.7,-2.0,-1.44,1.26,5.97,12.26,0.62,0.04,ppr,2026-09-22 13:17,"Pre-kickoff snapshot locked 2026-09-22 (all Week 3 games 9/24-9/28, none yet played). Live data refreshed same day (Sleeper live API blocked by sandbox proxy 403, fell back to committed snapshot - see data/fallback/README). Manual weekly-out overrides applied for confirmed Week 3 absences: Jayden Daniels (WAS QB, elbow, Mariota starting), David Njoku and Charlie Kolar (both LAC TE, placed on IR after Week 2, min 4 games) - all via multi-source web confirmation (ESPN/CBS/NFL.com/Chargers.com), not yet reflected in Sleeper's live feed.",/home/user/ffcc/output/draft_rankings/draft_rankings_2026_ppr.csv
2026,3,00-0040563,Efton Chism III,WR,NE,JAX,False,1.02,2.69,-2.0,-1.69,1.19,5.56,11.77,0.63,0.03,ppr,2026-09-22 13:17,"Pre-kickoff snapshot locked 2026-09-22 (all Week 3 games 9/24-9/28, none yet played). Live data refreshed same day (Sleeper live API blocked by sandbox proxy 403, fell back to committed snapshot - see data/fallback/README). Manual weekly-out overrides applied for confirmed Week 3 absences: Jayden Daniels (WAS QB, elbow, Mariota starting), David Njoku and Charlie Kolar (both LAC TE, placed on IR after Week 2, min 4 games) - all via multi-source web confirmation (ESPN/CBS/NFL.com/Chargers.com), not yet reflected in Sleeper's live feed.",/home/user/ffcc/output/draft_rankings/draft_rankings_2026_ppr.csv
2026,3,00-0038640,Jalen Brooks,WR,ARI,SF,False,1.04,2.69,-2.0,-1.74,1.13,5.75,11.75,0.63,0.03,ppr,2026-09-22 13:17,"Pre-kickoff snapshot locked 2026-09-22 (all Week 3 games 9/24-9/28, none yet played). Live data refreshed same day (Sleeper live API blocked by sandbox proxy 403, fell back to committed snapshot - see data/fallback/README). Manual weekly-out overrides applied for confirmed Week 3 absences: Jayden Daniels (WAS QB, elbow, Mariota starting), David Njoku and Charlie Kolar (both LAC TE, placed on IR after Week 2, min 4 games) - all via multi-source web confirmation (ESPN/CBS/NFL.com/Chargers.com), not yet reflected in Sleeper's live feed.",/home/user/ffcc/output/draft_rankings/draft_rankings_2026_ppr.csv
2026,3,00-0036628,John Bates,TE,WAS,SEA,False,1.1,2.67,-2.0,-0.6,1.67,4.96,9.6,0.63,0.05,ppr,2026-09-22 13:17,"Pre-kickoff snapshot locked 2026-09-22 (all Week 3 games 9/24-9/28, none yet played). Live data refreshed same day (Sleeper live API blocked by sandbox proxy 403, fell back to committed snapshot - see data/fallback/README). Manual weekly-out overrides applied for confirmed Week 3 absences: Jayden Daniels (WAS QB, elbow, Mariota starting), David Njoku and Charlie Kolar (both LAC TE, placed on IR after Week 2, min 4 games) - all via multi-source web confirmation (ESPN/CBS/NFL.com/Chargers.com), not yet reflected in Sleeper's live feed.",/home/user/ffcc/output/draft_rankings/draft_rankings_2026_ppr.csv
2026,3,00-0041099,Barion Brown,WR,NO,LV,False,1.09,2.62,-2.0,-1.75,1.23,5.79,11.95,0.62,0.03,ppr,2026-09-22 13:17,"Pre-kickoff snapshot locked 2026-09-22 (all Week 3 games 9/24-9/28, none yet played). Live data refreshed same day (Sleeper live API blocked by sandbox proxy 403, fell back to committed snapshot - see data/fallback/README). Manual weekly-out overrides applied for confirmed Week 3 absences: Jayden Daniels (WAS QB, elbow, Mariota starting), David Njoku and Charlie Kolar (both LAC TE, placed on IR after Week 2, min 4 games) - all via multi-source web confirmation (ESPN/CBS/NFL.com/Chargers.com), not yet reflected in Sleeper's live feed.",/home/user/ffcc/output/draft_rankings/draft_rankings_2026_ppr.csv
2026,3,00-0035589,Gary Jennings Jr,WR,LAC,BUF,False,0.86,2.62,-2.0,-1.82,1.1,5.6,11.55,0.63,0.03,ppr,2026-09-22 13:17,"Pre-kickoff snapshot locked 2026-09-22 (all Week 3 games 9/24-9/28, none yet played). Live data refreshed same day (Sleeper live API blocked by sandbox proxy 403, fell back to committed snapshot - see data/fallback/README). Manual weekly-out overrides applied for confirmed Week 3 absences: Jayden Daniels (WAS QB, elbow, Mariota starting), David Njoku and Charlie Kolar (both LAC TE, placed on IR after Week 2, min 4 games) - all via multi-source web confirmation (ESPN/CBS/NFL.com/Chargers.com), not yet reflected in Sleeper's live feed.",/home/user/ffcc/output/draft_rankings/draft_rankings_2026_ppr.csv
2026,3,00-0041443,Skyler Bell,WR,BUF,LAC,False,0.89,2.61,-2.0,-1.91,1.08,5.65,11.74,0.63,0.03,ppr,2026-09-22 13:17,"Pre-kickoff snapshot locked 2026-09-22 (all Week 3 games 9/24-9/28, none yet played). Live data refreshed same day (Sleeper live API blocked by sandbox proxy 403, fell back to committed snapshot - see data/fallback/README). Manual weekly-out overrides applied for confirmed Week 3 absences: Jayden Daniels (WAS QB, elbow, Mariota starting), David Njoku and Charlie Kolar (both LAC TE, placed on IR after Week 2, min 4 games) - all via multi-source web confirmation (ESPN/CBS/NFL.com/Chargers.com), not yet reflected in Sleeper's live feed.",/home/user/ffcc/output/draft_rankings/draft_rankings_2026_ppr.csv
2026,3,00-0036265,AJ Dillon,RB,CAR,CLE,False,0.99,2.61,-2.0,-1.6,1.19,5.74,12.02,0.63,0.04,ppr,2026-09-22 13:17,"Pre-kickoff snapshot locked 2026-09-22 (all Week 3 games 9/24-9/28, none yet played). Live data refreshed same day (Sleeper live API blocked by sandbox proxy 403, fell back to committed snapshot - see data/fallback/README). Manual weekly-out overrides applied for confirmed Week 3 absences: Jayden Daniels (WAS QB, elbow, Mariota starting), David Njoku and Charlie Kolar (both LAC TE, placed on IR after Week 2, min 4 games) - all via multi-source web confirmation (ESPN/CBS/NFL.com/Chargers.com), not yet reflected in Sleeper's live feed.",/home/user/ffcc/output/draft_rankings/draft_rankings_2026_ppr.csv
2026,3,00-0038098,Pierre Strong,RB,GB,ATL,False,0.98,2.6,-2.0,-1.48,1.19,6.01,12.16,0.62,0.04,ppr,2026-09-22 13:17,"Pre-kickoff snapshot locked 2026-09-22 (all Week 3 games 9/24-9/28, none yet played). Live data refreshed same day (Sleeper live API blocked by sandbox proxy 403, fell back to committed snapshot - see data/fallback/README). Manual weekly-out overrides applied for confirmed Week 3 absences: Jayden Daniels (WAS QB, elbow, Mariota starting), David Njoku and Charlie Kolar (both LAC TE, placed on IR after Week 2, min 4 games) - all via multi-source web confirmation (ESPN/CBS/NFL.com/Chargers.com), not yet reflected in Sleeper's live feed.",/home/user/ffcc/output/draft_rankings/draft_rankings_2026_ppr.csv
2026,3,00-0038440,Zavier Scott,RB,CHI,PHI,False,1.04,2.59,-2.0,-1.55,1.19,6.08,11.97,0.62,0.04,ppr,2026-09-22 13:17,"Pre-kickoff snapshot locked 2026-09-22 (all Week 3 games 9/24-9/28, none yet played). Live data refreshed same day (Sleeper live API blocked by sandbox proxy 403, fell back to committed snapshot - see data/fallback/README). Manual weekly-out overrides applied for confirmed Week 3 absences: Jayden Daniels (WAS QB, elbow, Mariota starting), David Njoku and Charlie Kolar (both LAC TE, placed on IR after Week 2, min 4 games) - all via multi-source web confirmation (ESPN/CBS/NFL.com/Chargers.com), not yet reflected in Sleeper's live feed.",/home/user/ffcc/output/draft_rankings/draft_rankings_2026_ppr.csv
2026,3,00-0038573,Derius Davis,WR,LAC,BUF,False,0.86,2.56,-2.0,-1.82,1.1,5.68,11.45,0.63,0.02,ppr,2026-09-22 13:17,"Pre-kickoff snapshot locked 2026-09-22 (all Week 3 games 9/24-9/28, none yet played). Live data refreshed same day (Sleeper live API blocked by sandbox proxy 403, fell back to committed snapshot - see data/fallback/README). Manual weekly-out overrides applied for confirmed Week 3 absences: Jayden Daniels (WAS QB, elbow, Mariota starting), David Njoku and Charlie Kolar (both LAC TE, placed on IR after Week 2, min 4 games) - all via multi-source web confirmation (ESPN/CBS/NFL.com/Chargers.com), not yet reflected in Sleeper's live feed.",/home/user/ffcc/output/draft_rankings/draft_rankings_2026_ppr.csv
2026,3,00-0036463,Chris Blair,WR,ATL,GB,False,1.02,2.55,-2.0,-1.93,1.04,5.37,11.31,0.64,0.03,ppr,2026-09-22 13:17,"Pre-kickoff snapshot locked 2026-09-22 (all Week 3 games 9/24-9/28, none yet played). Live data refreshed same day (Sleeper live API blocked by sandbox proxy 403, fell back to committed snapshot - see data/fallback/README). Manual weekly-out overrides applied for confirmed Week 3 absences: Jayden Daniels (WAS QB, elbow, Mariota starting), David Njoku and Charlie Kolar (both LAC TE, placed on IR after Week 2, min 4 games) - all via multi-source web confirmation (ESPN/CBS/NFL.com/Chargers.com), not yet reflected in Sleeper's live feed.",/home/user/ffcc/output/draft_rankings/draft_rankings_2026_ppr.csv
2026,3,00-0036423,Albert Okwuegbunam,TE,LV,NO,False,0.94,2.54,-2.0,-0.8,1.53,4.85,9.46,0.64,0.05,ppr,2026-09-22 13:17,"Pre-kickoff snapshot locked 2026-09-22 (all Week 3 games 9/24-9/28, none yet played). Live data refreshed same day (Sleeper live API blocked by sandbox proxy 403, fell back to committed snapshot - see data/fallback/README). Manual weekly-out overrides applied for confirmed Week 3 absences: Jayden Daniels (WAS QB, elbow, Mariota starting), David Njoku and Charlie Kolar (both LAC TE, placed on IR after Week 2, min 4 games) - all via multi-source web confirmation (ESPN/CBS/NFL.com/Chargers.com), not yet reflected in Sleeper's live feed.",/home/user/ffcc/output/draft_rankings/draft_rankings_2026_ppr.csv
2026,3,00-0040581,Dont'e Thornton Jr.,WR,LV,NO,False,0.9,2.54,-2.0,-1.84,1.01,5.46,11.26,0.64,0.03,ppr,2026-09-22 13:17,"Pre-kickoff snapshot locked 2026-09-22 (all Week 3 games 9/24-9/28, none yet played). Live data refreshed same day (Sleeper live API blocked by sandbox proxy 403, fell back to committed snapshot - see data/fallback/README). Manual weekly-out overrides applied for confirmed Week 3 absences: Jayden Daniels (WAS QB, elbow, Mariota starting), David Njoku and Charlie Kolar (both LAC TE, placed on IR after Week 2, min 4 games) - all via multi-source web confirmation (ESPN/CBS/NFL.com/Chargers.com), not yet reflected in Sleeper's live feed.",/home/user/ffcc/output/draft_rankings/draft_rankings_2026_ppr.csv
2026,3,00-0036415,Van Jefferson,WR,WAS,SEA,False,0.85,2.53,-2.0,-1.96,1.05,5.71,11.4,0.64,0.03,ppr,2026-09-22 13:17,"Pre-kickoff snapshot locked 2026-09-22 (all Week 3 games 9/24-9/28, none yet played). Live data refreshed same day (Sleeper live API blocked by sandbox proxy 403, fell back to committed snapshot - see data/fallback/README). Manual weekly-out overrides applied for confirmed Week 3 absences: Jayden Daniels (WAS QB, elbow, Mariota starting), David Njoku and Charlie Kolar (both LAC TE, placed on IR after Week 2, min 4 games) - all via multi-source web confirmation (ESPN/CBS/NFL.com/Chargers.com), not yet reflected in Sleeper's live feed.",/home/user/ffcc/output/draft_rankings/draft_rankings_2026_ppr.csv
2026,3,00-0037594,Julius Chestnut,RB,TEN,NYG,False,1.17,2.53,-2.0,-1.66,1.1,5.92,11.91,0.62,0.04,ppr,2026-09-22 13:17,"Pre-kickoff snapshot locked 2026-09-22 (all Week 3 games 9/24-9/28, none yet played). Live data refreshed same day (Sleeper live API blocked by sandbox proxy 403, fell back to committed snapshot - see data/fallback/README). Manual weekly-out overrides applied for confirmed Week 3 absences: Jayden Daniels (WAS QB, elbow, Mariota starting), David Njoku and Charlie Kolar (both LAC TE, placed on IR after Week 2, min 4 games) - all via multi-source web confirmation (ESPN/CBS/NFL.com/Chargers.com), not yet reflected in Sleeper's live feed.",/home/user/ffcc/output/draft_rankings/draft_rankings_2026_ppr.csv
2026,3,00-0039920,Malachi Corley,WR,CLE,CAR,False,0.86,2.51,-2.0,-1.82,1.05,5.46,11.35,0.64,0.03,ppr,2026-09-22 13:17,"Pre-kickoff snapshot locked 2026-09-22 (all Week 3 games 9/24-9/28, none yet played). Live data refreshed same day (Sleeper live API blocked by sandbox proxy 403, fell back to committed snapshot - see data/fallback/README). Manual weekly-out overrides applied for confirmed Week 3 absences: Jayden Daniels (WAS QB, elbow, Mariota starting), David Njoku and Charlie Kolar (both LAC TE, placed on IR after Week 2, min 4 games) - all via multi-source web confirmation (ESPN/CBS/NFL.com/Chargers.com), not yet reflected in Sleeper's live feed.",/home/user/ffcc/output/draft_rankings/draft_rankings_2026_ppr.csv
2026,3,00-0040172,Jordan Watkins,WR,SF,ARI,False,0.98,2.5,-2.0,-1.98,0.99,5.42,11.58,0.65,0.03,ppr,2026-09-22 13:17,"Pre-kickoff snapshot locked 2026-09-22 (all Week 3 games 9/24-9/28, none yet played). Live data refreshed same day (Sleeper live API blocked by sandbox proxy 403, fell back to committed snapshot - see data/fallback/README). Manual weekly-out overrides applied for confirmed Week 3 absences: Jayden Daniels (WAS QB, elbow, Mariota starting), David Njoku and Charlie Kolar (both LAC TE, placed on IR after Week 2, min 4 games) - all via multi-source web confirmation (ESPN/CBS/NFL.com/Chargers.com), not yet reflected in Sleeper's live feed.",/home/user/ffcc/output/draft_rankings/draft_rankings_2026_ppr.csv
2026,3,00-0040890,Cyrus Allen,WR,KC,MIA,False,0.97,2.49,-2.0,-2.0,1.01,5.41,11.19,0.64,0.02,ppr,2026-09-22 13:17,"Pre-kickoff snapshot locked 2026-09-22 (all Week 3 games 9/24-9/28, none yet played). Live data refreshed same day (Sleeper live API blocked by sandbox proxy 403, fell back to committed snapshot - see data/fallback/README). Manual weekly-out overrides applied for confirmed Week 3 absences: Jayden Daniels (WAS QB, elbow, Mariota starting), David Njoku and Charlie Kolar (both LAC TE, placed on IR after Week 2, min 4 games) - all via multi-source web confirmation (ESPN/CBS/NFL.com/Chargers.com), not yet reflected in Sleeper's live feed.",/home/user/ffcc/output/draft_rankings/draft_rankings_2026_ppr.csv
2026,3,00-0033589,David Moore,WR,CAR,CLE,False,0.87,2.49,-2.0,-2.0,0.91,5.41,11.44,0.65,0.03,ppr,2026-09-22 13:17,"Pre-kickoff snapshot locked 2026-09-22 (all Week 3 games 9/24-9/28, none yet played). Live data refreshed same day (Sleeper live API blocked by sandbox proxy 403, fell back to committed snapshot - see data/fallback/README). Manual weekly-out overrides applied for confirmed Week 3 absences: Jayden Daniels (WAS QB, elbow, Mariota starting), David Njoku and Charlie Kolar (both LAC TE, placed on IR after Week 2, min 4 games) - all via multi-source web confirmation (ESPN/CBS/NFL.com/Chargers.com), not yet reflected in Sleeper's live feed.",/home/user/ffcc/output/draft_rankings/draft_rankings_2026_ppr.csv
2026,3,00-0041524,Will Kacmarek,TE,MIA,KC,False,0.83,2.47,-2.0,-0.93,1.44,4.77,9.43,0.65,0.05,ppr,2026-09-22 13:17,"Pre-kickoff snapshot locked 2026-09-22 (all Week 3 games 9/24-9/28, none yet played). Live data refreshed same day (Sleeper live API blocked by sandbox proxy 403, fell back to committed snapshot - see data/fallback/README). Manual weekly-out overrides applied for confirmed Week 3 absences: Jayden Daniels (WAS QB, elbow, Mariota starting), David Njoku and Charlie Kolar (both LAC TE, placed on IR after Week 2, min 4 games) - all via multi-source web confirmation (ESPN/CBS/NFL.com/Chargers.com), not yet reflected in Sleeper's live feed.",/home/user/ffcc/output/draft_rankings/draft_rankings_2026_ppr.csv
2026,3,00-0033217,Mo Alie-Cox,TE,IND,HOU,False,0.92,2.46,-2.0,-0.86,1.51,4.61,9.29,0.65,0.05,ppr,2026-09-22 13:17,"Pre-kickoff snapshot locked 2026-09-22 (all Week 3 games 9/24-9/28, none yet played). Live data refreshed same day (Sleeper live API blocked by sandbox proxy 403, fell back to committed snapshot - see data/fallback/README). Manual weekly-out overrides applied for confirmed Week 3 absences: Jayden Daniels (WAS QB, elbow, Mariota starting), David Njoku and Charlie Kolar (both LAC TE, placed on IR after Week 2, min 4 games) - all via multi-source web confirmation (ESPN/CBS/NFL.com/Chargers.com), not yet reflected in Sleeper's live feed.",/home/user/ffcc/output/draft_rankings/draft_rankings_2026_ppr.csv
2026,3,00-0037745,Velus Jones Jr.,WR,SEA,WAS,False,1.13,2.43,-2.0,-1.98,0.93,5.4,11.28,0.65,0.02,ppr,2026-09-22 13:17,"Pre-kickoff snapshot locked 2026-09-22 (all Week 3 games 9/24-9/28, none yet played). Live data refreshed same day (Sleeper live API blocked by sandbox proxy 403, fell back to committed snapshot - see data/fallback/README). Manual weekly-out overrides applied for confirmed Week 3 absences: Jayden Daniels (WAS QB, elbow, Mariota starting), David Njoku and Charlie Kolar (both LAC TE, placed on IR after Week 2, min 4 games) - all via multi-source web confirmation (ESPN/CBS/NFL.com/Chargers.com), not yet reflected in Sleeper's live feed.",/home/user/ffcc/output/draft_rankings/draft_rankings_2026_ppr.csv
2026,3,00-0040644,Trevor Etienne,RB,CAR,CLE,False,0.99,2.42,-2.0,-1.74,0.91,5.8,11.87,0.64,0.04,ppr,2026-09-22 13:17,"Pre-kickoff snapshot locked 2026-09-22 (all Week 3 games 9/24-9/28, none yet played). Live data refreshed same day (Sleeper live API blocked by sandbox proxy 403, fell back to committed snapshot - see data/fallback/README). Manual weekly-out overrides applied for confirmed Week 3 absences: Jayden Daniels (WAS QB, elbow, Mariota starting), David Njoku and Charlie Kolar (both LAC TE, placed on IR after Week 2, min 4 games) - all via multi-source web confirmation (ESPN/CBS/NFL.com/Chargers.com), not yet reflected in Sleeper's live feed.",/home/user/ffcc/output/draft_rankings/draft_rankings_2026_ppr.csv
2026,3,00-0038896,Jacob Saylors,RB,DET,NYJ,False,1.27,2.41,-2.0,-1.83,1.01,5.78,12.26,0.63,0.04,ppr,2026-09-22 13:17,"Pre-kickoff snapshot locked 2026-09-22 (all Week 3 games 9/24-9/28, none yet played). Live data refreshed same day (Sleeper live API blocked by sandbox proxy 403, fell back to committed snapshot - see data/fallback/README). Manual weekly-out overrides applied for confirmed Week 3 absences: Jayden Daniels (WAS QB, elbow, Mariota starting), David Njoku and Charlie Kolar (both LAC TE, placed on IR after Week 2, min 4 games) - all via multi-source web confirmation (ESPN/CBS/NFL.com/Chargers.com), not yet reflected in Sleeper's live feed.",/home/user/ffcc/output/draft_rankings/draft_rankings_2026_ppr.csv
2026,3,00-0040238,LeQuint Allen Jr.,RB,JAX,NE,False,0.85,2.39,-2.0,-1.77,0.9,5.66,11.84,0.64,0.03,ppr,2026-09-22 13:17,"Pre-kickoff snapshot locked 2026-09-22 (all Week 3 games 9/24-9/28, none yet played). Live data refreshed same day (Sleeper live API blocked by sandbox proxy 403, fell back to committed snapshot - see data/fallback/README). Manual weekly-out overrides applied for confirmed Week 3 absences: Jayden Daniels (WAS QB, elbow, Mariota starting), David Njoku and Charlie Kolar (both LAC TE, placed on IR after Week 2, min 4 games) - all via multi-source web confirmation (ESPN/CBS/NFL.com/Chargers.com), not yet reflected in Sleeper's live feed.",/home/user/ffcc/output/draft_rankings/draft_rankings_2026_ppr.csv
2026,3,00-0038090,Skyy Moore,WR,GB,ATL,False,1.09,2.38,-2.0,-2.0,0.86,5.25,11.24,0.65,0.03,ppr,2026-09-22 13:17,"Pre-kickoff snapshot locked 2026-09-22 (all Week 3 games 9/24-9/28, none yet played). Live data refreshed same day (Sleeper live API blocked by sandbox proxy 403, fell back to committed snapshot - see data/fallback/README). Manual weekly-out overrides applied for confirmed Week 3 absences: Jayden Daniels (WAS QB, elbow, Mariota starting), David Njoku and Charlie Kolar (both LAC TE, placed on IR after Week 2, min 4 games) - all via multi-source web confirmation (ESPN/CBS/NFL.com/Chargers.com), not yet reflected in Sleeper's live feed.",/home/user/ffcc/output/draft_rankings/draft_rankings_2026_ppr.csv
2026,3,00-0041070,Reggie Virgil,WR,ARI,SF,False,1.04,2.36,-2.0,-2.0,0.77,5.32,10.91,0.65,0.03,ppr,2026-09-22 13:17,"Pre-kickoff snapshot locked 2026-09-22 (all Week 3 games 9/24-9/28, none yet played). Live data refreshed same day (Sleeper live API blocked by sandbox proxy 403, fell back to committed snapshot - see data/fallback/README). Manual weekly-out overrides applied for confirmed Week 3 absences: Jayden Daniels (WAS QB, elbow, Mariota starting), David Njoku and Charlie Kolar (both LAC TE, placed on IR after Week 2, min 4 games) - all via multi-source web confirmation (ESPN/CBS/NFL.com/Chargers.com), not yet reflected in Sleeper's live feed.",/home/user/ffcc/output/draft_rankings/draft_rankings_2026_ppr.csv
2026,3,00-0036626,Dyami Brown,WR,WAS,SEA,False,0.85,2.34,-2.0,-2.0,0.89,5.36,11.25,0.65,0.03,ppr,2026-09-22 13:17,"Pre-kickoff snapshot locked 2026-09-22 (all Week 3 games 9/24-9/28, none yet played). Live data refreshed same day (Sleeper live API blocked by sandbox proxy 403, fell back to committed snapshot - see data/fallback/README). Manual weekly-out overrides applied for confirmed Week 3 absences: Jayden Daniels (WAS QB, elbow, Mariota starting), David Njoku and Charlie Kolar (both LAC TE, placed on IR after Week 2, min 4 games) - all via multi-source web confirmation (ESPN/CBS/NFL.com/Chargers.com), not yet reflected in Sleeper's live feed.",/home/user/ffcc/output/draft_rankings/draft_rankings_2026_ppr.csv
2026,3,00-0034981,Foster Moreau,TE,HOU,IND,False,1.15,2.34,-2.0,-1.0,1.35,4.54,9.16,0.66,0.05,ppr,2026-09-22 13:17,"Pre-kickoff snapshot locked 2026-09-22 (all Week 3 games 9/24-9/28, none yet played). Live data refreshed same day (Sleeper live API blocked by sandbox proxy 403, fell back to committed snapshot - see data/fallback/README). Manual weekly-out overrides applied for confirmed Week 3 absences: Jayden Daniels (WAS QB, elbow, Mariota starting), David Njoku and Charlie Kolar (both LAC TE, placed on IR after Week 2, min 4 games) - all via multi-source web confirmation (ESPN/CBS/NFL.com/Chargers.com), not yet reflected in Sleeper's live feed.",/home/user/ffcc/output/draft_rankings/draft_rankings_2026_ppr.csv
2026,3,00-0040582,Arian Smith,WR,NYJ,DET,False,1.16,2.32,-2.0,-1.96,0.9,5.52,11.4,0.64,0.03,ppr,2026-09-22 13:17,"Pre-kickoff snapshot locked 2026-09-22 (all Week 3 games 9/24-9/28, none yet played). Live data refreshed same day (Sleeper live API blocked by sandbox proxy 403, fell back to committed snapshot - see data/fallback/README). Manual weekly-out overrides applied for confirmed Week 3 absences: Jayden Daniels (WAS QB, elbow, Mariota starting), David Njoku and Charlie Kolar (both LAC TE, placed on IR after Week 2, min 4 games) - all via multi-source web confirmation (ESPN/CBS/NFL.com/Chargers.com), not yet reflected in Sleeper's live feed.",/home/user/ffcc/output/draft_rankings/draft_rankings_2026_ppr.csv
2026,3,00-0033576,Eric Saubert,TE,SEA,WAS,False,1.19,2.32,-2.0,-1.0,1.35,4.63,9.13,0.65,0.05,ppr,2026-09-22 13:17,"Pre-kickoff snapshot locked 2026-09-22 (all Week 3 games 9/24-9/28, none yet played). Live data refreshed same day (Sleeper live API blocked by sandbox proxy 403, fell back to committed snapshot - see data/fallback/README). Manual weekly-out overrides applied for confirmed Week 3 absences: Jayden Daniels (WAS QB, elbow, Mariota starting), David Njoku and Charlie Kolar (both LAC TE, placed on IR after Week 2, min 4 games) - all via multi-source web confirmation (ESPN/CBS/NFL.com/Chargers.com), not yet reflected in Sleeper's live feed.",/home/user/ffcc/output/draft_rankings/draft_rankings_2026_ppr.csv
2026,3,00-0037258,Dameon Pierce,RB,PHI,CHI,False,0.96,2.31,-2.0,-1.85,0.92,5.67,11.9,0.64,0.04,ppr,2026-09-22 13:17,"Pre-kickoff snapshot locked 2026-09-22 (all Week 3 games 9/24-9/28, none yet played). Live data refreshed same day (Sleeper live API blocked by sandbox proxy 403, fell back to committed snapshot - see data/fallback/README). Manual weekly-out overrides applied for confirmed Week 3 absences: Jayden Daniels (WAS QB, elbow, Mariota starting), David Njoku and Charlie Kolar (both LAC TE, placed on IR after Week 2, min 4 games) - all via multi-source web confirmation (ESPN/CBS/NFL.com/Chargers.com), not yet reflected in Sleeper's live feed.",/home/user/ffcc/output/draft_rankings/draft_rankings_2026_ppr.csv
2026,3,00-0028986,Case Keenum,QB,CHI,PHI,False,0.89,2.3,-2.0,-2.0,2.74,8.92,14.13,0.51,0.03,ppr,2026-09-22 13:17,"Pre-kickoff snapshot locked 2026-09-22 (all Week 3 games 9/24-9/28, none yet played). Live data refreshed same day (Sleeper live API blocked by sandbox proxy 403, fell back to committed snapshot - see data/fallback/README). Manual weekly-out overrides applied for confirmed Week 3 absences: Jayden Daniels (WAS QB, elbow, Mariota starting), David Njoku and Charlie Kolar (both LAC TE, placed on IR after Week 2, min 4 games) - all via multi-source web confirmation (ESPN/CBS/NFL.com/Chargers.com), not yet reflected in Sleeper's live feed.",/home/user/ffcc/output/draft_rankings/draft_rankings_2026_ppr.csv
2026,3,00-0036590,Quintin Morris,TE,JAX,NE,False,1.1,2.29,-2.0,-0.98,1.39,4.66,9.33,0.65,0.05,ppr,2026-09-22 13:17,"Pre-kickoff snapshot locked 2026-09-22 (all Week 3 games 9/24-9/28, none yet played). Live data refreshed same day (Sleeper live API blocked by sandbox proxy 403, fell back to committed snapshot - see data/fallback/README). Manual weekly-out overrides applied for confirmed Week 3 absences: Jayden Daniels (WAS QB, elbow, Mariota starting), David Njoku and Charlie Kolar (both LAC TE, placed on IR after Week 2, min 4 games) - all via multi-source web confirmation (ESPN/CBS/NFL.com/Chargers.com), not yet reflected in Sleeper's live feed.",/home/user/ffcc/output/draft_rankings/draft_rankings_2026_ppr.csv
2026,3,00-0037132,Britain Covey,WR,PHI,CHI,False,1.18,2.28,-2.0,-2.0,0.82,5.48,11.53,0.65,0.03,ppr,2026-09-22 13:17,"Pre-kickoff snapshot locked 2026-09-22 (all Week 3 games 9/24-9/28, none yet played). Live data refreshed same day (Sleeper live API blocked by sandbox proxy 403, fell back to committed snapshot - see data/fallback/README). Manual weekly-out overrides applied for confirmed Week 3 absences: Jayden Daniels (WAS QB, elbow, Mariota starting), David Njoku and Charlie Kolar (both LAC TE, placed on IR after Week 2, min 4 games) - all via multi-source web confirmation (ESPN/CBS/NFL.com/Chargers.com), not yet reflected in Sleeper's live feed.",/home/user/ffcc/output/draft_rankings/draft_rankings_2026_ppr.csv
2026,3,00-0037524,Tay Martin,WR,DET,NYJ,False,0.99,2.26,-2.0,-2.0,0.86,5.42,11.28,0.65,0.02,ppr,2026-09-22 13:17,"Pre-kickoff snapshot locked 2026-09-22 (all Week 3 games 9/24-9/28, none yet played). Live data refreshed same day (Sleeper live API blocked by sandbox proxy 403, fell back to committed snapshot - see data/fallback/README). Manual weekly-out overrides applied for confirmed Week 3 absences: Jayden Daniels (WAS QB, elbow, Mariota starting), David Njoku and Charlie Kolar (both LAC TE, placed on IR after Week 2, min 4 games) - all via multi-source web confirmation (ESPN/CBS/NFL.com/Chargers.com), not yet reflected in Sleeper's live feed.",/home/user/ffcc/output/draft_rankings/draft_rankings_2026_ppr.csv
2026,3,00-0038840,Brycen Tremayne,WR,CAR,CLE,False,0.87,2.26,-2.0,-2.0,0.78,5.38,11.09,0.65,0.02,ppr,2026-09-22 13:17,"Pre-kickoff snapshot locked 2026-09-22 (all Week 3 games 9/24-9/28, none yet played). Live data refreshed same day (Sleeper live API blocked by sandbox proxy 403, fell back to committed snapshot - see data/fallback/README). Manual weekly-out overrides applied for confirmed Week 3 absences: Jayden Daniels (WAS QB, elbow, Mariota starting), David Njoku and Charlie Kolar (both LAC TE, placed on IR after Week 2, min 4 games) - all via multi-source web confirmation (ESPN/CBS/NFL.com/Chargers.com), not yet reflected in Sleeper's live feed.",/home/user/ffcc/output/draft_rankings/draft_rankings_2026_ppr.csv
2026,3,00-0039107,Stetson Bennett,QB,LA,DEN,False,0.87,2.26,-2.0,-2.0,2.64,8.63,14.11,0.52,0.04,ppr,2026-09-22 13:17,"Pre-kickoff snapshot locked 2026-09-22 (all Week 3 games 9/24-9/28, none yet played). Live data refreshed same day (Sleeper live API blocked by sandbox proxy 403, fell back to committed snapshot - see data/fallback/README). Manual weekly-out overrides applied for confirmed Week 3 absences: Jayden Daniels (WAS QB, elbow, Mariota starting), David Njoku and Charlie Kolar (both LAC TE, placed on IR after Week 2, min 4 games) - all via multi-source web confirmation (ESPN/CBS/NFL.com/Chargers.com), not yet reflected in Sleeper's live feed.",/home/user/ffcc/output/draft_rankings/draft_rankings_2026_ppr.csv
2026,3,00-0038115,Daniel Bellinger,TE,TEN,NYG,False,0.85,2.24,-2.0,-1.04,1.28,4.54,9.33,0.66,0.05,ppr,2026-09-22 13:17,"Pre-kickoff snapshot locked 2026-09-22 (all Week 3 games 9/24-9/28, none yet played). Live data refreshed same day (Sleeper live API blocked by sandbox proxy 403, fell back to committed snapshot - see data/fallback/README). Manual weekly-out overrides applied for confirmed Week 3 absences: Jayden Daniels (WAS QB, elbow, Mariota starting), David Njoku and Charlie Kolar (both LAC TE, placed on IR after Week 2, min 4 games) - all via multi-source web confirmation (ESPN/CBS/NFL.com/Chargers.com), not yet reflected in Sleeper's live feed.",/home/user/ffcc/output/draft_rankings/draft_rankings_2026_ppr.csv
2026,3,00-0038040,Zamir White,RB,NO,LV,False,1.04,2.24,-2.0,-2.0,0.8,5.61,11.96,0.64,0.04,ppr,2026-09-22 13:17,"Pre-kickoff snapshot locked 2026-09-22 (all Week 3 games 9/24-9/28, none yet played). Live data refreshed same day (Sleeper live API blocked by sandbox proxy 403, fell back to committed snapshot - see data/fallback/README). Manual weekly-out overrides applied for confirmed Week 3 absences: Jayden Daniels (WAS QB, elbow, Mariota starting), David Njoku and Charlie Kolar (both LAC TE, placed on IR after Week 2, min 4 games) - all via multi-source web confirmation (ESPN/CBS/NFL.com/Chargers.com), not yet reflected in Sleeper's live feed.",/home/user/ffcc/output/draft_rankings/draft_rankings_2026_ppr.csv
2026,3,00-0036842,Kene Nwangwu,RB,NYJ,DET,False,0.88,2.22,-2.0,-1.92,0.82,5.5,12.05,0.65,0.04,ppr,2026-09-22 13:17,"Pre-kickoff snapshot locked 2026-09-22 (all Week 3 games 9/24-9/28, none yet played). Live data refreshed same day (Sleeper live API blocked by sandbox proxy 403, fell back to committed snapshot - see data/fallback/README). Manual weekly-out overrides applied for confirmed Week 3 absences: Jayden Daniels (WAS QB, elbow, Mariota starting), David Njoku and Charlie Kolar (both LAC TE, placed on IR after Week 2, min 4 games) - all via multi-source web confirmation (ESPN/CBS/NFL.com/Chargers.com), not yet reflected in Sleeper's live feed.",/home/user/ffcc/output/draft_rankings/draft_rankings_2026_ppr.csv
2026,3,00-0040547,Nate Carter,RB,KC,MIA,False,1.13,2.21,-2.0,-1.96,0.71,5.34,11.4,0.65,0.04,ppr,2026-09-22 13:17,"Pre-kickoff snapshot locked 2026-09-22 (all Week 3 games 9/24-9/28, none yet played). Live data refreshed same day (Sleeper live API blocked by sandbox proxy 403, fell back to committed snapshot - see data/fallback/README). Manual weekly-out overrides applied for confirmed Week 3 absences: Jayden Daniels (WAS QB, elbow, Mariota starting), David Njoku and Charlie Kolar (both LAC TE, placed on IR after Week 2, min 4 games) - all via multi-source web confirmation (ESPN/CBS/NFL.com/Chargers.com), not yet reflected in Sleeper's live feed.",/home/user/ffcc/output/draft_rankings/draft_rankings_2026_ppr.csv
2026,3,00-0041077,Justin Joly,TE,DEN,LA,False,0.99,2.2,-2.0,-1.04,1.24,4.59,9.18,0.66,0.05,ppr,2026-09-22 13:17,"Pre-kickoff snapshot locked 2026-09-22 (all Week 3 games 9/24-9/28, none yet played). Live data refreshed same day (Sleeper live API blocked by sandbox proxy 403, fell back to committed snapshot - see data/fallback/README). Manual weekly-out overrides applied for confirmed Week 3 absences: Jayden Daniels (WAS QB, elbow, Mariota starting), David Njoku and Charlie Kolar (both LAC TE, placed on IR after Week 2, min 4 games) - all via multi-source web confirmation (ESPN/CBS/NFL.com/Chargers.com), not yet reflected in Sleeper's live feed.",/home/user/ffcc/output/draft_rankings/draft_rankings_2026_ppr.csv
2026,3,00-0040154,Tai Felton,WR,MIN,TB,False,1.02,2.19,-2.0,-2.0,0.68,5.28,11.14,0.66,0.03,ppr,2026-09-22 13:17,"Pre-kickoff snapshot locked 2026-09-22 (all Week 3 games 9/24-9/28, none yet played). Live data refreshed same day (Sleeper live API blocked by sandbox proxy 403, fell back to committed snapshot - see data/fallback/README). Manual weekly-out overrides applied for confirmed Week 3 absences: Jayden Daniels (WAS QB, elbow, Mariota starting), David Njoku and Charlie Kolar (both LAC TE, placed on IR after Week 2, min 4 games) - all via multi-source web confirmation (ESPN/CBS/NFL.com/Chargers.com), not yet reflected in Sleeper's live feed.",/home/user/ffcc/output/draft_rankings/draft_rankings_2026_ppr.csv
2026,3,00-0037276,Ty Chandler,RB,NO,LV,False,1.04,2.18,-2.0,-1.94,0.75,5.5,11.86,0.65,0.04,ppr,2026-09-22 13:17,"Pre-kickoff snapshot locked 2026-09-22 (all Week 3 games 9/24-9/28, none yet played). Live data refreshed same day (Sleeper live API blocked by sandbox proxy 403, fell back to committed snapshot - see data/fallback/README). Manual weekly-out overrides applied for confirmed Week 3 absences: Jayden Daniels (WAS QB, elbow, Mariota starting), David Njoku and Charlie Kolar (both LAC TE, placed on IR after Week 2, min 4 games) - all via multi-source web confirmation (ESPN/CBS/NFL.com/Chargers.com), not yet reflected in Sleeper's live feed.",/home/user/ffcc/output/draft_rankings/draft_rankings_2026_ppr.csv
2026,3,00-0040879,Matthew Hibner,TE,BAL,DAL,False,0.93,2.17,-2.0,-1.1,1.23,4.65,9.25,0.66,0.05,ppr,2026-09-22 13:17,"Pre-kickoff snapshot locked 2026-09-22 (all Week 3 games 9/24-9/28, none yet played). Live data refreshed same day (Sleeper live API blocked by sandbox proxy 403, fell back to committed snapshot - see data/fallback/README). Manual weekly-out overrides applied for confirmed Week 3 absences: Jayden Daniels (WAS QB, elbow, Mariota starting), David Njoku and Charlie Kolar (both LAC TE, placed on IR after Week 2, min 4 games) - all via multi-source web confirmation (ESPN/CBS/NFL.com/Chargers.com), not yet reflected in Sleeper's live feed.",/home/user/ffcc/output/draft_rankings/draft_rankings_2026_ppr.csv
2026,3,00-0036679,Shane Buechele,QB,BUF,LAC,False,0.77,2.17,-2.0,-2.0,2.47,8.54,13.99,0.52,0.03,ppr,2026-09-22 13:17,"Pre-kickoff snapshot locked 2026-09-22 (all Week 3 games 9/24-9/28, none yet played). Live data refreshed same day (Sleeper live API blocked by sandbox proxy 403, fell back to committed snapshot - see data/fallback/README). Manual weekly-out overrides applied for confirmed Week 3 absences: Jayden Daniels (WAS QB, elbow, Mariota starting), David Njoku and Charlie Kolar (both LAC TE, placed on IR after Week 2, min 4 games) - all via multi-source web confirmation (ESPN/CBS/NFL.com/Chargers.com), not yet reflected in Sleeper's live feed.",/home/user/ffcc/output/draft_rankings/draft_rankings_2026_ppr.csv
2026,3,00-0040891,Cole Payton,QB,PHI,CHI,False,1.11,2.15,-2.0,-2.0,2.43,8.5,13.97,0.52,0.03,ppr,2026-09-22 13:17,"Pre-kickoff snapshot locked 2026-09-22 (all Week 3 games 9/24-9/28, none yet played). Live data refreshed same day (Sleeper live API blocked by sandbox proxy 403, fell back to committed snapshot - see data/fallback/README). Manual weekly-out overrides applied for confirmed Week 3 absences: Jayden Daniels (WAS QB, elbow, Mariota starting), David Njoku and Charlie Kolar (both LAC TE, placed on IR after Week 2, min 4 games) - all via multi-source web confirmation (ESPN/CBS/NFL.com/Chargers.com), not yet reflected in Sleeper's live feed.",/home/user/ffcc/output/draft_rankings/draft_rankings_2026_ppr.csv
2026,3,00-0040075,LaJohntay Wester,WR,BAL,DAL,False,1.28,2.15,-2.0,-2.0,0.68,5.26,11.06,0.65,0.03,ppr,2026-09-22 13:17,"Pre-kickoff snapshot locked 2026-09-22 (all Week 3 games 9/24-9/28, none yet played). Live data refreshed same day (Sleeper live API blocked by sandbox proxy 403, fell back to committed snapshot - see data/fallback/README). Manual weekly-out overrides applied for confirmed Week 3 absences: Jayden Daniels (WAS QB, elbow, Mariota starting), David Njoku and Charlie Kolar (both LAC TE, placed on IR after Week 2, min 4 games) - all via multi-source web confirmation (ESPN/CBS/NFL.com/Chargers.com), not yet reflected in Sleeper's live feed.",/home/user/ffcc/output/draft_rankings/draft_rankings_2026_ppr.csv
2026,3,00-0039407,Dylan Laube,RB,LV,NO,False,0.94,2.14,-2.0,-2.0,0.74,5.64,11.84,0.64,0.04,ppr,2026-09-22 13:17,"Pre-kickoff snapshot locked 2026-09-22 (all Week 3 games 9/24-9/28, none yet played). Live data refreshed same day (Sleeper live API blocked by sandbox proxy 403, fell back to committed snapshot - see data/fallback/README). Manual weekly-out overrides applied for confirmed Week 3 absences: Jayden Daniels (WAS QB, elbow, Mariota starting), David Njoku and Charlie Kolar (both LAC TE, placed on IR after Week 2, min 4 games) - all via multi-source web confirmation (ESPN/CBS/NFL.com/Chargers.com), not yet reflected in Sleeper's live feed.",/home/user/ffcc/output/draft_rankings/draft_rankings_2026_ppr.csv
2026,3,00-0037120,Tyler Goodson,RB,DAL,BAL,False,1.05,2.13,-2.0,-2.0,0.73,5.44,11.52,0.64,0.04,ppr,2026-09-22 13:17,"Pre-kickoff snapshot locked 2026-09-22 (all Week 3 games 9/24-9/28, none yet played). Live data refreshed same day (Sleeper live API blocked by sandbox proxy 403, fell back to committed snapshot - see data/fallback/README). Manual weekly-out overrides applied for confirmed Week 3 absences: Jayden Daniels (WAS QB, elbow, Mariota starting), David Njoku and Charlie Kolar (both LAC TE, placed on IR after Week 2, min 4 games) - all via multi-source web confirmation (ESPN/CBS/NFL.com/Chargers.com), not yet reflected in Sleeper's live feed.",/home/user/ffcc/output/draft_rankings/draft_rankings_2026_ppr.csv
2026,3,00-0040014,Kyle McCord,QB,PHI,CHI,False,1.11,2.11,-2.0,-2.0,2.57,8.64,14.01,0.52,0.04,ppr,2026-09-22 13:17,"Pre-kickoff snapshot locked 2026-09-22 (all Week 3 games 9/24-9/28, none yet played). Live data refreshed same day (Sleeper live API blocked by sandbox proxy 403, fell back to committed snapshot - see data/fallback/README). Manual weekly-out overrides applied for confirmed Week 3 absences: Jayden Daniels (WAS QB, elbow, Mariota starting), David Njoku and Charlie Kolar (both LAC TE, placed on IR after Week 2, min 4 games) - all via multi-source web confirmation (ESPN/CBS/NFL.com/Chargers.com), not yet reflected in Sleeper's live feed.",/home/user/ffcc/output/draft_rankings/draft_rankings_2026_ppr.csv
2026,3,00-0041398,Riley Nowakowski,TE,PIT,CIN,False,1.57,2.1,-2.0,-1.19,1.15,4.39,8.97,0.67,0.05,ppr,2026-09-22 13:17,"Pre-kickoff snapshot locked 2026-09-22 (all Week 3 games 9/24-9/28, none yet played). Live data refreshed same day (Sleeper live API blocked by sandbox proxy 403, fell back to committed snapshot - see data/fallback/README). Manual weekly-out overrides applied for confirmed Week 3 absences: Jayden Daniels (WAS QB, elbow, Mariota starting), David Njoku and Charlie Kolar (both LAC TE, placed on IR after Week 2, min 4 games) - all via multi-source web confirmation (ESPN/CBS/NFL.com/Chargers.com), not yet reflected in Sleeper's live feed.",/home/user/ffcc/output/draft_rankings/draft_rankings_2026_ppr.csv
2026,3,00-0040203,Will Howard,QB,PIT,CIN,False,1.13,2.1,-2.0,-2.0,2.62,8.64,13.87,0.52,0.03,ppr,2026-09-22 13:17,"Pre-kickoff snapshot locked 2026-09-22 (all Week 3 games 9/24-9/28, none yet played). Live data refreshed same day (Sleeper live API blocked by sandbox proxy 403, fell back to committed snapshot - see data/fallback/README). Manual weekly-out overrides applied for confirmed Week 3 absences: Jayden Daniels (WAS QB, elbow, Mariota starting), David Njoku and Charlie Kolar (both LAC TE, placed on IR after Week 2, min 4 games) - all via multi-source web confirmation (ESPN/CBS/NFL.com/Chargers.com), not yet reflected in Sleeper's live feed.",/home/user/ffcc/output/draft_rankings/draft_rankings_2026_ppr.csv
2026,3,00-0041084,Tanner Koziol,TE,JAX,NE,False,1.1,2.08,-2.0,-1.15,1.11,4.23,8.97,0.68,0.05,ppr,2026-09-22 13:17,"Pre-kickoff snapshot locked 2026-09-22 (all Week 3 games 9/24-9/28, none yet played). Live data refreshed same day (Sleeper live API blocked by sandbox proxy 403, fell back to committed snapshot - see data/fallback/README). Manual weekly-out overrides applied for confirmed Week 3 absences: Jayden Daniels (WAS QB, elbow, Mariota starting), David Njoku and Charlie Kolar (both LAC TE, placed on IR after Week 2, min 4 games) - all via multi-source web confirmation (ESPN/CBS/NFL.com/Chargers.com), not yet reflected in Sleeper's live feed.",/home/user/ffcc/output/draft_rankings/draft_rankings_2026_ppr.csv
2026,3,00-0039144,Luke Musgrave,TE,GB,ATL,False,0.77,2.08,-2.0,-1.16,1.19,4.58,9.09,0.66,0.05,ppr,2026-09-22 13:17,"Pre-kickoff snapshot locked 2026-09-22 (all Week 3 games 9/24-9/28, none yet played). Live data refreshed same day (Sleeper live API blocked by sandbox proxy 403, fell back to committed snapshot - see data/fallback/README). Manual weekly-out overrides applied for confirmed Week 3 absences: Jayden Daniels (WAS QB, elbow, Mariota starting), David Njoku and Charlie Kolar (both LAC TE, placed on IR after Week 2, min 4 games) - all via multi-source web confirmation (ESPN/CBS/NFL.com/Chargers.com), not yet reflected in Sleeper's live feed.",/home/user/ffcc/output/draft_rankings/draft_rankings_2026_ppr.csv
2026,3,00-0039365,Jacob Cowing,WR,SF,ARI,False,0.98,2.07,-2.0,-2.0,0.46,5.04,10.78,0.67,0.02,ppr,2026-09-22 13:17,"Pre-kickoff snapshot locked 2026-09-22 (all Week 3 games 9/24-9/28, none yet played). Live data refreshed same day (Sleeper live API blocked by sandbox proxy 403, fell back to committed snapshot - see data/fallback/README). Manual weekly-out overrides applied for confirmed Week 3 absences: Jayden Daniels (WAS QB, elbow, Mariota starting), David Njoku and Charlie Kolar (both LAC TE, placed on IR after Week 2, min 4 games) - all via multi-source web confirmation (ESPN/CBS/NFL.com/Chargers.com), not yet reflected in Sleeper's live feed.",/home/user/ffcc/output/draft_rankings/draft_rankings_2026_ppr.csv
2026,3,00-0040208,Tahj Brooks,RB,CIN,PIT,False,0.89,2.06,-2.0,-2.0,0.67,5.53,11.82,0.65,0.04,ppr,2026-09-22 13:17,"Pre-kickoff snapshot locked 2026-09-22 (all Week 3 games 9/24-9/28, none yet played). Live data refreshed same day (Sleeper live API blocked by sandbox proxy 403, fell back to committed snapshot - see data/fallback/README). Manual weekly-out overrides applied for confirmed Week 3 absences: Jayden Daniels (WAS QB, elbow, Mariota starting), David Njoku and Charlie Kolar (both LAC TE, placed on IR after Week 2, min 4 games) - all via multi-source web confirmation (ESPN/CBS/NFL.com/Chargers.com), not yet reflected in Sleeper's live feed.",/home/user/ffcc/output/draft_rankings/draft_rankings_2026_ppr.csv
2026,3,00-0041096,Kaytron Allen,RB,WAS,SEA,False,0.84,2.05,-2.0,-2.0,0.65,5.47,11.43,0.65,0.04,ppr,2026-09-22 13:17,"Pre-kickoff snapshot locked 2026-09-22 (all Week 3 games 9/24-9/28, none yet played). Live data refreshed same day (Sleeper live API blocked by sandbox proxy 403, fell back to committed snapshot - see data/fallback/README). Manual weekly-out overrides applied for confirmed Week 3 absences: Jayden Daniels (WAS QB, elbow, Mariota starting), David Njoku and Charlie Kolar (both LAC TE, placed on IR after Week 2, min 4 games) - all via multi-source web confirmation (ESPN/CBS/NFL.com/Chargers.com), not yet reflected in Sleeper's live feed.",/home/user/ffcc/output/draft_rankings/draft_rankings_2026_ppr.csv
2026,3,00-0037327,Skylar Thompson,QB,BAL,DAL,False,1.43,2.05,-2.0,-2.0,2.27,8.42,13.86,0.54,0.03,ppr,2026-09-22 13:17,"Pre-kickoff snapshot locked 2026-09-22 (all Week 3 games 9/24-9/28, none yet played). Live data refreshed same day (Sleeper live API blocked by sandbox proxy 403, fell back to committed snapshot - see data/fallback/README). Manual weekly-out overrides applied for confirmed Week 3 absences: Jayden Daniels (WAS QB, elbow, Mariota starting), David Njoku and Charlie Kolar (both LAC TE, placed on IR after Week 2, min 4 games) - all via multi-source web confirmation (ESPN/CBS/NFL.com/Chargers.com), not yet reflected in Sleeper's live feed.",/home/user/ffcc/output/draft_rankings/draft_rankings_2026_ppr.csv
2026,3,00-0041397,Kaden Wetjen,WR,PIT,CIN,False,0.82,2.04,-2.0,-2.0,0.61,4.99,10.93,0.67,0.02,ppr,2026-09-22 13:17,"Pre-kickoff snapshot locked 2026-09-22 (all Week 3 games 9/24-9/28, none yet played). Live data refreshed same day (Sleeper live API blocked by sandbox proxy 403, fell back to committed snapshot - see data/fallback/README). Manual weekly-out overrides applied for confirmed Week 3 absences: Jayden Daniels (WAS QB, elbow, Mariota starting), David Njoku and Charlie Kolar (both LAC TE, placed on IR after Week 2, min 4 games) - all via multi-source web confirmation (ESPN/CBS/NFL.com/Chargers.com), not yet reflected in Sleeper's live feed.",/home/user/ffcc/output/draft_rankings/draft_rankings_2026_ppr.csv
2026,3,00-0034407,Ray-Ray McCloud,WR,CHI,PHI,False,0.87,2.04,-2.0,-2.0,0.59,5.17,11.06,0.66,0.02,ppr,2026-09-22 13:17,"Pre-kickoff snapshot locked 2026-09-22 (all Week 3 games 9/24-9/28, none yet played). Live data refreshed same day (Sleeper live API blocked by sandbox proxy 403, fell back to committed snapshot - see data/fallback/README). Manual weekly-out overrides applied for confirmed Week 3 absences: Jayden Daniels (WAS QB, elbow, Mariota starting), David Njoku and Charlie Kolar (both LAC TE, placed on IR after Week 2, min 4 games) - all via multi-source web confirmation (ESPN/CBS/NFL.com/Chargers.com), not yet reflected in Sleeper's live feed.",/home/user/ffcc/output/draft_rankings/draft_rankings_2026_ppr.csv
2026,3,00-0037093,Dareke Young,WR,LV,NO,False,0.9,2.01,-2.0,-2.0,0.54,4.99,10.72,0.67,0.02,ppr,2026-09-22 13:17,"Pre-kickoff snapshot locked 2026-09-22 (all Week 3 games 9/24-9/28, none yet played). Live data refreshed same day (Sleeper live API blocked by sandbox proxy 403, fell back to committed snapshot - see data/fallback/README). Manual weekly-out overrides applied for confirmed Week 3 absences: Jayden Daniels (WAS QB, elbow, Mariota starting), David Njoku and Charlie Kolar (both LAC TE, placed on IR after Week 2, min 4 games) - all via multi-source web confirmation (ESPN/CBS/NFL.com/Chargers.com), not yet reflected in Sleeper's live feed.",/home/user/ffcc/output/draft_rankings/draft_rankings_2026_ppr.csv
2026,3,00-0034365,Ian Thomas,TE,LV,NO,False,0.94,2.0,-2.0,-1.32,1.01,4.52,9.17,0.67,0.05,ppr,2026-09-22 13:17,"Pre-kickoff snapshot locked 2026-09-22 (all Week 3 games 9/24-9/28, none yet played). Live data refreshed same day (Sleeper live API blocked by sandbox proxy 403, fell back to committed snapshot - see data/fallback/README). Manual weekly-out overrides applied for confirmed Week 3 absences: Jayden Daniels (WAS QB, elbow, Mariota starting), David Njoku and Charlie Kolar (both LAC TE, placed on IR after Week 2, min 4 games) - all via multi-source web confirmation (ESPN/CBS/NFL.com/Chargers.com), not yet reflected in Sleeper's live feed.",/home/user/ffcc/output/draft_rankings/draft_rankings_2026_ppr.csv
2026,3,00-0040142,Kaleb Johnson,RB,GB,ATL,False,0.98,2.0,-2.0,-2.0,0.59,5.28,11.45,0.65,0.03,ppr,2026-09-22 13:17,"Pre-kickoff snapshot locked 2026-09-22 (all Week 3 games 9/24-9/28, none yet played). Live data refreshed same day (Sleeper live API blocked by sandbox proxy 403, fell back to committed snapshot - see data/fallback/README). Manual weekly-out overrides applied for confirmed Week 3 absences: Jayden Daniels (WAS QB, elbow, Mariota starting), David Njoku and Charlie Kolar (both LAC TE, placed on IR after Week 2, min 4 games) - all via multi-source web confirmation (ESPN/CBS/NFL.com/Chargers.com), not yet reflected in Sleeper's live feed.",/home/user/ffcc/output/draft_rankings/draft_rankings_2026_ppr.csv
2026,3,00-0038953,Dylan Drummond,WR,ATL,GB,False,1.02,1.99,-2.0,-2.0,0.45,4.95,10.88,0.67,0.02,ppr,2026-09-22 13:17,"Pre-kickoff snapshot locked 2026-09-22 (all Week 3 games 9/24-9/28, none yet played). Live data refreshed same day (Sleeper live API blocked by sandbox proxy 403, fell back to committed snapshot - see data/fallback/README). Manual weekly-out overrides applied for confirmed Week 3 absences: Jayden Daniels (WAS QB, elbow, Mariota starting), David Njoku and Charlie Kolar (both LAC TE, placed on IR after Week 2, min 4 games) - all via multi-source web confirmation (ESPN/CBS/NFL.com/Chargers.com), not yet reflected in Sleeper's live feed.",/home/user/ffcc/output/draft_rankings/draft_rankings_2026_ppr.csv
2026,3,00-0041558,Sam Roush,TE,CHI,PHI,False,0.63,1.99,-2.0,-1.3,1.02,4.21,9.13,0.68,0.05,ppr,2026-09-22 13:17,"Pre-kickoff snapshot locked 2026-09-22 (all Week 3 games 9/24-9/28, none yet played). Live data refreshed same day (Sleeper live API blocked by sandbox proxy 403, fell back to committed snapshot - see data/fallback/README). Manual weekly-out overrides applied for confirmed Week 3 absences: Jayden Daniels (WAS QB, elbow, Mariota starting), David Njoku and Charlie Kolar (both LAC TE, placed on IR after Week 2, min 4 games) - all via multi-source web confirmation (ESPN/CBS/NFL.com/Chargers.com), not yet reflected in Sleeper's live feed.",/home/user/ffcc/output/draft_rankings/draft_rankings_2026_ppr.csv
2026,3,00-0036497,Tim Jones,WR,JAX,NE,False,0.95,1.98,-2.0,-2.0,0.52,4.86,10.9,0.67,0.02,ppr,2026-09-22 13:17,"Pre-kickoff snapshot locked 2026-09-22 (all Week 3 games 9/24-9/28, none yet played). Live data refreshed same day (Sleeper live API blocked by sandbox proxy 403, fell back to committed snapshot - see data/fallback/README). Manual weekly-out overrides applied for confirmed Week 3 absences: Jayden Daniels (WAS QB, elbow, Mariota starting), David Njoku and Charlie Kolar (both LAC TE, placed on IR after Week 2, min 4 games) - all via multi-source web confirmation (ESPN/CBS/NFL.com/Chargers.com), not yet reflected in Sleeper's live feed.",/home/user/ffcc/output/draft_rankings/draft_rankings_2026_ppr.csv
2026,3,00-0037086,Grant Calcaterra,TE,PHI,CHI,False,0.98,1.96,-2.0,-1.3,0.99,4.3,8.96,0.68,0.05,ppr,2026-09-22 13:17,"Pre-kickoff snapshot locked 2026-09-22 (all Week 3 games 9/24-9/28, none yet played). Live data refreshed same day (Sleeper live API blocked by sandbox proxy 403, fell back to committed snapshot - see data/fallback/README). Manual weekly-out overrides applied for confirmed Week 3 absences: Jayden Daniels (WAS QB, elbow, Mariota starting), David Njoku and Charlie Kolar (both LAC TE, placed on IR after Week 2, min 4 games) - all via multi-source web confirmation (ESPN/CBS/NFL.com/Chargers.com), not yet reflected in Sleeper's live feed.",/home/user/ffcc/output/draft_rankings/draft_rankings_2026_ppr.csv
2026,3,00-0036906,Khalil Herbert,RB,ATL,GB,False,0.98,1.94,-2.0,-2.0,0.54,5.36,11.47,0.65,0.04,ppr,2026-09-22 13:17,"Pre-kickoff snapshot locked 2026-09-22 (all Week 3 games 9/24-9/28, none yet played). Live data refreshed same day (Sleeper live API blocked by sandbox proxy 403, fell back to committed snapshot - see data/fallback/README). Manual weekly-out overrides applied for confirmed Week 3 absences: Jayden Daniels (WAS QB, elbow, Mariota starting), David Njoku and Charlie Kolar (both LAC TE, placed on IR after Week 2, min 4 games) - all via multi-source web confirmation (ESPN/CBS/NFL.com/Chargers.com), not yet reflected in Sleeper's live feed.",/home/user/ffcc/output/draft_rankings/draft_rankings_2026_ppr.csv
2026,3,00-0040184,KeAndre Lambert-Smith,WR,LAC,BUF,False,0.86,1.94,-2.0,-2.0,0.45,4.86,10.82,0.67,0.02,ppr,2026-09-22 13:17,"Pre-kickoff snapshot locked 2026-09-22 (all Week 3 games 9/24-9/28, none yet played). Live data refreshed same day (Sleeper live API blocked by sandbox proxy 403, fell back to committed snapshot - see data/fallback/README). Manual weekly-out overrides applied for confirmed Week 3 absences: Jayden Daniels (WAS QB, elbow, Mariota starting), David Njoku and Charlie Kolar (both LAC TE, placed on IR after Week 2, min 4 games) - all via multi-source web confirmation (ESPN/CBS/NFL.com/Chargers.com), not yet reflected in Sleeper's live feed.",/home/user/ffcc/output/draft_rankings/draft_rankings_2026_ppr.csv
2026,3,00-0040646,Jalen Royals,WR,KC,MIA,False,0.97,1.94,-2.0,-2.0,0.4,4.87,10.78,0.67,0.02,ppr,2026-09-22 13:17,"Pre-kickoff snapshot locked 2026-09-22 (all Week 3 games 9/24-9/28, none yet played). Live data refreshed same day (Sleeper live API blocked by sandbox proxy 403, fell back to committed snapshot - see data/fallback/README). Manual weekly-out overrides applied for confirmed Week 3 absences: Jayden Daniels (WAS QB, elbow, Mariota starting), David Njoku and Charlie Kolar (both LAC TE, placed on IR after Week 2, min 4 games) - all via multi-source web confirmation (ESPN/CBS/NFL.com/Chargers.com), not yet reflected in Sleeper's live feed.",/home/user/ffcc/output/draft_rankings/draft_rankings_2026_ppr.csv
2026,3,00-0035924,Jonathan Ward,RB,BAL,DAL,False,1.13,1.94,-2.0,-2.0,0.47,5.35,11.33,0.65,0.04,ppr,2026-09-22 13:17,"Pre-kickoff snapshot locked 2026-09-22 (all Week 3 games 9/24-9/28, none yet played). Live data refreshed same day (Sleeper live API blocked by sandbox proxy 403, fell back to committed snapshot - see data/fallback/README). Manual weekly-out overrides applied for confirmed Week 3 absences: Jayden Daniels (WAS QB, elbow, Mariota starting), David Njoku and Charlie Kolar (both LAC TE, placed on IR after Week 2, min 4 games) - all via multi-source web confirmation (ESPN/CBS/NFL.com/Chargers.com), not yet reflected in Sleeper's live feed.",/home/user/ffcc/output/draft_rankings/draft_rankings_2026_ppr.csv
2026,3,00-0040205,Kalel Mullings,RB,TEN,NYG,False,1.17,1.92,-2.0,-2.0,0.41,5.07,11.14,0.66,0.03,ppr,2026-09-22 13:17,"Pre-kickoff snapshot locked 2026-09-22 (all Week 3 games 9/24-9/28, none yet played). Live data refreshed same day (Sleeper live API blocked by sandbox proxy 403, fell back to committed snapshot - see data/fallback/README). Manual weekly-out overrides applied for confirmed Week 3 absences: Jayden Daniels (WAS QB, elbow, Mariota starting), David Njoku and Charlie Kolar (both LAC TE, placed on IR after Week 2, min 4 games) - all via multi-source web confirmation (ESPN/CBS/NFL.com/Chargers.com), not yet reflected in Sleeper's live feed.",/home/user/ffcc/output/draft_rankings/draft_rankings_2026_ppr.csv
2026,3,00-0037004,Hunter Long,TE,ARI,SF,False,1.11,1.92,-2.0,-1.31,0.96,4.41,8.96,0.68,0.05,ppr,2026-09-22 13:17,"Pre-kickoff snapshot locked 2026-09-22 (all Week 3 games 9/24-9/28, none yet played). Live data refreshed same day (Sleeper live API blocked by sandbox proxy 403, fell back to committed snapshot - see data/fallback/README). Manual weekly-out overrides applied for confirmed Week 3 absences: Jayden Daniels (WAS QB, elbow, Mariota starting), David Njoku and Charlie Kolar (both LAC TE, placed on IR after Week 2, min 4 games) - all via multi-source web confirmation (ESPN/CBS/NFL.com/Chargers.com), not yet reflected in Sleeper's live feed.",/home/user/ffcc/output/draft_rankings/draft_rankings_2026_ppr.csv
2026,3,00-0038589,Josh Whyle,TE,GB,ATL,False,0.77,1.92,-2.0,-1.36,0.94,4.04,8.6,0.69,0.04,ppr,2026-09-22 13:17,"Pre-kickoff snapshot locked 2026-09-22 (all Week 3 games 9/24-9/28, none yet played). Live data refreshed same day (Sleeper live API blocked by sandbox proxy 403, fell back to committed snapshot - see data/fallback/README). Manual weekly-out overrides applied for confirmed Week 3 absences: Jayden Daniels (WAS QB, elbow, Mariota starting), David Njoku and Charlie Kolar (both LAC TE, placed on IR after Week 2, min 4 games) - all via multi-source web confirmation (ESPN/CBS/NFL.com/Chargers.com), not yet reflected in Sleeper's live feed.",/home/user/ffcc/output/draft_rankings/draft_rankings_2026_ppr.csv
2026,3,00-0034272,Marquez Valdes-Scantling,WR,LAC,BUF,False,0.86,1.9,-2.0,-2.0,0.37,4.92,10.82,0.67,0.02,ppr,2026-09-22 13:17,"Pre-kickoff snapshot locked 2026-09-22 (all Week 3 games 9/24-9/28, none yet played). Live data refreshed same day (Sleeper live API blocked by sandbox proxy 403, fell back to committed snapshot - see data/fallback/README). Manual weekly-out overrides applied for confirmed Week 3 absences: Jayden Daniels (WAS QB, elbow, Mariota starting), David Njoku and Charlie Kolar (both LAC TE, placed on IR after Week 2, min 4 games) - all via multi-source web confirmation (ESPN/CBS/NFL.com/Chargers.com), not yet reflected in Sleeper's live feed.",/home/user/ffcc/output/draft_rankings/draft_rankings_2026_ppr.csv
2026,3,00-0036646,Simi Fehoko,WR,ARI,SF,False,1.04,1.89,-2.0,-2.0,0.31,4.71,10.78,0.68,0.02,ppr,2026-09-22 13:17,"Pre-kickoff snapshot locked 2026-09-22 (all Week 3 games 9/24-9/28, none yet played). Live data refreshed same day (Sleeper live API blocked by sandbox proxy 403, fell back to committed snapshot - see data/fallback/README). Manual weekly-out overrides applied for confirmed Week 3 absences: Jayden Daniels (WAS QB, elbow, Mariota starting), David Njoku and Charlie Kolar (both LAC TE, placed on IR after Week 2, min 4 games) - all via multi-source web confirmation (ESPN/CBS/NFL.com/Chargers.com), not yet reflected in Sleeper's live feed.",/home/user/ffcc/output/draft_rankings/draft_rankings_2026_ppr.csv
2026,3,00-0041125,Seth McGowan,RB,IND,HOU,False,0.91,1.87,-2.0,-2.0,0.55,5.38,11.82,0.65,0.04,ppr,2026-09-22 13:17,"Pre-kickoff snapshot locked 2026-09-22 (all Week 3 games 9/24-9/28, none yet played). Live data refreshed same day (Sleeper live API blocked by sandbox proxy 403, fell back to committed snapshot - see data/fallback/README). Manual weekly-out overrides applied for confirmed Week 3 absences: Jayden Daniels (WAS QB, elbow, Mariota starting), David Njoku and Charlie Kolar (both LAC TE, placed on IR after Week 2, min 4 games) - all via multi-source web confirmation (ESPN/CBS/NFL.com/Chargers.com), not yet reflected in Sleeper's live feed.",/home/user/ffcc/output/draft_rankings/draft_rankings_2026_ppr.csv
2026,3,00-0035891,Cody White,WR,LV,NO,False,0.9,1.87,-2.0,-2.0,0.32,4.68,10.66,0.68,0.02,ppr,2026-09-22 13:17,"Pre-kickoff snapshot locked 2026-09-22 (all Week 3 games 9/24-9/28, none yet played). Live data refreshed same day (Sleeper live API blocked by sandbox proxy 403, fell back to committed snapshot - see data/fallback/README). Manual weekly-out overrides applied for confirmed Week 3 absences: Jayden Daniels (WAS QB, elbow, Mariota starting), David Njoku and Charlie Kolar (both LAC TE, placed on IR after Week 2, min 4 games) - all via multi-source web confirmation (ESPN/CBS/NFL.com/Chargers.com), not yet reflected in Sleeper's live feed.",/home/user/ffcc/output/draft_rankings/draft_rankings_2026_ppr.csv
2026,3,00-0040218,Jimmy Horn Jr.,WR,CLE,CAR,False,0.86,1.87,-2.0,-2.0,0.35,4.9,10.86,0.67,0.02,ppr,2026-09-22 13:17,"Pre-kickoff snapshot locked 2026-09-22 (all Week 3 games 9/24-9/28, none yet played). Live data refreshed same day (Sleeper live API blocked by sandbox proxy 403, fell back to committed snapshot - see data/fallback/README). Manual weekly-out overrides applied for confirmed Week 3 absences: Jayden Daniels (WAS QB, elbow, Mariota starting), David Njoku and Charlie Kolar (both LAC TE, placed on IR after Week 2, min 4 games) - all via multi-source web confirmation (ESPN/CBS/NFL.com/Chargers.com), not yet reflected in Sleeper's live feed.",/home/user/ffcc/output/draft_rankings/draft_rankings_2026_ppr.csv
2026,3,00-0040895,Emmanuel Henderson Jr.,WR,SEA,WAS,False,1.13,1.86,-2.0,-2.0,0.37,4.95,10.86,0.67,0.02,ppr,2026-09-22 13:17,"Pre-kickoff snapshot locked 2026-09-22 (all Week 3 games 9/24-9/28, none yet played). Live data refreshed same day (Sleeper live API blocked by sandbox proxy 403, fell back to committed snapshot - see data/fallback/README). Manual weekly-out overrides applied for confirmed Week 3 absences: Jayden Daniels (WAS QB, elbow, Mariota starting), David Njoku and Charlie Kolar (both LAC TE, placed on IR after Week 2, min 4 games) - all via multi-source web confirmation (ESPN/CBS/NFL.com/Chargers.com), not yet reflected in Sleeper's live feed.",/home/user/ffcc/output/draft_rankings/draft_rankings_2026_ppr.csv
2026,3,00-0037156,Irvin Charles,WR,SEA,WAS,False,1.13,1.86,-2.0,-2.0,0.34,4.79,10.8,0.67,0.02,ppr,2026-09-22 13:17,"Pre-kickoff snapshot locked 2026-09-22 (all Week 3 games 9/24-9/28, none yet played). Live data refreshed same day (Sleeper live API blocked by sandbox proxy 403, fell back to committed snapshot - see data/fallback/README). Manual weekly-out overrides applied for confirmed Week 3 absences: Jayden Daniels (WAS QB, elbow, Mariota starting), David Njoku and Charlie Kolar (both LAC TE, placed on IR after Week 2, min 4 games) - all via multi-source web confirmation (ESPN/CBS/NFL.com/Chargers.com), not yet reflected in Sleeper's live feed.",/home/user/ffcc/output/draft_rankings/draft_rankings_2026_ppr.csv
2026,3,00-0041529,Kevin Coleman,WR,MIA,KC,False,0.89,1.82,-2.0,-2.0,0.25,4.76,10.67,0.68,0.02,ppr,2026-09-22 13:17,"Pre-kickoff snapshot locked 2026-09-22 (all Week 3 games 9/24-9/28, none yet played). Live data refreshed same day (Sleeper live API blocked by sandbox proxy 403, fell back to committed snapshot - see data/fallback/README). Manual weekly-out overrides applied for confirmed Week 3 absences: Jayden Daniels (WAS QB, elbow, Mariota starting), David Njoku and Charlie Kolar (both LAC TE, placed on IR after Week 2, min 4 games) - all via multi-source web confirmation (ESPN/CBS/NFL.com/Chargers.com), not yet reflected in Sleeper's live feed.",/home/user/ffcc/output/draft_rankings/draft_rankings_2026_ppr.csv
2026,3,00-0037557,Ronnie Rivers,RB,LA,DEN,False,0.77,1.81,-2.0,-2.0,0.33,5.07,11.44,0.66,0.03,ppr,2026-09-22 13:17,"Pre-kickoff snapshot locked 2026-09-22 (all Week 3 games 9/24-9/28, none yet played). Live data refreshed same day (Sleeper live API blocked by sandbox proxy 403, fell back to committed snapshot - see data/fallback/README). Manual weekly-out overrides applied for confirmed Week 3 absences: Jayden Daniels (WAS QB, elbow, Mariota starting), David Njoku and Charlie Kolar (both LAC TE, placed on IR after Week 2, min 4 games) - all via multi-source web confirmation (ESPN/CBS/NFL.com/Chargers.com), not yet reflected in Sleeper's live feed.",/home/user/ffcc/output/draft_rankings/draft_rankings_2026_ppr.csv
2026,3,00-0040211,Graham Mertz,QB,HOU,IND,False,1.04,1.79,-2.0,-2.0,2.21,8.53,13.9,0.54,0.03,ppr,2026-09-22 13:17,"Pre-kickoff snapshot locked 2026-09-22 (all Week 3 games 9/24-9/28, none yet played). Live data refreshed same day (Sleeper live API blocked by sandbox proxy 403, fell back to committed snapshot - see data/fallback/README). Manual weekly-out overrides applied for confirmed Week 3 absences: Jayden Daniels (WAS QB, elbow, Mariota starting), David Njoku and Charlie Kolar (both LAC TE, placed on IR after Week 2, min 4 games) - all via multi-source web confirmation (ESPN/CBS/NFL.com/Chargers.com), not yet reflected in Sleeper's live feed.",/home/user/ffcc/output/draft_rankings/draft_rankings_2026_ppr.csv
2026,3,00-0035298,Scott Miller,WR,CHI,PHI,False,0.87,1.79,-2.0,-2.0,0.33,4.71,10.57,0.68,0.02,ppr,2026-09-22 13:17,"Pre-kickoff snapshot locked 2026-09-22 (all Week 3 games 9/24-9/28, none yet played). Live data refreshed same day (Sleeper live API blocked by sandbox proxy 403, fell back to committed snapshot - see data/fallback/README). Manual weekly-out overrides applied for confirmed Week 3 absences: Jayden Daniels (WAS QB, elbow, Mariota starting), David Njoku and Charlie Kolar (both LAC TE, placed on IR after Week 2, min 4 games) - all via multi-source web confirmation (ESPN/CBS/NFL.com/Chargers.com), not yet reflected in Sleeper's live feed.",/home/user/ffcc/output/draft_rankings/draft_rankings_2026_ppr.csv
2026,3,00-0036387,Jalen Reagor,WR,MIA,KC,False,0.89,1.79,-2.0,-2.0,0.21,4.74,10.67,0.68,0.02,ppr,2026-09-22 13:17,"Pre-kickoff snapshot locked 2026-09-22 (all Week 3 games 9/24-9/28, none yet played). Live data refreshed same day (Sleeper live API blocked by sandbox proxy 403, fell back to committed snapshot - see data/fallback/README). Manual weekly-out overrides applied for confirmed Week 3 absences: Jayden Daniels (WAS QB, elbow, Mariota starting), David Njoku and Charlie Kolar (both LAC TE, placed on IR after Week 2, min 4 games) - all via multi-source web confirmation (ESPN/CBS/NFL.com/Chargers.com), not yet reflected in Sleeper's live feed.",/home/user/ffcc/output/draft_rankings/draft_rankings_2026_ppr.csv
2026,3,00-0032398,Chris Moore,WR,BAL,DAL,False,1.28,1.78,-2.0,-2.0,0.25,4.78,10.79,0.68,0.02,ppr,2026-09-22 13:17,"Pre-kickoff snapshot locked 2026-09-22 (all Week 3 games 9/24-9/28, none yet played). Live data refreshed same day (Sleeper live API blocked by sandbox proxy 403, fell back to committed snapshot - see data/fallback/README). Manual weekly-out overrides applied for confirmed Week 3 absences: Jayden Daniels (WAS QB, elbow, Mariota starting), David Njoku and Charlie Kolar (both LAC TE, placed on IR after Week 2, min 4 games) - all via multi-source web confirmation (ESPN/CBS/NFL.com/Chargers.com), not yet reflected in Sleeper's live feed.",/home/user/ffcc/output/draft_rankings/draft_rankings_2026_ppr.csv
2026,3,00-0039603,British Brooks,RB,HOU,IND,False,0.91,1.75,-2.0,-2.0,0.31,5.0,11.14,0.67,0.03,ppr,2026-09-22 13:17,"Pre-kickoff snapshot locked 2026-09-22 (all Week 3 games 9/24-9/28, none yet played). Live data refreshed same day (Sleeper live API blocked by sandbox proxy 403, fell back to committed snapshot - see data/fallback/README). Manual weekly-out overrides applied for confirmed Week 3 absences: Jayden Daniels (WAS QB, elbow, Mariota starting), David Njoku and Charlie Kolar (both LAC TE, placed on IR after Week 2, min 4 games) - all via multi-source web confirmation (ESPN/CBS/NFL.com/Chargers.com), not yet reflected in Sleeper's live feed.",/home/user/ffcc/output/draft_rankings/draft_rankings_2026_ppr.csv
2026,3,00-0036429,Charlie Woerner,TE,ATL,GB,False,0.91,1.74,-2.0,-1.47,0.78,4.26,8.97,0.69,0.05,ppr,2026-09-22 13:17,"Pre-kickoff snapshot locked 2026-09-22 (all Week 3 games 9/24-9/28, none yet played). Live data refreshed same day (Sleeper live API blocked by sandbox proxy 403, fell back to committed snapshot - see data/fallback/README). Manual weekly-out overrides applied for confirmed Week 3 absences: Jayden Daniels (WAS QB, elbow, Mariota starting), David Njoku and Charlie Kolar (both LAC TE, placed on IR after Week 2, min 4 games) - all via multi-source web confirmation (ESPN/CBS/NFL.com/Chargers.com), not yet reflected in Sleeper's live feed.",/home/user/ffcc/output/draft_rankings/draft_rankings_2026_ppr.csv
2026,3,00-0040894,Malik Benson,WR,LV,NO,False,0.9,1.73,-2.0,-2.0,0.2,4.54,10.66,0.69,0.02,ppr,2026-09-22 13:17,"Pre-kickoff snapshot locked 2026-09-22 (all Week 3 games 9/24-9/28, none yet played). Live data refreshed same day (Sleeper live API blocked by sandbox proxy 403, fell back to committed snapshot - see data/fallback/README). Manual weekly-out overrides applied for confirmed Week 3 absences: Jayden Daniels (WAS QB, elbow, Mariota starting), David Njoku and Charlie Kolar (both LAC TE, placed on IR after Week 2, min 4 games) - all via multi-source web confirmation (ESPN/CBS/NFL.com/Chargers.com), not yet reflected in Sleeper's live feed.",/home/user/ffcc/output/draft_rankings/draft_rankings_2026_ppr.csv
2026,3,00-0038409,Lew Nichols III,RB,PIT,CIN,False,1.29,1.73,-2.0,-2.0,0.29,4.98,11.01,0.67,0.04,ppr,2026-09-22 13:17,"Pre-kickoff snapshot locked 2026-09-22 (all Week 3 games 9/24-9/28, none yet played). Live data refreshed same day (Sleeper live API blocked by sandbox proxy 403, fell back to committed snapshot - see data/fallback/README). Manual weekly-out overrides applied for confirmed Week 3 absences: Jayden Daniels (WAS QB, elbow, Mariota starting), David Njoku and Charlie Kolar (both LAC TE, placed on IR after Week 2, min 4 games) - all via multi-source web confirmation (ESPN/CBS/NFL.com/Chargers.com), not yet reflected in Sleeper's live feed.",/home/user/ffcc/output/draft_rankings/draft_rankings_2026_ppr.csv
2026,3,00-0036331,Devin Duvernay,WR,ARI,SF,False,1.04,1.72,-2.0,-2.0,0.21,4.86,10.86,0.68,0.02,ppr,2026-09-22 13:17,"Pre-kickoff snapshot locked 2026-09-22 (all Week 3 games 9/24-9/28, none yet played). Live data refreshed same day (Sleeper live API blocked by sandbox proxy 403, fell back to committed snapshot - see data/fallback/README). Manual weekly-out overrides applied for confirmed Week 3 absences: Jayden Daniels (WAS QB, elbow, Mariota starting), David Njoku and Charlie Kolar (both LAC TE, placed on IR after Week 2, min 4 games) - all via multi-source web confirmation (ESPN/CBS/NFL.com/Chargers.com), not yet reflected in Sleeper's live feed.",/home/user/ffcc/output/draft_rankings/draft_rankings_2026_ppr.csv
2026,3,00-0038519,Nikko Remigio,WR,KC,MIA,False,0.97,1.72,-2.0,-2.0,0.25,4.87,10.68,0.68,0.02,ppr,2026-09-22 13:17,"Pre-kickoff snapshot locked 2026-09-22 (all Week 3 games 9/24-9/28, none yet played). Live data refreshed same day (Sleeper live API blocked by sandbox proxy 403, fell back to committed snapshot - see data/fallback/README). Manual weekly-out overrides applied for confirmed Week 3 absences: Jayden Daniels (WAS QB, elbow, Mariota starting), David Njoku and Charlie Kolar (both LAC TE, placed on IR after Week 2, min 4 games) - all via multi-source web confirmation (ESPN/CBS/NFL.com/Chargers.com), not yet reflected in Sleeper's live feed.",/home/user/ffcc/output/draft_rankings/draft_rankings_2026_ppr.csv
2026,3,00-0034798,Durham Smythe,TE,BAL,DAL,False,0.93,1.72,-2.0,-1.54,0.76,4.12,9.09,0.69,0.05,ppr,2026-09-22 13:17,"Pre-kickoff snapshot locked 2026-09-22 (all Week 3 games 9/24-9/28, none yet played). Live data refreshed same day (Sleeper live API blocked by sandbox proxy 403, fell back to committed snapshot - see data/fallback/README). Manual weekly-out overrides applied for confirmed Week 3 absences: Jayden Daniels (WAS QB, elbow, Mariota starting), David Njoku and Charlie Kolar (both LAC TE, placed on IR after Week 2, min 4 games) - all via multi-source web confirmation (ESPN/CBS/NFL.com/Chargers.com), not yet reflected in Sleeper's live feed.",/home/user/ffcc/output/draft_rankings/draft_rankings_2026_ppr.csv
2026,3,00-0040534,Ke'Shawn Williams,WR,CIN,PIT,False,1.14,1.71,-2.0,-2.0,0.3,4.97,10.74,0.67,0.02,ppr,2026-09-22 13:17,"Pre-kickoff snapshot locked 2026-09-22 (all Week 3 games 9/24-9/28, none yet played). Live data refreshed same day (Sleeper live API blocked by sandbox proxy 403, fell back to committed snapshot - see data/fallback/README). Manual weekly-out overrides applied for confirmed Week 3 absences: Jayden Daniels (WAS QB, elbow, Mariota starting), David Njoku and Charlie Kolar (both LAC TE, placed on IR after Week 2, min 4 games) - all via multi-source web confirmation (ESPN/CBS/NFL.com/Chargers.com), not yet reflected in Sleeper's live feed.",/home/user/ffcc/output/draft_rankings/draft_rankings_2026_ppr.csv
2026,3,00-0040429,Josh Williams,RB,TB,MIN,False,0.89,1.69,-2.0,-2.0,0.23,4.89,11.06,0.67,0.04,ppr,2026-09-22 13:17,"Pre-kickoff snapshot locked 2026-09-22 (all Week 3 games 9/24-9/28, none yet played). Live data refreshed same day (Sleeper live API blocked by sandbox proxy 403, fell back to committed snapshot - see data/fallback/README). Manual weekly-out overrides applied for confirmed Week 3 absences: Jayden Daniels (WAS QB, elbow, Mariota starting), David Njoku and Charlie Kolar (both LAC TE, placed on IR after Week 2, min 4 games) - all via multi-source web confirmation (ESPN/CBS/NFL.com/Chargers.com), not yet reflected in Sleeper's live feed.",/home/user/ffcc/output/draft_rankings/draft_rankings_2026_ppr.csv
2026,3,00-0036187,Reggie Gilliam,RB,NE,JAX,False,0.83,1.69,-2.0,-2.0,0.22,4.95,11.04,0.67,0.03,ppr,2026-09-22 13:17,"Pre-kickoff snapshot locked 2026-09-22 (all Week 3 games 9/24-9/28, none yet played). Live data refreshed same day (Sleeper live API blocked by sandbox proxy 403, fell back to committed snapshot - see data/fallback/README). Manual weekly-out overrides applied for confirmed Week 3 absences: Jayden Daniels (WAS QB, elbow, Mariota starting), David Njoku and Charlie Kolar (both LAC TE, placed on IR after Week 2, min 4 games) - all via multi-source web confirmation (ESPN/CBS/NFL.com/Chargers.com), not yet reflected in Sleeper's live feed.",/home/user/ffcc/output/draft_rankings/draft_rankings_2026_ppr.csv
2026,3,00-0039266,Kendall Milton,RB,CIN,PIT,False,0.89,1.68,-2.0,-2.0,0.18,4.97,11.22,0.67,0.03,ppr,2026-09-22 13:17,"Pre-kickoff snapshot locked 2026-09-22 (all Week 3 games 9/24-9/28, none yet played). Live data refreshed same day (Sleeper live API blocked by sandbox proxy 403, fell back to committed snapshot - see data/fallback/README). Manual weekly-out overrides applied for confirmed Week 3 absences: Jayden Daniels (WAS QB, elbow, Mariota starting), David Njoku and Charlie Kolar (both LAC TE, placed on IR after Week 2, min 4 games) - all via multi-source web confirmation (ESPN/CBS/NFL.com/Chargers.com), not yet reflected in Sleeper's live feed.",/home/user/ffcc/output/draft_rankings/draft_rankings_2026_ppr.csv
2026,3,00-0034577,Kyle Allen,QB,BUF,LAC,False,0.77,1.67,-2.0,-2.0,2.08,8.08,13.52,0.54,0.03,ppr,2026-09-22 13:17,"Pre-kickoff snapshot locked 2026-09-22 (all Week 3 games 9/24-9/28, none yet played). Live data refreshed same day (Sleeper live API blocked by sandbox proxy 403, fell back to committed snapshot - see data/fallback/README). Manual weekly-out overrides applied for confirmed Week 3 absences: Jayden Daniels (WAS QB, elbow, Mariota starting), David Njoku and Charlie Kolar (both LAC TE, placed on IR after Week 2, min 4 games) - all via multi-source web confirmation (ESPN/CBS/NFL.com/Chargers.com), not yet reflected in Sleeper's live feed.",/home/user/ffcc/output/draft_rankings/draft_rankings_2026_ppr.csv
2026,3,00-0039236,Johnny Wilson,WR,PHI,CHI,False,1.18,1.66,-2.0,-2.0,0.26,4.68,10.6,0.68,0.02,ppr,2026-09-22 13:17,"Pre-kickoff snapshot locked 2026-09-22 (all Week 3 games 9/24-9/28, none yet played). Live data refreshed same day (Sleeper live API blocked by sandbox proxy 403, fell back to committed snapshot - see data/fallback/README). Manual weekly-out overrides applied for confirmed Week 3 absences: Jayden Daniels (WAS QB, elbow, Mariota starting), David Njoku and Charlie Kolar (both LAC TE, placed on IR after Week 2, min 4 games) - all via multi-source web confirmation (ESPN/CBS/NFL.com/Chargers.com), not yet reflected in Sleeper's live feed.",/home/user/ffcc/output/draft_rankings/draft_rankings_2026_ppr.csv
2026,3,00-0040556,Corey Kiner,RB,NE,JAX,False,0.83,1.65,-2.0,-2.0,0.21,4.88,11.01,0.67,0.03,ppr,2026-09-22 13:17,"Pre-kickoff snapshot locked 2026-09-22 (all Week 3 games 9/24-9/28, none yet played). Live data refreshed same day (Sleeper live API blocked by sandbox proxy 403, fell back to committed snapshot - see data/fallback/README). Manual weekly-out overrides applied for confirmed Week 3 absences: Jayden Daniels (WAS QB, elbow, Mariota starting), David Njoku and Charlie Kolar (both LAC TE, placed on IR after Week 2, min 4 games) - all via multi-source web confirmation (ESPN/CBS/NFL.com/Chargers.com), not yet reflected in Sleeper's live feed.",/home/user/ffcc/output/draft_rankings/draft_rankings_2026_ppr.csv
2026,3,00-0039244,Chris Collier,RB,LV,NO,False,0.94,1.64,-2.0,-2.0,0.26,5.14,11.32,0.67,0.03,ppr,2026-09-22 13:17,"Pre-kickoff snapshot locked 2026-09-22 (all Week 3 games 9/24-9/28, none yet played). Live data refreshed same day (Sleeper live API blocked by sandbox proxy 403, fell back to committed snapshot - see data/fallback/README). Manual weekly-out overrides applied for confirmed Week 3 absences: Jayden Daniels (WAS QB, elbow, Mariota starting), David Njoku and Charlie Kolar (both LAC TE, placed on IR after Week 2, min 4 games) - all via multi-source web confirmation (ESPN/CBS/NFL.com/Chargers.com), not yet reflected in Sleeper's live feed.",/home/user/ffcc/output/draft_rankings/draft_rankings_2026_ppr.csv
2026,3,00-0041446,Kendrick Law,WR,DET,NYJ,False,0.99,1.63,-2.0,-2.0,0.1,4.5,10.56,0.69,0.02,ppr,2026-09-22 13:17,"Pre-kickoff snapshot locked 2026-09-22 (all Week 3 games 9/24-9/28, none yet played). Live data refreshed same day (Sleeper live API blocked by sandbox proxy 403, fell back to committed snapshot - see data/fallback/README). Manual weekly-out overrides applied for confirmed Week 3 absences: Jayden Daniels (WAS QB, elbow, Mariota starting), David Njoku and Charlie Kolar (both LAC TE, placed on IR after Week 2, min 4 games) - all via multi-source web confirmation (ESPN/CBS/NFL.com/Chargers.com), not yet reflected in Sleeper's live feed.",/home/user/ffcc/output/draft_rankings/draft_rankings_2026_ppr.csv
2026,3,00-0041467,Lewis Bond,WR,HOU,IND,False,1.17,1.62,-2.0,-2.0,0.06,4.49,10.3,0.69,0.02,ppr,2026-09-22 13:17,"Pre-kickoff snapshot locked 2026-09-22 (all Week 3 games 9/24-9/28, none yet played). Live data refreshed same day (Sleeper live API blocked by sandbox proxy 403, fell back to committed snapshot - see data/fallback/README). Manual weekly-out overrides applied for confirmed Week 3 absences: Jayden Daniels (WAS QB, elbow, Mariota starting), David Njoku and Charlie Kolar (both LAC TE, placed on IR after Week 2, min 4 games) - all via multi-source web confirmation (ESPN/CBS/NFL.com/Chargers.com), not yet reflected in Sleeper's live feed.",/home/user/ffcc/output/draft_rankings/draft_rankings_2026_ppr.csv
2026,3,00-0041092,Taylen Green,QB,CLE,CAR,False,0.85,1.6,-2.0,-2.0,1.96,8.14,13.42,0.55,0.03,ppr,2026-09-22 13:17,"Pre-kickoff snapshot locked 2026-09-22 (all Week 3 games 9/24-9/28, none yet played). Live data refreshed same day (Sleeper live API blocked by sandbox proxy 403, fell back to committed snapshot - see data/fallback/README). Manual weekly-out overrides applied for confirmed Week 3 absences: Jayden Daniels (WAS QB, elbow, Mariota starting), David Njoku and Charlie Kolar (both LAC TE, placed on IR after Week 2, min 4 games) - all via multi-source web confirmation (ESPN/CBS/NFL.com/Chargers.com), not yet reflected in Sleeper's live feed.",/home/user/ffcc/output/draft_rankings/draft_rankings_2026_ppr.csv
2026,3,00-0038489,Ben VanSumeren,RB,KC,MIA,False,1.13,1.58,-2.0,-2.0,0.21,5.02,10.98,0.67,0.03,ppr,2026-09-22 13:17,"Pre-kickoff snapshot locked 2026-09-22 (all Week 3 games 9/24-9/28, none yet played). Live data refreshed same day (Sleeper live API blocked by sandbox proxy 403, fell back to committed snapshot - see data/fallback/README). Manual weekly-out overrides applied for confirmed Week 3 absences: Jayden Daniels (WAS QB, elbow, Mariota starting), David Njoku and Charlie Kolar (both LAC TE, placed on IR after Week 2, min 4 games) - all via multi-source web confirmation (ESPN/CBS/NFL.com/Chargers.com), not yet reflected in Sleeper's live feed.",/home/user/ffcc/output/draft_rankings/draft_rankings_2026_ppr.csv
2026,3,00-0039589,Kameron Johnson,WR,TB,MIN,False,0.77,1.58,-2.0,-2.0,0.12,4.84,10.77,0.67,0.02,ppr,2026-09-22 13:17,"Pre-kickoff snapshot locked 2026-09-22 (all Week 3 games 9/24-9/28, none yet played). Live data refreshed same day (Sleeper live API blocked by sandbox proxy 403, fell back to committed snapshot - see data/fallback/README). Manual weekly-out overrides applied for confirmed Week 3 absences: Jayden Daniels (WAS QB, elbow, Mariota starting), David Njoku and Charlie Kolar (both LAC TE, placed on IR after Week 2, min 4 games) - all via multi-source web confirmation (ESPN/CBS/NFL.com/Chargers.com), not yet reflected in Sleeper's live feed.",/home/user/ffcc/output/draft_rankings/draft_rankings_2026_ppr.csv
2026,3,00-0035544,Tom Kennedy,WR,DET,NYJ,False,0.99,1.58,-2.0,-2.0,0.08,4.56,10.5,0.69,0.02,ppr,2026-09-22 13:17,"Pre-kickoff snapshot locked 2026-09-22 (all Week 3 games 9/24-9/28, none yet played). Live data refreshed same day (Sleeper live API blocked by sandbox proxy 403, fell back to committed snapshot - see data/fallback/README). Manual weekly-out overrides applied for confirmed Week 3 absences: Jayden Daniels (WAS QB, elbow, Mariota starting), David Njoku and Charlie Kolar (both LAC TE, placed on IR after Week 2, min 4 games) - all via multi-source web confirmation (ESPN/CBS/NFL.com/Chargers.com), not yet reflected in Sleeper's live feed.",/home/user/ffcc/output/draft_rankings/draft_rankings_2026_ppr.csv
2026,3,00-0040900,Anthony Smith,WR,DAL,BAL,False,1.17,1.58,-2.0,-2.0,0.02,4.52,10.38,0.69,0.02,ppr,2026-09-22 13:17,"Pre-kickoff snapshot locked 2026-09-22 (all Week 3 games 9/24-9/28, none yet played). Live data refreshed same day (Sleeper live API blocked by sandbox proxy 403, fell back to committed snapshot - see data/fallback/README). Manual weekly-out overrides applied for confirmed Week 3 absences: Jayden Daniels (WAS QB, elbow, Mariota starting), David Njoku and Charlie Kolar (both LAC TE, placed on IR after Week 2, min 4 games) - all via multi-source web confirmation (ESPN/CBS/NFL.com/Chargers.com), not yet reflected in Sleeper's live feed.",/home/user/ffcc/output/draft_rankings/draft_rankings_2026_ppr.csv
2026,3,00-0037304,Connor Heyward,TE,PIT,CIN,False,1.57,1.57,-2.0,-1.73,0.58,3.66,8.29,0.71,0.04,ppr,2026-09-22 13:17,"Pre-kickoff snapshot locked 2026-09-22 (all Week 3 games 9/24-9/28, none yet played). Live data refreshed same day (Sleeper live API blocked by sandbox proxy 403, fell back to committed snapshot - see data/fallback/README). Manual weekly-out overrides applied for confirmed Week 3 absences: Jayden Daniels (WAS QB, elbow, Mariota starting), David Njoku and Charlie Kolar (both LAC TE, placed on IR after Week 2, min 4 games) - all via multi-source web confirmation (ESPN/CBS/NFL.com/Chargers.com), not yet reflected in Sleeper's live feed.",/home/user/ffcc/output/draft_rankings/draft_rankings_2026_ppr.csv
2026,3,00-0041100,Josh Cameron,WR,JAX,NE,False,0.95,1.57,-2.0,-2.0,0.1,4.56,10.6,0.69,0.02,ppr,2026-09-22 13:17,"Pre-kickoff snapshot locked 2026-09-22 (all Week 3 games 9/24-9/28, none yet played). Live data refreshed same day (Sleeper live API blocked by sandbox proxy 403, fell back to committed snapshot - see data/fallback/README). Manual weekly-out overrides applied for confirmed Week 3 absences: Jayden Daniels (WAS QB, elbow, Mariota starting), David Njoku and Charlie Kolar (both LAC TE, placed on IR after Week 2, min 4 games) - all via multi-source web confirmation (ESPN/CBS/NFL.com/Chargers.com), not yet reflected in Sleeper's live feed.",/home/user/ffcc/output/draft_rankings/draft_rankings_2026_ppr.csv
2026,3,00-0040506,Myles Price,WR,MIN,TB,False,1.02,1.55,-2.0,-2.0,0.01,4.55,10.44,0.69,0.02,ppr,2026-09-22 13:17,"Pre-kickoff snapshot locked 2026-09-22 (all Week 3 games 9/24-9/28, none yet played). Live data refreshed same day (Sleeper live API blocked by sandbox proxy 403, fell back to committed snapshot - see data/fallback/README). Manual weekly-out overrides applied for confirmed Week 3 absences: Jayden Daniels (WAS QB, elbow, Mariota starting), David Njoku and Charlie Kolar (both LAC TE, placed on IR after Week 2, min 4 games) - all via multi-source web confirmation (ESPN/CBS/NFL.com/Chargers.com), not yet reflected in Sleeper's live feed.",/home/user/ffcc/output/draft_rankings/draft_rankings_2026_ppr.csv
2026,3,00-0037539,Lucas Krull,TE,DEN,LA,False,0.99,1.55,-2.0,-1.83,0.56,3.9,8.71,0.7,0.05,ppr,2026-09-22 13:17,"Pre-kickoff snapshot locked 2026-09-22 (all Week 3 games 9/24-9/28, none yet played). Live data refreshed same day (Sleeper live API blocked by sandbox proxy 403, fell back to committed snapshot - see data/fallback/README). Manual weekly-out overrides applied for confirmed Week 3 absences: Jayden Daniels (WAS QB, elbow, Mariota starting), David Njoku and Charlie Kolar (both LAC TE, placed on IR after Week 2, min 4 games) - all via multi-source web confirmation (ESPN/CBS/NFL.com/Chargers.com), not yet reflected in Sleeper's live feed.",/home/user/ffcc/output/draft_rankings/draft_rankings_2026_ppr.csv
2026,3,00-0040039,Amar Johnson,RB,LAC,BUF,False,1.09,1.55,-2.0,-2.0,0.15,4.97,11.14,0.67,0.03,ppr,2026-09-22 13:17,"Pre-kickoff snapshot locked 2026-09-22 (all Week 3 games 9/24-9/28, none yet played). Live data refreshed same day (Sleeper live API blocked by sandbox proxy 403, fell back to committed snapshot - see data/fallback/README). Manual weekly-out overrides applied for confirmed Week 3 absences: Jayden Daniels (WAS QB, elbow, Mariota starting), David Njoku and Charlie Kolar (both LAC TE, placed on IR after Week 2, min 4 games) - all via multi-source web confirmation (ESPN/CBS/NFL.com/Chargers.com), not yet reflected in Sleeper's live feed.",/home/user/ffcc/output/draft_rankings/draft_rankings_2026_ppr.csv
2026,3,00-0032385,Sterling Shepard,WR,NYJ,DET,False,1.16,1.54,-2.0,-2.0,0.04,4.51,10.25,0.69,0.02,ppr,2026-09-22 13:17,"Pre-kickoff snapshot locked 2026-09-22 (all Week 3 games 9/24-9/28, none yet played). Live data refreshed same day (Sleeper live API blocked by sandbox proxy 403, fell back to committed snapshot - see data/fallback/README). Manual weekly-out overrides applied for confirmed Week 3 absences: Jayden Daniels (WAS QB, elbow, Mariota starting), David Njoku and Charlie Kolar (both LAC TE, placed on IR after Week 2, min 4 games) - all via multi-source web confirmation (ESPN/CBS/NFL.com/Chargers.com), not yet reflected in Sleeper's live feed.",/home/user/ffcc/output/draft_rankings/draft_rankings_2026_ppr.csv
2026,3,00-0041399,CJ Daniels,WR,LA,DEN,False,0.88,1.54,-2.0,-2.0,0.04,4.52,10.58,0.69,0.02,ppr,2026-09-22 13:17,"Pre-kickoff snapshot locked 2026-09-22 (all Week 3 games 9/24-9/28, none yet played). Live data refreshed same day (Sleeper live API blocked by sandbox proxy 403, fell back to committed snapshot - see data/fallback/README). Manual weekly-out overrides applied for confirmed Week 3 absences: Jayden Daniels (WAS QB, elbow, Mariota starting), David Njoku and Charlie Kolar (both LAC TE, placed on IR after Week 2, min 4 games) - all via multi-source web confirmation (ESPN/CBS/NFL.com/Chargers.com), not yet reflected in Sleeper's live feed.",/home/user/ffcc/output/draft_rankings/draft_rankings_2026_ppr.csv
2026,3,00-0036630,Tylan Wallace,WR,CLE,CAR,False,0.86,1.52,-2.0,-2.0,0.02,4.51,10.52,0.69,0.02,ppr,2026-09-22 13:17,"Pre-kickoff snapshot locked 2026-09-22 (all Week 3 games 9/24-9/28, none yet played). Live data refreshed same day (Sleeper live API blocked by sandbox proxy 403, fell back to committed snapshot - see data/fallback/README). Manual weekly-out overrides applied for confirmed Week 3 absences: Jayden Daniels (WAS QB, elbow, Mariota starting), David Njoku and Charlie Kolar (both LAC TE, placed on IR after Week 2, min 4 games) - all via multi-source web confirmation (ESPN/CBS/NFL.com/Chargers.com), not yet reflected in Sleeper's live feed.",/home/user/ffcc/output/draft_rankings/draft_rankings_2026_ppr.csv
2026,3,00-0040589,Kurtis Rourke,QB,SF,ARI,False,1.04,1.51,-2.0,-2.0,1.95,8.09,13.65,0.55,0.03,ppr,2026-09-22 13:17,"Pre-kickoff snapshot locked 2026-09-22 (all Week 3 games 9/24-9/28, none yet played). Live data refreshed same day (Sleeper live API blocked by sandbox proxy 403, fell back to committed snapshot - see data/fallback/README). Manual weekly-out overrides applied for confirmed Week 3 absences: Jayden Daniels (WAS QB, elbow, Mariota starting), David Njoku and Charlie Kolar (both LAC TE, placed on IR after Week 2, min 4 games) - all via multi-source web confirmation (ESPN/CBS/NFL.com/Chargers.com), not yet reflected in Sleeper's live feed.",/home/user/ffcc/output/draft_rankings/draft_rankings_2026_ppr.csv
2026,3,00-0040653,Ricky White,WR,SEA,WAS,False,1.13,1.5,-2.0,-2.0,0.01,4.63,10.31,0.69,0.02,ppr,2026-09-22 13:17,"Pre-kickoff snapshot locked 2026-09-22 (all Week 3 games 9/24-9/28, none yet played). Live data refreshed same day (Sleeper live API blocked by sandbox proxy 403, fell back to committed snapshot - see data/fallback/README). Manual weekly-out overrides applied for confirmed Week 3 absences: Jayden Daniels (WAS QB, elbow, Mariota starting), David Njoku and Charlie Kolar (both LAC TE, placed on IR after Week 2, min 4 games) - all via multi-source web confirmation (ESPN/CBS/NFL.com/Chargers.com), not yet reflected in Sleeper's live feed.",/home/user/ffcc/output/draft_rankings/draft_rankings_2026_ppr.csv
2026,3,00-0038643,Brayden Willis,TE,SF,ARI,False,1.27,1.49,-2.0,-1.76,0.54,3.94,8.64,0.7,0.04,ppr,2026-09-22 13:17,"Pre-kickoff snapshot locked 2026-09-22 (all Week 3 games 9/24-9/28, none yet played). Live data refreshed same day (Sleeper live API blocked by sandbox proxy 403, fell back to committed snapshot - see data/fallback/README). Manual weekly-out overrides applied for confirmed Week 3 absences: Jayden Daniels (WAS QB, elbow, Mariota starting), David Njoku and Charlie Kolar (both LAC TE, placed on IR after Week 2, min 4 games) - all via multi-source web confirmation (ESPN/CBS/NFL.com/Chargers.com), not yet reflected in Sleeper's live feed.",/home/user/ffcc/output/draft_rankings/draft_rankings_2026_ppr.csv
2026,3,00-0039686,Colson Yankoff,TE,WAS,SEA,False,1.1,1.48,-2.0,-1.77,0.58,3.99,8.6,0.7,0.04,ppr,2026-09-22 13:17,"Pre-kickoff snapshot locked 2026-09-22 (all Week 3 games 9/24-9/28, none yet played). Live data refreshed same day (Sleeper live API blocked by sandbox proxy 403, fell back to committed snapshot - see data/fallback/README). Manual weekly-out overrides applied for confirmed Week 3 absences: Jayden Daniels (WAS QB, elbow, Mariota starting), David Njoku and Charlie Kolar (both LAC TE, placed on IR after Week 2, min 4 games) - all via multi-source web confirmation (ESPN/CBS/NFL.com/Chargers.com), not yet reflected in Sleeper's live feed.",/home/user/ffcc/output/draft_rankings/draft_rankings_2026_ppr.csv
2026,3,00-0039530,Brevyn Spann-Ford,TE,DAL,BAL,False,0.82,1.42,-2.0,-1.89,0.47,3.74,8.24,0.72,0.04,ppr,2026-09-22 13:17,"Pre-kickoff snapshot locked 2026-09-22 (all Week 3 games 9/24-9/28, none yet played). Live data refreshed same day (Sleeper live API blocked by sandbox proxy 403, fell back to committed snapshot - see data/fallback/README). Manual weekly-out overrides applied for confirmed Week 3 absences: Jayden Daniels (WAS QB, elbow, Mariota starting), David Njoku and Charlie Kolar (both LAC TE, placed on IR after Week 2, min 4 games) - all via multi-source web confirmation (ESPN/CBS/NFL.com/Chargers.com), not yet reflected in Sleeper's live feed.",/home/user/ffcc/output/draft_rankings/draft_rankings_2026_ppr.csv
2026,3,00-0038720,Julian Hill,TE,NE,JAX,False,1.11,1.41,-2.0,-1.83,0.47,3.81,8.39,0.71,0.04,ppr,2026-09-22 13:17,"Pre-kickoff snapshot locked 2026-09-22 (all Week 3 games 9/24-9/28, none yet played). Live data refreshed same day (Sleeper live API blocked by sandbox proxy 403, fell back to committed snapshot - see data/fallback/README). Manual weekly-out overrides applied for confirmed Week 3 absences: Jayden Daniels (WAS QB, elbow, Mariota starting), David Njoku and Charlie Kolar (both LAC TE, placed on IR after Week 2, min 4 games) - all via multi-source web confirmation (ESPN/CBS/NFL.com/Chargers.com), not yet reflected in Sleeper's live feed.",/home/user/ffcc/output/draft_rankings/draft_rankings_2026_ppr.csv
2026,3,00-0039648,David Martin-Robinson,TE,TEN,NYG,False,0.85,1.41,-2.0,-1.88,0.46,3.55,8.1,0.72,0.04,ppr,2026-09-22 13:17,"Pre-kickoff snapshot locked 2026-09-22 (all Week 3 games 9/24-9/28, none yet played). Live data refreshed same day (Sleeper live API blocked by sandbox proxy 403, fell back to committed snapshot - see data/fallback/README). Manual weekly-out overrides applied for confirmed Week 3 absences: Jayden Daniels (WAS QB, elbow, Mariota starting), David Njoku and Charlie Kolar (both LAC TE, placed on IR after Week 2, min 4 games) - all via multi-source web confirmation (ESPN/CBS/NFL.com/Chargers.com), not yet reflected in Sleeper's live feed.",/home/user/ffcc/output/draft_rankings/draft_rankings_2026_ppr.csv
2026,3,00-0040906,Garrett Nussmeier,QB,KC,MIA,False,1.11,1.4,-2.0,-2.0,1.63,7.74,12.85,0.56,0.02,ppr,2026-09-22 13:17,"Pre-kickoff snapshot locked 2026-09-22 (all Week 3 games 9/24-9/28, none yet played). Live data refreshed same day (Sleeper live API blocked by sandbox proxy 403, fell back to committed snapshot - see data/fallback/README). Manual weekly-out overrides applied for confirmed Week 3 absences: Jayden Daniels (WAS QB, elbow, Mariota starting), David Njoku and Charlie Kolar (both LAC TE, placed on IR after Week 2, min 4 games) - all via multi-source web confirmation (ESPN/CBS/NFL.com/Chargers.com), not yet reflected in Sleeper's live feed.",/home/user/ffcc/output/draft_rankings/draft_rankings_2026_ppr.csv
2026,3,00-0039737,Tip Reiman,TE,ARI,SF,False,1.11,1.39,-2.0,-1.84,0.45,3.74,8.38,0.72,0.04,ppr,2026-09-22 13:17,"Pre-kickoff snapshot locked 2026-09-22 (all Week 3 games 9/24-9/28, none yet played). Live data refreshed same day (Sleeper live API blocked by sandbox proxy 403, fell back to committed snapshot - see data/fallback/README). Manual weekly-out overrides applied for confirmed Week 3 absences: Jayden Daniels (WAS QB, elbow, Mariota starting), David Njoku and Charlie Kolar (both LAC TE, placed on IR after Week 2, min 4 games) - all via multi-source web confirmation (ESPN/CBS/NFL.com/Chargers.com), not yet reflected in Sleeper's live feed.",/home/user/ffcc/output/draft_rankings/draft_rankings_2026_ppr.csv
2026,3,00-0040244,Moliki Matavao,TE,NO,LV,False,0.76,1.39,-2.0,-1.94,0.41,3.79,8.43,0.71,0.04,ppr,2026-09-22 13:17,"Pre-kickoff snapshot locked 2026-09-22 (all Week 3 games 9/24-9/28, none yet played). Live data refreshed same day (Sleeper live API blocked by sandbox proxy 403, fell back to committed snapshot - see data/fallback/README). Manual weekly-out overrides applied for confirmed Week 3 absences: Jayden Daniels (WAS QB, elbow, Mariota starting), David Njoku and Charlie Kolar (both LAC TE, placed on IR after Week 2, min 4 games) - all via multi-source web confirmation (ESPN/CBS/NFL.com/Chargers.com), not yet reflected in Sleeper's live feed.",/home/user/ffcc/output/draft_rankings/draft_rankings_2026_ppr.csv
2026,3,00-0038647,Ronnie Bell,WR,LV,NO,False,0.9,1.37,-2.0,-2.0,-0.1,4.37,10.26,0.69,0.02,ppr,2026-09-22 13:17,"Pre-kickoff snapshot locked 2026-09-22 (all Week 3 games 9/24-9/28, none yet played). Live data refreshed same day (Sleeper live API blocked by sandbox proxy 403, fell back to committed snapshot - see data/fallback/README). Manual weekly-out overrides applied for confirmed Week 3 absences: Jayden Daniels (WAS QB, elbow, Mariota starting), David Njoku and Charlie Kolar (both LAC TE, placed on IR after Week 2, min 4 games) - all via multi-source web confirmation (ESPN/CBS/NFL.com/Chargers.com), not yet reflected in Sleeper's live feed.",/home/user/ffcc/output/draft_rankings/draft_rankings_2026_ppr.csv
2026,3,00-0036841,Austin Trammell,WR,JAX,NE,False,0.95,1.37,-2.0,-2.0,-0.19,4.07,10.02,0.71,0.02,ppr,2026-09-22 13:17,"Pre-kickoff snapshot locked 2026-09-22 (all Week 3 games 9/24-9/28, none yet played). Live data refreshed same day (Sleeper live API blocked by sandbox proxy 403, fell back to committed snapshot - see data/fallback/README). Manual weekly-out overrides applied for confirmed Week 3 absences: Jayden Daniels (WAS QB, elbow, Mariota starting), David Njoku and Charlie Kolar (both LAC TE, placed on IR after Week 2, min 4 games) - all via multi-source web confirmation (ESPN/CBS/NFL.com/Chargers.com), not yet reflected in Sleeper's live feed.",/home/user/ffcc/output/draft_rankings/draft_rankings_2026_ppr.csv
2026,3,00-0038498,E.J. Jenkins,TE,PHI,CHI,False,0.98,1.37,-2.0,-1.91,0.4,3.76,8.38,0.72,0.04,ppr,2026-09-22 13:17,"Pre-kickoff snapshot locked 2026-09-22 (all Week 3 games 9/24-9/28, none yet played). Live data refreshed same day (Sleeper live API blocked by sandbox proxy 403, fell back to committed snapshot - see data/fallback/README). Manual weekly-out overrides applied for confirmed Week 3 absences: Jayden Daniels (WAS QB, elbow, Mariota starting), David Njoku and Charlie Kolar (both LAC TE, placed on IR after Week 2, min 4 games) - all via multi-source web confirmation (ESPN/CBS/NFL.com/Chargers.com), not yet reflected in Sleeper's live feed.",/home/user/ffcc/output/draft_rankings/draft_rankings_2026_ppr.csv
2026,3,00-0036741,Jack Stoll,TE,SF,ARI,False,1.27,1.36,-2.0,-1.95,0.37,3.6,8.2,0.72,0.04,ppr,2026-09-22 13:17,"Pre-kickoff snapshot locked 2026-09-22 (all Week 3 games 9/24-9/28, none yet played). Live data refreshed same day (Sleeper live API blocked by sandbox proxy 403, fell back to committed snapshot - see data/fallback/README). Manual weekly-out overrides applied for confirmed Week 3 absences: Jayden Daniels (WAS QB, elbow, Mariota starting), David Njoku and Charlie Kolar (both LAC TE, placed on IR after Week 2, min 4 games) - all via multi-source web confirmation (ESPN/CBS/NFL.com/Chargers.com), not yet reflected in Sleeper's live feed.",/home/user/ffcc/output/draft_rankings/draft_rankings_2026_ppr.csv
2026,3,00-0038824,Ryan Miller,WR,MIA,KC,False,0.89,1.36,-2.0,-2.0,-0.14,4.15,10.05,0.7,0.02,ppr,2026-09-22 13:17,"Pre-kickoff snapshot locked 2026-09-22 (all Week 3 games 9/24-9/28, none yet played). Live data refreshed same day (Sleeper live API blocked by sandbox proxy 403, fell back to committed snapshot - see data/fallback/README). Manual weekly-out overrides applied for confirmed Week 3 absences: Jayden Daniels (WAS QB, elbow, Mariota starting), David Njoku and Charlie Kolar (both LAC TE, placed on IR after Week 2, min 4 games) - all via multi-source web confirmation (ESPN/CBS/NFL.com/Chargers.com), not yet reflected in Sleeper's live feed.",/home/user/ffcc/output/draft_rankings/draft_rankings_2026_ppr.csv
2026,3,00-0041123,Behren Morton,QB,NE,JAX,False,0.97,1.35,-2.0,-2.0,1.76,7.86,13.25,0.56,0.03,ppr,2026-09-22 13:17,"Pre-kickoff snapshot locked 2026-09-22 (all Week 3 games 9/24-9/28, none yet played). Live data refreshed same day (Sleeper live API blocked by sandbox proxy 403, fell back to committed snapshot - see data/fallback/README). Manual weekly-out overrides applied for confirmed Week 3 absences: Jayden Daniels (WAS QB, elbow, Mariota starting), David Njoku and Charlie Kolar (both LAC TE, placed on IR after Week 2, min 4 games) - all via multi-source web confirmation (ESPN/CBS/NFL.com/Chargers.com), not yet reflected in Sleeper's live feed.",/home/user/ffcc/output/draft_rankings/draft_rankings_2026_ppr.csv
2026,3,00-0037755,Jelani Woods,TE,NYJ,DET,False,1.03,1.34,-2.0,-2.0,0.38,3.66,8.45,0.72,0.04,ppr,2026-09-22 13:17,"Pre-kickoff snapshot locked 2026-09-22 (all Week 3 games 9/24-9/28, none yet played). Live data refreshed same day (Sleeper live API blocked by sandbox proxy 403, fell back to committed snapshot - see data/fallback/README). Manual weekly-out overrides applied for confirmed Week 3 absences: Jayden Daniels (WAS QB, elbow, Mariota starting), David Njoku and Charlie Kolar (both LAC TE, placed on IR after Week 2, min 4 games) - all via multi-source web confirmation (ESPN/CBS/NFL.com/Chargers.com), not yet reflected in Sleeper's live feed.",/home/user/ffcc/output/draft_rankings/draft_rankings_2026_ppr.csv
2026,3,00-0038397,Evan Hull,RB,ARI,SF,False,1.07,1.33,-2.0,-2.0,-0.15,4.67,10.86,0.69,0.03,ppr,2026-09-22 13:17,"Pre-kickoff snapshot locked 2026-09-22 (all Week 3 games 9/24-9/28, none yet played). Live data refreshed same day (Sleeper live API blocked by sandbox proxy 403, fell back to committed snapshot - see data/fallback/README). Manual weekly-out overrides applied for confirmed Week 3 absences: Jayden Daniels (WAS QB, elbow, Mariota starting), David Njoku and Charlie Kolar (both LAC TE, placed on IR after Week 2, min 4 games) - all via multi-source web confirmation (ESPN/CBS/NFL.com/Chargers.com), not yet reflected in Sleeper's live feed.",/home/user/ffcc/output/draft_rankings/draft_rankings_2026_ppr.csv
2026,3,00-0039824,Jared Wiley,TE,KC,MIA,False,1.22,1.32,-2.0,-2.0,0.36,3.82,8.52,0.71,0.04,ppr,2026-09-22 13:17,"Pre-kickoff snapshot locked 2026-09-22 (all Week 3 games 9/24-9/28, none yet played). Live data refreshed same day (Sleeper live API blocked by sandbox proxy 403, fell back to committed snapshot - see data/fallback/README). Manual weekly-out overrides applied for confirmed Week 3 absences: Jayden Daniels (WAS QB, elbow, Mariota starting), David Njoku and Charlie Kolar (both LAC TE, placed on IR after Week 2, min 4 games) - all via multi-source web confirmation (ESPN/CBS/NFL.com/Chargers.com), not yet reflected in Sleeper's live feed.",/home/user/ffcc/output/draft_rankings/draft_rankings_2026_ppr.csv
2026,3,00-0038710,Blake Whiteheart,TE,CLE,CAR,False,1.03,1.32,-2.0,-1.96,0.36,3.67,8.28,0.72,0.04,ppr,2026-09-22 13:17,"Pre-kickoff snapshot locked 2026-09-22 (all Week 3 games 9/24-9/28, none yet played). Live data refreshed same day (Sleeper live API blocked by sandbox proxy 403, fell back to committed snapshot - see data/fallback/README). Manual weekly-out overrides applied for confirmed Week 3 absences: Jayden Daniels (WAS QB, elbow, Mariota starting), David Njoku and Charlie Kolar (both LAC TE, placed on IR after Week 2, min 4 games) - all via multi-source web confirmation (ESPN/CBS/NFL.com/Chargers.com), not yet reflected in Sleeper's live feed.",/home/user/ffcc/output/draft_rankings/draft_rankings_2026_ppr.csv
2026,3,00-0033246,Johnny Mundt,TE,PHI,CHI,False,0.98,1.31,-2.0,-1.96,0.32,3.62,8.07,0.72,0.04,ppr,2026-09-22 13:17,"Pre-kickoff snapshot locked 2026-09-22 (all Week 3 games 9/24-9/28, none yet played). Live data refreshed same day (Sleeper live API blocked by sandbox proxy 403, fell back to committed snapshot - see data/fallback/README). Manual weekly-out overrides applied for confirmed Week 3 absences: Jayden Daniels (WAS QB, elbow, Mariota starting), David Njoku and Charlie Kolar (both LAC TE, placed on IR after Week 2, min 4 games) - all via multi-source web confirmation (ESPN/CBS/NFL.com/Chargers.com), not yet reflected in Sleeper's live feed.",/home/user/ffcc/output/draft_rankings/draft_rankings_2026_ppr.csv
2026,3,00-0040363,Keleki Latu,TE,BUF,LAC,False,0.79,1.3,-2.0,-2.0,0.23,3.61,8.26,0.72,0.04,ppr,2026-09-22 13:17,"Pre-kickoff snapshot locked 2026-09-22 (all Week 3 games 9/24-9/28, none yet played). Live data refreshed same day (Sleeper live API blocked by sandbox proxy 403, fell back to committed snapshot - see data/fallback/README). Manual weekly-out overrides applied for confirmed Week 3 absences: Jayden Daniels (WAS QB, elbow, Mariota starting), David Njoku and Charlie Kolar (both LAC TE, placed on IR after Week 2, min 4 games) - all via multi-source web confirmation (ESPN/CBS/NFL.com/Chargers.com), not yet reflected in Sleeper's live feed.",/home/user/ffcc/output/draft_rankings/draft_rankings_2026_ppr.csv
2026,3,00-0040509,Ben Yurosek,TE,MIN,TB,False,1.19,1.28,-2.0,-1.97,0.33,3.6,8.19,0.72,0.04,ppr,2026-09-22 13:17,"Pre-kickoff snapshot locked 2026-09-22 (all Week 3 games 9/24-9/28, none yet played). Live data refreshed same day (Sleeper live API blocked by sandbox proxy 403, fell back to committed snapshot - see data/fallback/README). Manual weekly-out overrides applied for confirmed Week 3 absences: Jayden Daniels (WAS QB, elbow, Mariota starting), David Njoku and Charlie Kolar (both LAC TE, placed on IR after Week 2, min 4 games) - all via multi-source web confirmation (ESPN/CBS/NFL.com/Chargers.com), not yet reflected in Sleeper's live feed.",/home/user/ffcc/output/draft_rankings/draft_rankings_2026_ppr.csv
2026,3,00-0040887,Josh Cuevas,TE,BAL,DAL,False,0.93,1.28,-2.0,-1.97,0.33,3.63,8.14,0.72,0.04,ppr,2026-09-22 13:17,"Pre-kickoff snapshot locked 2026-09-22 (all Week 3 games 9/24-9/28, none yet played). Live data refreshed same day (Sleeper live API blocked by sandbox proxy 403, fell back to committed snapshot - see data/fallback/README). Manual weekly-out overrides applied for confirmed Week 3 absences: Jayden Daniels (WAS QB, elbow, Mariota starting), David Njoku and Charlie Kolar (both LAC TE, placed on IR after Week 2, min 4 games) - all via multi-source web confirmation (ESPN/CBS/NFL.com/Chargers.com), not yet reflected in Sleeper's live feed.",/home/user/ffcc/output/draft_rankings/draft_rankings_2026_ppr.csv
2026,3,00-0036984,Trey Sermon,RB,ATL,GB,False,0.98,1.28,-2.0,-2.0,-0.1,4.6,10.84,0.69,0.03,ppr,2026-09-22 13:17,"Pre-kickoff snapshot locked 2026-09-22 (all Week 3 games 9/24-9/28, none yet played). Live data refreshed same day (Sleeper live API blocked by sandbox proxy 403, fell back to committed snapshot - see data/fallback/README). Manual weekly-out overrides applied for confirmed Week 3 absences: Jayden Daniels (WAS QB, elbow, Mariota starting), David Njoku and Charlie Kolar (both LAC TE, placed on IR after Week 2, min 4 games) - all via multi-source web confirmation (ESPN/CBS/NFL.com/Chargers.com), not yet reflected in Sleeper's live feed.",/home/user/ffcc/output/draft_rankings/draft_rankings_2026_ppr.csv
2026,3,00-0039650,Bryce Oliver,WR,HOU,IND,False,1.17,1.28,-2.0,-2.0,-0.17,4.27,10.22,0.7,0.02,ppr,2026-09-22 13:17,"Pre-kickoff snapshot locked 2026-09-22 (all Week 3 games 9/24-9/28, none yet played). Live data refreshed same day (Sleeper live API blocked by sandbox proxy 403, fell back to committed snapshot - see data/fallback/README). Manual weekly-out overrides applied for confirmed Week 3 absences: Jayden Daniels (WAS QB, elbow, Mariota starting), David Njoku and Charlie Kolar (both LAC TE, placed on IR after Week 2, min 4 games) - all via multi-source web confirmation (ESPN/CBS/NFL.com/Chargers.com), not yet reflected in Sleeper's live feed.",/home/user/ffcc/output/draft_rankings/draft_rankings_2026_ppr.csv
2026,3,00-0041117,Athan Kaliakmanis,QB,WAS,SEA,False,0.86,1.27,-2.0,-2.0,1.81,7.81,13.19,0.55,0.03,ppr,2026-09-22 13:17,"Pre-kickoff snapshot locked 2026-09-22 (all Week 3 games 9/24-9/28, none yet played). Live data refreshed same day (Sleeper live API blocked by sandbox proxy 403, fell back to committed snapshot - see data/fallback/README). Manual weekly-out overrides applied for confirmed Week 3 absences: Jayden Daniels (WAS QB, elbow, Mariota starting), David Njoku and Charlie Kolar (both LAC TE, placed on IR after Week 2, min 4 games) - all via multi-source web confirmation (ESPN/CBS/NFL.com/Chargers.com), not yet reflected in Sleeper's live feed.",/home/user/ffcc/output/draft_rankings/draft_rankings_2026_ppr.csv
2026,3,00-0039050,Payne Durham,TE,TB,MIN,False,0.8,1.25,-2.0,-2.0,0.3,3.6,8.29,0.72,0.04,ppr,2026-09-22 13:17,"Pre-kickoff snapshot locked 2026-09-22 (all Week 3 games 9/24-9/28, none yet played). Live data refreshed same day (Sleeper live API blocked by sandbox proxy 403, fell back to committed snapshot - see data/fallback/README). Manual weekly-out overrides applied for confirmed Week 3 absences: Jayden Daniels (WAS QB, elbow, Mariota starting), David Njoku and Charlie Kolar (both LAC TE, placed on IR after Week 2, min 4 games) - all via multi-source web confirmation (ESPN/CBS/NFL.com/Chargers.com), not yet reflected in Sleeper's live feed.",/home/user/ffcc/output/draft_rankings/draft_rankings_2026_ppr.csv
2026,3,00-0039816,Anthony Gould,WR,IND,HOU,False,0.84,1.24,-2.0,-2.0,-0.25,4.17,10.12,0.7,0.02,ppr,2026-09-22 13:17,"Pre-kickoff snapshot locked 2026-09-22 (all Week 3 games 9/24-9/28, none yet played). Live data refreshed same day (Sleeper live API blocked by sandbox proxy 403, fell back to committed snapshot - see data/fallback/README). Manual weekly-out overrides applied for confirmed Week 3 absences: Jayden Daniels (WAS QB, elbow, Mariota starting), David Njoku and Charlie Kolar (both LAC TE, placed on IR after Week 2, min 4 games) - all via multi-source web confirmation (ESPN/CBS/NFL.com/Chargers.com), not yet reflected in Sleeper's live feed.",/home/user/ffcc/output/draft_rankings/draft_rankings_2026_ppr.csv
2026,3,00-0041087,Joe Royer,TE,CLE,CAR,False,1.03,1.23,-2.0,-2.0,0.23,3.53,8.07,0.73,0.04,ppr,2026-09-22 13:17,"Pre-kickoff snapshot locked 2026-09-22 (all Week 3 games 9/24-9/28, none yet played). Live data refreshed same day (Sleeper live API blocked by sandbox proxy 403, fell back to committed snapshot - see data/fallback/README). Manual weekly-out overrides applied for confirmed Week 3 absences: Jayden Daniels (WAS QB, elbow, Mariota starting), David Njoku and Charlie Kolar (both LAC TE, placed on IR after Week 2, min 4 games) - all via multi-source web confirmation (ESPN/CBS/NFL.com/Chargers.com), not yet reflected in Sleeper's live feed.",/home/user/ffcc/output/draft_rankings/draft_rankings_2026_ppr.csv
2026,3,00-0039577,Kedon Slovis,QB,GB,ATL,False,1.0,1.22,-2.0,-2.0,1.68,7.62,13.05,0.56,0.02,ppr,2026-09-22 13:17,"Pre-kickoff snapshot locked 2026-09-22 (all Week 3 games 9/24-9/28, none yet played). Live data refreshed same day (Sleeper live API blocked by sandbox proxy 403, fell back to committed snapshot - see data/fallback/README). Manual weekly-out overrides applied for confirmed Week 3 absences: Jayden Daniels (WAS QB, elbow, Mariota starting), David Njoku and Charlie Kolar (both LAC TE, placed on IR after Week 2, min 4 games) - all via multi-source web confirmation (ESPN/CBS/NFL.com/Chargers.com), not yet reflected in Sleeper's live feed.",/home/user/ffcc/output/draft_rankings/draft_rankings_2026_ppr.csv
2026,3,00-0036876,Kylen Granson,TE,TEN,NYG,False,0.85,1.21,-2.0,-2.0,0.21,3.5,8.08,0.73,0.04,ppr,2026-09-22 13:17,"Pre-kickoff snapshot locked 2026-09-22 (all Week 3 games 9/24-9/28, none yet played). Live data refreshed same day (Sleeper live API blocked by sandbox proxy 403, fell back to committed snapshot - see data/fallback/README). Manual weekly-out overrides applied for confirmed Week 3 absences: Jayden Daniels (WAS QB, elbow, Mariota starting), David Njoku and Charlie Kolar (both LAC TE, placed on IR after Week 2, min 4 games) - all via multi-source web confirmation (ESPN/CBS/NFL.com/Chargers.com), not yet reflected in Sleeper's live feed.",/home/user/ffcc/output/draft_rankings/draft_rankings_2026_ppr.csv
2026,3,00-0039631,Cam Grandy,TE,MIN,TB,False,1.19,1.19,-2.0,-2.0,0.25,3.61,8.05,0.72,0.04,ppr,2026-09-22 13:17,"Pre-kickoff snapshot locked 2026-09-22 (all Week 3 games 9/24-9/28, none yet played). Live data refreshed same day (Sleeper live API blocked by sandbox proxy 403, fell back to committed snapshot - see data/fallback/README). Manual weekly-out overrides applied for confirmed Week 3 absences: Jayden Daniels (WAS QB, elbow, Mariota starting), David Njoku and Charlie Kolar (both LAC TE, placed on IR after Week 2, min 4 games) - all via multi-source web confirmation (ESPN/CBS/NFL.com/Chargers.com), not yet reflected in Sleeper's live feed.",/home/user/ffcc/output/draft_rankings/draft_rankings_2026_ppr.csv
2026,3,00-0037487,Deven Thompkins,WR,LV,NO,False,0.9,1.16,-2.0,-2.0,-0.37,4.15,10.23,0.7,0.02,ppr,2026-09-22 13:17,"Pre-kickoff snapshot locked 2026-09-22 (all Week 3 games 9/24-9/28, none yet played). Live data refreshed same day (Sleeper live API blocked by sandbox proxy 403, fell back to committed snapshot - see data/fallback/README). Manual weekly-out overrides applied for confirmed Week 3 absences: Jayden Daniels (WAS QB, elbow, Mariota starting), David Njoku and Charlie Kolar (both LAC TE, placed on IR after Week 2, min 4 games) - all via multi-source web confirmation (ESPN/CBS/NFL.com/Chargers.com), not yet reflected in Sleeper's live feed.",/home/user/ffcc/output/draft_rankings/draft_rankings_2026_ppr.csv
2026,3,00-0032104,Ameer Abdullah,RB,JAX,NE,False,0.85,1.16,-2.0,-2.0,-0.28,4.49,10.63,0.69,0.03,ppr,2026-09-22 13:17,"Pre-kickoff snapshot locked 2026-09-22 (all Week 3 games 9/24-9/28, none yet played). Live data refreshed same day (Sleeper live API blocked by sandbox proxy 403, fell back to committed snapshot - see data/fallback/README). Manual weekly-out overrides applied for confirmed Week 3 absences: Jayden Daniels (WAS QB, elbow, Mariota starting), David Njoku and Charlie Kolar (both LAC TE, placed on IR after Week 2, min 4 games) - all via multi-source web confirmation (ESPN/CBS/NFL.com/Chargers.com), not yet reflected in Sleeper's live feed.",/home/user/ffcc/output/draft_rankings/draft_rankings_2026_ppr.csv
2026,3,00-0039325,Carson Steele,RB,PHI,CHI,False,0.96,1.16,-2.0,-2.0,-0.19,4.52,10.53,0.69,0.03,ppr,2026-09-22 13:17,"Pre-kickoff snapshot locked 2026-09-22 (all Week 3 games 9/24-9/28, none yet played). Live data refreshed same day (Sleeper live API blocked by sandbox proxy 403, fell back to committed snapshot - see data/fallback/README). Manual weekly-out overrides applied for confirmed Week 3 absences: Jayden Daniels (WAS QB, elbow, Mariota starting), David Njoku and Charlie Kolar (both LAC TE, placed on IR after Week 2, min 4 games) - all via multi-source web confirmation (ESPN/CBS/NFL.com/Chargers.com), not yet reflected in Sleeper's live feed.",/home/user/ffcc/output/draft_rankings/draft_rankings_2026_ppr.csv
2026,3,00-0038576,Charlie Jones,WR,NYG,TEN,False,1.16,1.16,-2.0,-2.0,-0.3,4.12,10.18,0.7,0.02,ppr,2026-09-22 13:17,"Pre-kickoff snapshot locked 2026-09-22 (all Week 3 games 9/24-9/28, none yet played). Live data refreshed same day (Sleeper live API blocked by sandbox proxy 403, fell back to committed snapshot - see data/fallback/README). Manual weekly-out overrides applied for confirmed Week 3 absences: Jayden Daniels (WAS QB, elbow, Mariota starting), David Njoku and Charlie Kolar (both LAC TE, placed on IR after Week 2, min 4 games) - all via multi-source web confirmation (ESPN/CBS/NFL.com/Chargers.com), not yet reflected in Sleeper's live feed.",/home/user/ffcc/output/draft_rankings/draft_rankings_2026_ppr.csv
2026,3,00-0041106,CJ Williams,WR,JAX,NE,False,0.95,1.15,-2.0,-2.0,-0.29,4.13,10.06,0.7,0.02,ppr,2026-09-22 13:17,"Pre-kickoff snapshot locked 2026-09-22 (all Week 3 games 9/24-9/28, none yet played). Live data refreshed same day (Sleeper live API blocked by sandbox proxy 403, fell back to committed snapshot - see data/fallback/README). Manual weekly-out overrides applied for confirmed Week 3 absences: Jayden Daniels (WAS QB, elbow, Mariota starting), David Njoku and Charlie Kolar (both LAC TE, placed on IR after Week 2, min 4 games) - all via multi-source web confirmation (ESPN/CBS/NFL.com/Chargers.com), not yet reflected in Sleeper's live feed.",/home/user/ffcc/output/draft_rankings/draft_rankings_2026_ppr.csv
2026,3,00-0038394,Will Mallory,TE,IND,HOU,False,0.92,1.14,-2.0,-2.0,0.07,3.38,8.03,0.74,0.04,ppr,2026-09-22 13:17,"Pre-kickoff snapshot locked 2026-09-22 (all Week 3 games 9/24-9/28, none yet played). Live data refreshed same day (Sleeper live API blocked by sandbox proxy 403, fell back to committed snapshot - see data/fallback/README). Manual weekly-out overrides applied for confirmed Week 3 absences: Jayden Daniels (WAS QB, elbow, Mariota starting), David Njoku and Charlie Kolar (both LAC TE, placed on IR after Week 2, min 4 games) - all via multi-source web confirmation (ESPN/CBS/NFL.com/Chargers.com), not yet reflected in Sleeper's live feed.",/home/user/ffcc/output/draft_rankings/draft_rankings_2026_ppr.csv
2026,3,00-0041116,Jack Endries,TE,CIN,PIT,False,1.25,1.14,-2.0,-2.0,0.22,3.69,8.18,0.72,0.04,ppr,2026-09-22 13:17,"Pre-kickoff snapshot locked 2026-09-22 (all Week 3 games 9/24-9/28, none yet played). Live data refreshed same day (Sleeper live API blocked by sandbox proxy 403, fell back to committed snapshot - see data/fallback/README). Manual weekly-out overrides applied for confirmed Week 3 absences: Jayden Daniels (WAS QB, elbow, Mariota starting), David Njoku and Charlie Kolar (both LAC TE, placed on IR after Week 2, min 4 games) - all via multi-source web confirmation (ESPN/CBS/NFL.com/Chargers.com), not yet reflected in Sleeper's live feed.",/home/user/ffcc/output/draft_rankings/draft_rankings_2026_ppr.csv
2026,3,00-0036825,Feleipe Franks,TE,CAR,CLE,False,0.91,1.13,-2.0,-2.0,0.12,3.48,7.89,0.73,0.04,ppr,2026-09-22 13:17,"Pre-kickoff snapshot locked 2026-09-22 (all Week 3 games 9/24-9/28, none yet played). Live data refreshed same day (Sleeper live API blocked by sandbox proxy 403, fell back to committed snapshot - see data/fallback/README). Manual weekly-out overrides applied for confirmed Week 3 absences: Jayden Daniels (WAS QB, elbow, Mariota starting), David Njoku and Charlie Kolar (both LAC TE, placed on IR after Week 2, min 4 games) - all via multi-source web confirmation (ESPN/CBS/NFL.com/Chargers.com), not yet reflected in Sleeper's live feed.",/home/user/ffcc/output/draft_rankings/draft_rankings_2026_ppr.csv
2026,3,00-0037078,Cole Turner,TE,MIA,KC,False,0.83,1.11,-2.0,-2.0,0.16,3.52,8.09,0.73,0.04,ppr,2026-09-22 13:17,"Pre-kickoff snapshot locked 2026-09-22 (all Week 3 games 9/24-9/28, none yet played). Live data refreshed same day (Sleeper live API blocked by sandbox proxy 403, fell back to committed snapshot - see data/fallback/README). Manual weekly-out overrides applied for confirmed Week 3 absences: Jayden Daniels (WAS QB, elbow, Mariota starting), David Njoku and Charlie Kolar (both LAC TE, placed on IR after Week 2, min 4 games) - all via multi-source web confirmation (ESPN/CBS/NFL.com/Chargers.com), not yet reflected in Sleeper's live feed.",/home/user/ffcc/output/draft_rankings/draft_rankings_2026_ppr.csv
2026,3,00-0034419,Braxton Berrios,WR,NYG,TEN,False,1.16,1.09,-2.0,-2.0,-0.43,3.91,9.97,0.71,0.02,ppr,2026-09-22 13:17,"Pre-kickoff snapshot locked 2026-09-22 (all Week 3 games 9/24-9/28, none yet played). Live data refreshed same day (Sleeper live API blocked by sandbox proxy 403, fell back to committed snapshot - see data/fallback/README). Manual weekly-out overrides applied for confirmed Week 3 absences: Jayden Daniels (WAS QB, elbow, Mariota starting), David Njoku and Charlie Kolar (both LAC TE, placed on IR after Week 2, min 4 games) - all via multi-source web confirmation (ESPN/CBS/NFL.com/Chargers.com), not yet reflected in Sleeper's live feed.",/home/user/ffcc/output/draft_rankings/draft_rankings_2026_ppr.csv
2026,3,00-0037282,James Mitchell,TE,DAL,BAL,False,0.82,1.08,-2.0,-2.0,0.14,3.49,7.93,0.73,0.04,ppr,2026-09-22 13:17,"Pre-kickoff snapshot locked 2026-09-22 (all Week 3 games 9/24-9/28, none yet played). Live data refreshed same day (Sleeper live API blocked by sandbox proxy 403, fell back to committed snapshot - see data/fallback/README). Manual weekly-out overrides applied for confirmed Week 3 absences: Jayden Daniels (WAS QB, elbow, Mariota starting), David Njoku and Charlie Kolar (both LAC TE, placed on IR after Week 2, min 4 games) - all via multi-source web confirmation (ESPN/CBS/NFL.com/Chargers.com), not yet reflected in Sleeper's live feed.",/home/user/ffcc/output/draft_rankings/draft_rankings_2026_ppr.csv
2026,3,00-0037475,Stone Smartt,TE,NO,LV,False,0.76,1.07,-2.0,-2.0,0.1,3.53,8.16,0.73,0.04,ppr,2026-09-22 13:17,"Pre-kickoff snapshot locked 2026-09-22 (all Week 3 games 9/24-9/28, none yet played). Live data refreshed same day (Sleeper live API blocked by sandbox proxy 403, fell back to committed snapshot - see data/fallback/README). Manual weekly-out overrides applied for confirmed Week 3 absences: Jayden Daniels (WAS QB, elbow, Mariota starting), David Njoku and Charlie Kolar (both LAC TE, placed on IR after Week 2, min 4 games) - all via multi-source web confirmation (ESPN/CBS/NFL.com/Chargers.com), not yet reflected in Sleeper's live feed.",/home/user/ffcc/output/draft_rankings/draft_rankings_2026_ppr.csv
2026,3,00-0037340,Zaire Mitchell-Paden,TE,HOU,IND,False,1.15,1.02,-2.0,-2.0,0.08,3.45,8.17,0.73,0.04,ppr,2026-09-22 13:17,"Pre-kickoff snapshot locked 2026-09-22 (all Week 3 games 9/24-9/28, none yet played). Live data refreshed same day (Sleeper live API blocked by sandbox proxy 403, fell back to committed snapshot - see data/fallback/README). Manual weekly-out overrides applied for confirmed Week 3 absences: Jayden Daniels (WAS QB, elbow, Mariota starting), David Njoku and Charlie Kolar (both LAC TE, placed on IR after Week 2, min 4 games) - all via multi-source web confirmation (ESPN/CBS/NFL.com/Chargers.com), not yet reflected in Sleeper's live feed.",/home/user/ffcc/output/draft_rankings/draft_rankings_2026_ppr.csv
2026,3,00-0040432,Beaux Collins,WR,ATL,GB,False,1.02,1.0,-2.0,-2.0,-0.34,4.2,10.13,0.7,0.02,ppr,2026-09-22 13:17,"Pre-kickoff snapshot locked 2026-09-22 (all Week 3 games 9/24-9/28, none yet played). Live data refreshed same day (Sleeper live API blocked by sandbox proxy 403, fell back to committed snapshot - see data/fallback/README). Manual weekly-out overrides applied for confirmed Week 3 absences: Jayden Daniels (WAS QB, elbow, Mariota starting), David Njoku and Charlie Kolar (both LAC TE, placed on IR after Week 2, min 4 games) - all via multi-source web confirmation (ESPN/CBS/NFL.com/Chargers.com), not yet reflected in Sleeper's live feed.",/home/user/ffcc/output/draft_rankings/draft_rankings_2026_ppr.csv
2026,3,00-0041579,Seydou Traore,TE,MIA,KC,False,0.83,0.99,-2.0,-2.0,-0.01,3.43,8.11,0.74,0.04,ppr,2026-09-22 13:17,"Pre-kickoff snapshot locked 2026-09-22 (all Week 3 games 9/24-9/28, none yet played). Live data refreshed same day (Sleeper live API blocked by sandbox proxy 403, fell back to committed snapshot - see data/fallback/README). Manual weekly-out overrides applied for confirmed Week 3 absences: Jayden Daniels (WAS QB, elbow, Mariota starting), David Njoku and Charlie Kolar (both LAC TE, placed on IR after Week 2, min 4 games) - all via multi-source web confirmation (ESPN/CBS/NFL.com/Chargers.com), not yet reflected in Sleeper's live feed.",/home/user/ffcc/output/draft_rankings/draft_rankings_2026_ppr.csv
2026,3,00-0041132,Deion Burks,WR,IND,HOU,False,0.84,0.99,-2.0,-2.0,-0.5,3.87,9.88,0.71,0.02,ppr,2026-09-22 13:17,"Pre-kickoff snapshot locked 2026-09-22 (all Week 3 games 9/24-9/28, none yet played). Live data refreshed same day (Sleeper live API blocked by sandbox proxy 403, fell back to committed snapshot - see data/fallback/README). Manual weekly-out overrides applied for confirmed Week 3 absences: Jayden Daniels (WAS QB, elbow, Mariota starting), David Njoku and Charlie Kolar (both LAC TE, placed on IR after Week 2, min 4 games) - all via multi-source web confirmation (ESPN/CBS/NFL.com/Chargers.com), not yet reflected in Sleeper's live feed.",/home/user/ffcc/output/draft_rankings/draft_rankings_2026_ppr.csv
2026,3,00-0039394,Casey Washington,WR,CAR,CLE,False,0.87,0.97,-2.0,-2.0,-0.54,3.92,9.9,0.71,0.02,ppr,2026-09-22 13:17,"Pre-kickoff snapshot locked 2026-09-22 (all Week 3 games 9/24-9/28, none yet played). Live data refreshed same day (Sleeper live API blocked by sandbox proxy 403, fell back to committed snapshot - see data/fallback/README). Manual weekly-out overrides applied for confirmed Week 3 absences: Jayden Daniels (WAS QB, elbow, Mariota starting), David Njoku and Charlie Kolar (both LAC TE, placed on IR after Week 2, min 4 games) - all via multi-source web confirmation (ESPN/CBS/NFL.com/Chargers.com), not yet reflected in Sleeper's live feed.",/home/user/ffcc/output/draft_rankings/draft_rankings_2026_ppr.csv
2026,3,00-0041094,Bauer Sharp,TE,TB,MIN,False,0.8,0.97,-2.0,-2.0,0.01,3.37,8.01,0.74,0.04,ppr,2026-09-22 13:17,"Pre-kickoff snapshot locked 2026-09-22 (all Week 3 games 9/24-9/28, none yet played). Live data refreshed same day (Sleeper live API blocked by sandbox proxy 403, fell back to committed snapshot - see data/fallback/README). Manual weekly-out overrides applied for confirmed Week 3 absences: Jayden Daniels (WAS QB, elbow, Mariota starting), David Njoku and Charlie Kolar (both LAC TE, placed on IR after Week 2, min 4 games) - all via multi-source web confirmation (ESPN/CBS/NFL.com/Chargers.com), not yet reflected in Sleeper's live feed.",/home/user/ffcc/output/draft_rankings/draft_rankings_2026_ppr.csv
2026,3,00-0036425,DeeJay Dallas,RB,MIN,TB,False,1.0,0.94,-2.0,-2.0,-0.56,4.28,10.43,0.7,0.03,ppr,2026-09-22 13:17,"Pre-kickoff snapshot locked 2026-09-22 (all Week 3 games 9/24-9/28, none yet played). Live data refreshed same day (Sleeper live API blocked by sandbox proxy 403, fell back to committed snapshot - see data/fallback/README). Manual weekly-out overrides applied for confirmed Week 3 absences: Jayden Daniels (WAS QB, elbow, Mariota starting), David Njoku and Charlie Kolar (both LAC TE, placed on IR after Week 2, min 4 games) - all via multi-source web confirmation (ESPN/CBS/NFL.com/Chargers.com), not yet reflected in Sleeper's live feed.",/home/user/ffcc/output/draft_rankings/draft_rankings_2026_ppr.csv
2026,3,00-0038590,Justin Shorter,TE,LV,NO,False,0.94,0.94,-2.0,-2.0,0.0,3.36,7.88,0.74,0.04,ppr,2026-09-22 13:17,"Pre-kickoff snapshot locked 2026-09-22 (all Week 3 games 9/24-9/28, none yet played). Live data refreshed same day (Sleeper live API blocked by sandbox proxy 403, fell back to committed snapshot - see data/fallback/README). Manual weekly-out overrides applied for confirmed Week 3 absences: Jayden Daniels (WAS QB, elbow, Mariota starting), David Njoku and Charlie Kolar (both LAC TE, placed on IR after Week 2, min 4 games) - all via multi-source web confirmation (ESPN/CBS/NFL.com/Chargers.com), not yet reflected in Sleeper's live feed.",/home/user/ffcc/output/draft_rankings/draft_rankings_2026_ppr.csv
2026,3,00-0040628,Drake Dabney,TE,GB,ATL,False,0.77,0.92,-2.0,-2.0,-0.06,3.23,7.83,0.74,0.04,ppr,2026-09-22 13:17,"Pre-kickoff snapshot locked 2026-09-22 (all Week 3 games 9/24-9/28, none yet played). Live data refreshed same day (Sleeper live API blocked by sandbox proxy 403, fell back to committed snapshot - see data/fallback/README). Manual weekly-out overrides applied for confirmed Week 3 absences: Jayden Daniels (WAS QB, elbow, Mariota starting), David Njoku and Charlie Kolar (both LAC TE, placed on IR after Week 2, min 4 games) - all via multi-source web confirmation (ESPN/CBS/NFL.com/Chargers.com), not yet reflected in Sleeper's live feed.",/home/user/ffcc/output/draft_rankings/draft_rankings_2026_ppr.csv
2026,3,00-0033376,Patrick Ricard,RB,NYG,TEN,False,0.97,0.92,-2.0,-2.0,-0.56,4.18,10.27,0.71,0.03,ppr,2026-09-22 13:17,"Pre-kickoff snapshot locked 2026-09-22 (all Week 3 games 9/24-9/28, none yet played). Live data refreshed same day (Sleeper live API blocked by sandbox proxy 403, fell back to committed snapshot - see data/fallback/README). Manual weekly-out overrides applied for confirmed Week 3 absences: Jayden Daniels (WAS QB, elbow, Mariota starting), David Njoku and Charlie Kolar (both LAC TE, placed on IR after Week 2, min 4 games) - all via multi-source web confirmation (ESPN/CBS/NFL.com/Chargers.com), not yet reflected in Sleeper's live feed.",/home/user/ffcc/output/draft_rankings/draft_rankings_2026_ppr.csv
2026,3,00-0032951,Laquon Treadwell,WR,IND,HOU,False,0.84,0.89,-2.0,-2.0,-0.66,3.69,9.52,0.72,0.02,ppr,2026-09-22 13:17,"Pre-kickoff snapshot locked 2026-09-22 (all Week 3 games 9/24-9/28, none yet played). Live data refreshed same day (Sleeper live API blocked by sandbox proxy 403, fell back to committed snapshot - see data/fallback/README). Manual weekly-out overrides applied for confirmed Week 3 absences: Jayden Daniels (WAS QB, elbow, Mariota starting), David Njoku and Charlie Kolar (both LAC TE, placed on IR after Week 2, min 4 games) - all via multi-source web confirmation (ESPN/CBS/NFL.com/Chargers.com), not yet reflected in Sleeper's live feed.",/home/user/ffcc/output/draft_rankings/draft_rankings_2026_ppr.csv
2026,3,00-0040058,Nick Kallerup,TE,SEA,WAS,False,1.19,0.79,-2.0,-2.0,-0.13,3.24,7.91,0.74,0.04,ppr,2026-09-22 13:17,"Pre-kickoff snapshot locked 2026-09-22 (all Week 3 games 9/24-9/28, none yet played). Live data refreshed same day (Sleeper live API blocked by sandbox proxy 403, fell back to committed snapshot - see data/fallback/README). Manual weekly-out overrides applied for confirmed Week 3 absences: Jayden Daniels (WAS QB, elbow, Mariota starting), David Njoku and Charlie Kolar (both LAC TE, placed on IR after Week 2, min 4 games) - all via multi-source web confirmation (ESPN/CBS/NFL.com/Chargers.com), not yet reflected in Sleeper's live feed.",/home/user/ffcc/output/draft_rankings/draft_rankings_2026_ppr.csv
2026,3,00-0037311,Ko Kieft,TE,TB,MIN,False,0.8,0.77,-2.0,-2.0,-0.2,3.07,7.65,0.75,0.03,ppr,2026-09-22 13:17,"Pre-kickoff snapshot locked 2026-09-22 (all Week 3 games 9/24-9/28, none yet played). Live data refreshed same day (Sleeper live API blocked by sandbox proxy 403, fell back to committed snapshot - see data/fallback/README). Manual weekly-out overrides applied for confirmed Week 3 absences: Jayden Daniels (WAS QB, elbow, Mariota starting), David Njoku and Charlie Kolar (both LAC TE, placed on IR after Week 2, min 4 games) - all via multi-source web confirmation (ESPN/CBS/NFL.com/Chargers.com), not yet reflected in Sleeper's live feed.",/home/user/ffcc/output/draft_rankings/draft_rankings_2026_ppr.csv
2026,3,00-0036332,Josiah Deguara,TE,PHI,CHI,False,0.98,0.75,-2.0,-2.0,-0.25,3.17,7.68,0.74,0.03,ppr,2026-09-22 13:17,"Pre-kickoff snapshot locked 2026-09-22 (all Week 3 games 9/24-9/28, none yet played). Live data refreshed same day (Sleeper live API blocked by sandbox proxy 403, fell back to committed snapshot - see data/fallback/README). Manual weekly-out overrides applied for confirmed Week 3 absences: Jayden Daniels (WAS QB, elbow, Mariota starting), David Njoku and Charlie Kolar (both LAC TE, placed on IR after Week 2, min 4 games) - all via multi-source web confirmation (ESPN/CBS/NFL.com/Chargers.com), not yet reflected in Sleeper's live feed.",/home/user/ffcc/output/draft_rankings/draft_rankings_2026_ppr.csv
2026,3,00-0032394,Nick Vannett,TE,BAL,DAL,False,0.93,0.74,-2.0,-2.0,-0.24,3.22,7.76,0.74,0.04,ppr,2026-09-22 13:17,"Pre-kickoff snapshot locked 2026-09-22 (all Week 3 games 9/24-9/28, none yet played). Live data refreshed same day (Sleeper live API blocked by sandbox proxy 403, fell back to committed snapshot - see data/fallback/README). Manual weekly-out overrides applied for confirmed Week 3 absences: Jayden Daniels (WAS QB, elbow, Mariota starting), David Njoku and Charlie Kolar (both LAC TE, placed on IR after Week 2, min 4 games) - all via multi-source web confirmation (ESPN/CBS/NFL.com/Chargers.com), not yet reflected in Sleeper's live feed.",/home/user/ffcc/output/draft_rankings/draft_rankings_2026_ppr.csv
2026,3,00-0040488,Carter Runyon,TE,LV,NO,False,0.94,0.73,-2.0,-2.0,-0.22,3.29,7.78,0.74,0.04,ppr,2026-09-22 13:17,"Pre-kickoff snapshot locked 2026-09-22 (all Week 3 games 9/24-9/28, none yet played). Live data refreshed same day (Sleeper live API blocked by sandbox proxy 403, fell back to committed snapshot - see data/fallback/README). Manual weekly-out overrides applied for confirmed Week 3 absences: Jayden Daniels (WAS QB, elbow, Mariota starting), David Njoku and Charlie Kolar (both LAC TE, placed on IR after Week 2, min 4 games) - all via multi-source web confirmation (ESPN/CBS/NFL.com/Chargers.com), not yet reflected in Sleeper's live feed.",/home/user/ffcc/output/draft_rankings/draft_rankings_2026_ppr.csv
2026,3,00-0038496,Xavier Gipson,WR,PHI,CHI,False,1.18,0.73,-2.0,-2.0,-0.74,3.68,9.69,0.72,0.02,ppr,2026-09-22 13:17,"Pre-kickoff snapshot locked 2026-09-22 (all Week 3 games 9/24-9/28, none yet played). Live data refreshed same day (Sleeper live API blocked by sandbox proxy 403, fell back to committed snapshot - see data/fallback/README). Manual weekly-out overrides applied for confirmed Week 3 absences: Jayden Daniels (WAS QB, elbow, Mariota starting), David Njoku and Charlie Kolar (both LAC TE, placed on IR after Week 2, min 4 games) - all via multi-source web confirmation (ESPN/CBS/NFL.com/Chargers.com), not yet reflected in Sleeper's live feed.",/home/user/ffcc/output/draft_rankings/draft_rankings_2026_ppr.csv
2026,3,00-0040259,Gage Larvadain,WR,BAL,DAL,False,1.28,0.7,-2.0,-2.0,-0.81,3.63,9.36,0.72,0.02,ppr,2026-09-22 13:17,"Pre-kickoff snapshot locked 2026-09-22 (all Week 3 games 9/24-9/28, none yet played). Live data refreshed same day (Sleeper live API blocked by sandbox proxy 403, fell back to committed snapshot - see data/fallback/README). Manual weekly-out overrides applied for confirmed Week 3 absences: Jayden Daniels (WAS QB, elbow, Mariota starting), David Njoku and Charlie Kolar (both LAC TE, placed on IR after Week 2, min 4 games) - all via multi-source web confirmation (ESPN/CBS/NFL.com/Chargers.com), not yet reflected in Sleeper's live feed.",/home/user/ffcc/output/draft_rankings/draft_rankings_2026_ppr.csv
2026,3,00-0040215,Gavin Bartholomew,TE,MIN,TB,False,1.19,0.7,-2.0,-2.0,-0.26,3.02,7.61,0.75,0.04,ppr,2026-09-22 13:17,"Pre-kickoff snapshot locked 2026-09-22 (all Week 3 games 9/24-9/28, none yet played). Live data refreshed same day (Sleeper live API blocked by sandbox proxy 403, fell back to committed snapshot - see data/fallback/README). Manual weekly-out overrides applied for confirmed Week 3 absences: Jayden Daniels (WAS QB, elbow, Mariota starting), David Njoku and Charlie Kolar (both LAC TE, placed on IR after Week 2, min 4 games) - all via multi-source web confirmation (ESPN/CBS/NFL.com/Chargers.com), not yet reflected in Sleeper's live feed.",/home/user/ffcc/output/draft_rankings/draft_rankings_2026_ppr.csv
2026,3,00-0039710,Jeshaun Jones,WR,MIN,TB,False,1.02,0.65,-2.0,-2.0,-0.88,3.58,9.57,0.73,0.02,ppr,2026-09-22 13:17,"Pre-kickoff snapshot locked 2026-09-22 (all Week 3 games 9/24-9/28, none yet played). Live data refreshed same day (Sleeper live API blocked by sandbox proxy 403, fell back to committed snapshot - see data/fallback/README). Manual weekly-out overrides applied for confirmed Week 3 absences: Jayden Daniels (WAS QB, elbow, Mariota starting), David Njoku and Charlie Kolar (both LAC TE, placed on IR after Week 2, min 4 games) - all via multi-source web confirmation (ESPN/CBS/NFL.com/Chargers.com), not yet reflected in Sleeper's live feed.",/home/user/ffcc/output/draft_rankings/draft_rankings_2026_ppr.csv
2026,3,00-0031484,Chris Manhertz,TE,NYG,TEN,False,1.06,0.65,-2.0,-2.0,-0.29,3.08,7.77,0.75,0.04,ppr,2026-09-22 13:17,"Pre-kickoff snapshot locked 2026-09-22 (all Week 3 games 9/24-9/28, none yet played). Live data refreshed same day (Sleeper live API blocked by sandbox proxy 403, fell back to committed snapshot - see data/fallback/README). Manual weekly-out overrides applied for confirmed Week 3 absences: Jayden Daniels (WAS QB, elbow, Mariota starting), David Njoku and Charlie Kolar (both LAC TE, placed on IR after Week 2, min 4 games) - all via multi-source web confirmation (ESPN/CBS/NFL.com/Chargers.com), not yet reflected in Sleeper's live feed.",/home/user/ffcc/output/draft_rankings/draft_rankings_2026_ppr.csv
2026,3,00-0034854,KhaDarel Hodge,WR,SF,ARI,False,0.98,0.65,-2.0,-2.0,-0.94,3.56,9.28,0.73,0.02,ppr,2026-09-22 13:17,"Pre-kickoff snapshot locked 2026-09-22 (all Week 3 games 9/24-9/28, none yet played). Live data refreshed same day (Sleeper live API blocked by sandbox proxy 403, fell back to committed snapshot - see data/fallback/README). Manual weekly-out overrides applied for confirmed Week 3 absences: Jayden Daniels (WAS QB, elbow, Mariota starting), David Njoku and Charlie Kolar (both LAC TE, placed on IR after Week 2, min 4 games) - all via multi-source web confirmation (ESPN/CBS/NFL.com/Chargers.com), not yet reflected in Sleeper's live feed.",/home/user/ffcc/output/draft_rankings/draft_rankings_2026_ppr.csv
2026,3,00-0037617,Hassan Haskins,RB,NE,JAX,False,0.83,0.61,-2.0,-2.0,-0.92,4.01,10.31,0.71,0.03,ppr,2026-09-22 13:17,"Pre-kickoff snapshot locked 2026-09-22 (all Week 3 games 9/24-9/28, none yet played). Live data refreshed same day (Sleeper live API blocked by sandbox proxy 403, fell back to committed snapshot - see data/fallback/README). Manual weekly-out overrides applied for confirmed Week 3 absences: Jayden Daniels (WAS QB, elbow, Mariota starting), David Njoku and Charlie Kolar (both LAC TE, placed on IR after Week 2, min 4 games) - all via multi-source web confirmation (ESPN/CBS/NFL.com/Chargers.com), not yet reflected in Sleeper's live feed.",/home/user/ffcc/output/draft_rankings/draft_rankings_2026_ppr.csv
2026,3,00-0040225,Thomas Fidone II,TE,NYG,TEN,False,1.06,0.57,-2.0,-2.0,-0.4,3.08,7.76,0.75,0.04,ppr,2026-09-22 13:17,"Pre-kickoff snapshot locked 2026-09-22 (all Week 3 games 9/24-9/28, none yet played). Live data refreshed same day (Sleeper live API blocked by sandbox proxy 403, fell back to committed snapshot - see data/fallback/README). Manual weekly-out overrides applied for confirmed Week 3 absences: Jayden Daniels (WAS QB, elbow, Mariota starting), David Njoku and Charlie Kolar (both LAC TE, placed on IR after Week 2, min 4 games) - all via multi-source web confirmation (ESPN/CBS/NFL.com/Chargers.com), not yet reflected in Sleeper's live feed.",/home/user/ffcc/output/draft_rankings/draft_rankings_2026_ppr.csv
2026,3,00-0034487,Trent Sherfield,WR,BUF,LAC,False,0.89,0.52,-2.0,-2.0,-0.99,3.44,9.35,0.73,0.02,ppr,2026-09-22 13:17,"Pre-kickoff snapshot locked 2026-09-22 (all Week 3 games 9/24-9/28, none yet played). Live data refreshed same day (Sleeper live API blocked by sandbox proxy 403, fell back to committed snapshot - see data/fallback/README). Manual weekly-out overrides applied for confirmed Week 3 absences: Jayden Daniels (WAS QB, elbow, Mariota starting), David Njoku and Charlie Kolar (both LAC TE, placed on IR after Week 2, min 4 games) - all via multi-source web confirmation (ESPN/CBS/NFL.com/Chargers.com), not yet reflected in Sleeper's live feed.",/home/user/ffcc/output/draft_rankings/draft_rankings_2026_ppr.csv
2026,3,00-0040431,Dalen Cambre,WR,NYG,TEN,False,1.16,0.51,-2.0,-2.0,-1.01,3.48,9.38,0.73,0.02,ppr,2026-09-22 13:17,"Pre-kickoff snapshot locked 2026-09-22 (all Week 3 games 9/24-9/28, none yet played). Live data refreshed same day (Sleeper live API blocked by sandbox proxy 403, fell back to committed snapshot - see data/fallback/README). Manual weekly-out overrides applied for confirmed Week 3 absences: Jayden Daniels (WAS QB, elbow, Mariota starting), David Njoku and Charlie Kolar (both LAC TE, placed on IR after Week 2, min 4 games) - all via multi-source web confirmation (ESPN/CBS/NFL.com/Chargers.com), not yet reflected in Sleeper's live feed.",/home/user/ffcc/output/draft_rankings/draft_rankings_2026_ppr.csv
2026,3,00-0040241,Dominic Lovett,WR,DET,NYJ,False,0.99,0.46,-2.0,-2.0,-1.07,3.45,9.49,0.73,0.02,ppr,2026-09-22 13:17,"Pre-kickoff snapshot locked 2026-09-22 (all Week 3 games 9/24-9/28, none yet played). Live data refreshed same day (Sleeper live API blocked by sandbox proxy 403, fell back to committed snapshot - see data/fallback/README). Manual weekly-out overrides applied for confirmed Week 3 absences: Jayden Daniels (WAS QB, elbow, Mariota starting), David Njoku and Charlie Kolar (both LAC TE, placed on IR after Week 2, min 4 games) - all via multi-source web confirmation (ESPN/CBS/NFL.com/Chargers.com), not yet reflected in Sleeper's live feed.",/home/user/ffcc/output/draft_rankings/draft_rankings_2026_ppr.csv
2026,3,00-0038564,Cameron Latu,TE,NE,JAX,False,1.11,0.46,-2.0,-2.0,-0.51,2.88,7.45,0.75,0.03,ppr,2026-09-22 13:17,"Pre-kickoff snapshot locked 2026-09-22 (all Week 3 games 9/24-9/28, none yet played). Live data refreshed same day (Sleeper live API blocked by sandbox proxy 403, fell back to committed snapshot - see data/fallback/README). Manual weekly-out overrides applied for confirmed Week 3 absences: Jayden Daniels (WAS QB, elbow, Mariota starting), David Njoku and Charlie Kolar (both LAC TE, placed on IR after Week 2, min 4 games) - all via multi-source web confirmation (ESPN/CBS/NFL.com/Chargers.com), not yet reflected in Sleeper's live feed.",/home/user/ffcc/output/draft_rankings/draft_rankings_2026_ppr.csv
2026,3,00-0033439,Pharaoh Brown,TE,IND,HOU,False,0.92,0.44,-2.0,-2.0,-0.55,2.65,7.25,0.76,0.03,ppr,2026-09-22 13:17,"Pre-kickoff snapshot locked 2026-09-22 (all Week 3 games 9/24-9/28, none yet played). Live data refreshed same day (Sleeper live API blocked by sandbox proxy 403, fell back to committed snapshot - see data/fallback/README). Manual weekly-out overrides applied for confirmed Week 3 absences: Jayden Daniels (WAS QB, elbow, Mariota starting), David Njoku and Charlie Kolar (both LAC TE, placed on IR after Week 2, min 4 games) - all via multi-source web confirmation (ESPN/CBS/NFL.com/Chargers.com), not yet reflected in Sleeper's live feed.",/home/user/ffcc/output/draft_rankings/draft_rankings_2026_ppr.csv
2026,3,00-0035602,Alex Bachman,WR,LA,DEN,False,0.88,0.41,-2.0,-2.0,-1.07,3.48,9.43,0.73,0.02,ppr,2026-09-22 13:17,"Pre-kickoff snapshot locked 2026-09-22 (all Week 3 games 9/24-9/28, none yet played). Live data refreshed same day (Sleeper live API blocked by sandbox proxy 403, fell back to committed snapshot - see data/fallback/README). Manual weekly-out overrides applied for confirmed Week 3 absences: Jayden Daniels (WAS QB, elbow, Mariota starting), David Njoku and Charlie Kolar (both LAC TE, placed on IR after Week 2, min 4 games) - all via multi-source web confirmation (ESPN/CBS/NFL.com/Chargers.com), not yet reflected in Sleeper's live feed.",/home/user/ffcc/output/draft_rankings/draft_rankings_2026_ppr.csv
2026,3,00-0037031,Nikola Kalinic,TE,CHI,PHI,False,0.63,0.4,-2.0,-2.0,-0.56,2.59,7.3,0.77,0.03,ppr,2026-09-22 13:17,"Pre-kickoff snapshot locked 2026-09-22 (all Week 3 games 9/24-9/28, none yet played). Live data refreshed same day (Sleeper live API blocked by sandbox proxy 403, fell back to committed snapshot - see data/fallback/README). Manual weekly-out overrides applied for confirmed Week 3 absences: Jayden Daniels (WAS QB, elbow, Mariota starting), David Njoku and Charlie Kolar (both LAC TE, placed on IR after Week 2, min 4 games) - all via multi-source web confirmation (ESPN/CBS/NFL.com/Chargers.com), not yet reflected in Sleeper's live feed.",/home/user/ffcc/output/draft_rankings/draft_rankings_2026_ppr.csv
2026,3,00-0038396,Eric Gray,RB,CLE,CAR,False,1.1,0.38,-2.0,-2.0,-0.93,3.85,10.36,0.72,0.03,ppr,2026-09-22 13:17,"Pre-kickoff snapshot locked 2026-09-22 (all Week 3 games 9/24-9/28, none yet played). Live data refreshed same day (Sleeper live API blocked by sandbox proxy 403, fell back to committed snapshot - see data/fallback/README). Manual weekly-out overrides applied for confirmed Week 3 absences: Jayden Daniels (WAS QB, elbow, Mariota starting), David Njoku and Charlie Kolar (both LAC TE, placed on IR after Week 2, min 4 games) - all via multi-source web confirmation (ESPN/CBS/NFL.com/Chargers.com), not yet reflected in Sleeper's live feed.",/home/user/ffcc/output/draft_rankings/draft_rankings_2026_ppr.csv
2026,3,00-0041131,Carsen Ryan,TE,CLE,CAR,False,1.03,0.38,-2.0,-2.0,-0.68,2.51,7.22,0.77,0.03,ppr,2026-09-22 13:17,"Pre-kickoff snapshot locked 2026-09-22 (all Week 3 games 9/24-9/28, none yet played). Live data refreshed same day (Sleeper live API blocked by sandbox proxy 403, fell back to committed snapshot - see data/fallback/README). Manual weekly-out overrides applied for confirmed Week 3 absences: Jayden Daniels (WAS QB, elbow, Mariota starting), David Njoku and Charlie Kolar (both LAC TE, placed on IR after Week 2, min 4 games) - all via multi-source web confirmation (ESPN/CBS/NFL.com/Chargers.com), not yet reflected in Sleeper's live feed.",/home/user/ffcc/output/draft_rankings/draft_rankings_2026_ppr.csv
2026,3,00-0040240,Caleb Lohner,TE,DEN,LA,False,0.99,0.3,-2.0,-2.0,-0.67,2.71,7.27,0.76,0.03,ppr,2026-09-22 13:17,"Pre-kickoff snapshot locked 2026-09-22 (all Week 3 games 9/24-9/28, none yet played). Live data refreshed same day (Sleeper live API blocked by sandbox proxy 403, fell back to committed snapshot - see data/fallback/README). Manual weekly-out overrides applied for confirmed Week 3 absences: Jayden Daniels (WAS QB, elbow, Mariota starting), David Njoku and Charlie Kolar (both LAC TE, placed on IR after Week 2, min 4 games) - all via multi-source web confirmation (ESPN/CBS/NFL.com/Chargers.com), not yet reflected in Sleeper's live feed.",/home/user/ffcc/output/draft_rankings/draft_rankings_2026_ppr.csv
2026,3,00-0039305,Jack Westover,TE,WAS,SEA,False,1.1,0.26,-2.0,-2.0,-0.78,2.45,7.24,0.77,0.03,ppr,2026-09-22 13:17,"Pre-kickoff snapshot locked 2026-09-22 (all Week 3 games 9/24-9/28, none yet played). Live data refreshed same day (Sleeper live API blocked by sandbox proxy 403, fell back to committed snapshot - see data/fallback/README). Manual weekly-out overrides applied for confirmed Week 3 absences: Jayden Daniels (WAS QB, elbow, Mariota starting), David Njoku and Charlie Kolar (both LAC TE, placed on IR after Week 2, min 4 games) - all via multi-source web confirmation (ESPN/CBS/NFL.com/Chargers.com), not yet reflected in Sleeper's live feed.",/home/user/ffcc/output/draft_rankings/draft_rankings_2026_ppr.csv
2026,3,00-0035594,Travis Homer,RB,PIT,CIN,False,1.29,0.26,-2.0,-2.0,-1.11,3.74,9.89,0.72,0.02,ppr,2026-09-22 13:17,"Pre-kickoff snapshot locked 2026-09-22 (all Week 3 games 9/24-9/28, none yet played). Live data refreshed same day (Sleeper live API blocked by sandbox proxy 403, fell back to committed snapshot - see data/fallback/README). Manual weekly-out overrides applied for confirmed Week 3 absences: Jayden Daniels (WAS QB, elbow, Mariota starting), David Njoku and Charlie Kolar (both LAC TE, placed on IR after Week 2, min 4 games) - all via multi-source web confirmation (ESPN/CBS/NFL.com/Chargers.com), not yet reflected in Sleeper's live feed.",/home/user/ffcc/output/draft_rankings/draft_rankings_2026_ppr.csv
2026,3,00-0033757,Robert Tonyan,TE,PIT,CIN,False,1.57,0.24,-2.0,-2.0,-0.68,2.6,7.25,0.77,0.03,ppr,2026-09-22 13:17,"Pre-kickoff snapshot locked 2026-09-22 (all Week 3 games 9/24-9/28, none yet played). Live data refreshed same day (Sleeper live API blocked by sandbox proxy 403, fell back to committed snapshot - see data/fallback/README). Manual weekly-out overrides applied for confirmed Week 3 absences: Jayden Daniels (WAS QB, elbow, Mariota starting), David Njoku and Charlie Kolar (both LAC TE, placed on IR after Week 2, min 4 games) - all via multi-source web confirmation (ESPN/CBS/NFL.com/Chargers.com), not yet reflected in Sleeper's live feed.",/home/user/ffcc/output/draft_rankings/draft_rankings_2026_ppr.csv
2026,3,00-0035567,Craig Reynolds,RB,WAS,SEA,False,0.84,0.2,-2.0,-2.0,-1.22,3.59,9.61,0.73,0.02,ppr,2026-09-22 13:17,"Pre-kickoff snapshot locked 2026-09-22 (all Week 3 games 9/24-9/28, none yet played). Live data refreshed same day (Sleeper live API blocked by sandbox proxy 403, fell back to committed snapshot - see data/fallback/README). Manual weekly-out overrides applied for confirmed Week 3 absences: Jayden Daniels (WAS QB, elbow, Mariota starting), David Njoku and Charlie Kolar (both LAC TE, placed on IR after Week 2, min 4 games) - all via multi-source web confirmation (ESPN/CBS/NFL.com/Chargers.com), not yet reflected in Sleeper's live feed.",/home/user/ffcc/output/draft_rankings/draft_rankings_2026_ppr.csv
2026,3,00-0040901,Jaren Kanak,TE,TEN,NYG,False,0.85,0.12,-2.0,-2.0,-0.84,2.44,7.0,0.77,0.03,ppr,2026-09-22 13:17,"Pre-kickoff snapshot locked 2026-09-22 (all Week 3 games 9/24-9/28, none yet played). Live data refreshed same day (Sleeper live API blocked by sandbox proxy 403, fell back to committed snapshot - see data/fallback/README). Manual weekly-out overrides applied for confirmed Week 3 absences: Jayden Daniels (WAS QB, elbow, Mariota starting), David Njoku and Charlie Kolar (both LAC TE, placed on IR after Week 2, min 4 games) - all via multi-source web confirmation (ESPN/CBS/NFL.com/Chargers.com), not yet reflected in Sleeper's live feed.",/home/user/ffcc/output/draft_rankings/draft_rankings_2026_ppr.csv
2026,3,00-0041133,Dallen Bentley,TE,DEN,LA,False,0.99,0.02,-2.0,-2.0,-0.95,2.53,7.03,0.77,0.03,ppr,2026-09-22 13:17,"Pre-kickoff snapshot locked 2026-09-22 (all Week 3 games 9/24-9/28, none yet played). Live data refreshed same day (Sleeper live API blocked by sandbox proxy 403, fell back to committed snapshot - see data/fallback/README). Manual weekly-out overrides applied for confirmed Week 3 absences: Jayden Daniels (WAS QB, elbow, Mariota starting), David Njoku and Charlie Kolar (both LAC TE, placed on IR after Week 2, min 4 games) - all via multi-source web confirmation (ESPN/CBS/NFL.com/Chargers.com), not yet reflected in Sleeper's live feed.",/home/user/ffcc/output/draft_rankings/draft_rankings_2026_ppr.csv
2026,3,00-0031345,Jimmy Garoppolo,QB,,,True,1.0,0.0,0.0,0.0,0.0,0.0,0.0,1.0,0.0,ppr,2026-09-22 13:17,"Pre-kickoff snapshot locked 2026-09-22 (all Week 3 games 9/24-9/28, none yet played). Live data refreshed same day (Sleeper live API blocked by sandbox proxy 403, fell back to committed snapshot - see data/fallback/README). Manual weekly-out overrides applied for confirmed Week 3 absences: Jayden Daniels (WAS QB, elbow, Mariota starting), David Njoku and Charlie Kolar (both LAC TE, placed on IR after Week 2, min 4 games) - all via multi-source web confirmation (ESPN/CBS/NFL.com/Chargers.com), not yet reflected in Sleeper's live feed.",/home/user/ffcc/output/draft_rankings/draft_rankings_2026_ppr.csv
2026,3,00-0029263,Russell Wilson,QB,,,True,1.0,0.0,0.0,0.0,0.0,0.0,0.0,1.0,0.0,ppr,2026-09-22 13:17,"Pre-kickoff snapshot locked 2026-09-22 (all Week 3 games 9/24-9/28, none yet played). Live data refreshed same day (Sleeper live API blocked by sandbox proxy 403, fell back to committed snapshot - see data/fallback/README). Manual weekly-out overrides applied for confirmed Week 3 absences: Jayden Daniels (WAS QB, elbow, Mariota starting), David Njoku and Charlie Kolar (both LAC TE, placed on IR after Week 2, min 4 games) - all via multi-source web confirmation (ESPN/CBS/NFL.com/Chargers.com), not yet reflected in Sleeper's live feed.",/home/user/ffcc/output/draft_rankings/draft_rankings_2026_ppr.csv
2026,3,00-0035311,Myles Gaskin,RB,,,True,1.0,0.0,0.0,0.0,0.0,0.0,0.0,1.0,0.0,ppr,2026-09-22 13:17,"Pre-kickoff snapshot locked 2026-09-22 (all Week 3 games 9/24-9/28, none yet played). Live data refreshed same day (Sleeper live API blocked by sandbox proxy 403, fell back to committed snapshot - see data/fallback/README). Manual weekly-out overrides applied for confirmed Week 3 absences: Jayden Daniels (WAS QB, elbow, Mariota starting), David Njoku and Charlie Kolar (both LAC TE, placed on IR after Week 2, min 4 games) - all via multi-source web confirmation (ESPN/CBS/NFL.com/Chargers.com), not yet reflected in Sleeper's live feed.",/home/user/ffcc/output/draft_rankings/draft_rankings_2026_ppr.csv
2026,3,00-0033943,Josh Reynolds,WR,,,True,1.0,0.0,0.0,0.0,0.0,0.0,0.0,1.0,0.0,ppr,2026-09-22 13:17,"Pre-kickoff snapshot locked 2026-09-22 (all Week 3 games 9/24-9/28, none yet played). Live data refreshed same day (Sleeper live API blocked by sandbox proxy 403, fell back to committed snapshot - see data/fallback/README). Manual weekly-out overrides applied for confirmed Week 3 absences: Jayden Daniels (WAS QB, elbow, Mariota starting), David Njoku and Charlie Kolar (both LAC TE, placed on IR after Week 2, min 4 games) - all via multi-source web confirmation (ESPN/CBS/NFL.com/Chargers.com), not yet reflected in Sleeper's live feed.",/home/user/ffcc/output/draft_rankings/draft_rankings_2026_ppr.csv
2026,3,00-0032434,Brandon Allen,QB,,,True,1.0,0.0,0.0,0.0,0.0,0.0,0.0,1.0,0.0,ppr,2026-09-22 13:17,"Pre-kickoff snapshot locked 2026-09-22 (all Week 3 games 9/24-9/28, none yet played). Live data refreshed same day (Sleeper live API blocked by sandbox proxy 403, fell back to committed snapshot - see data/fallback/README). Manual weekly-out overrides applied for confirmed Week 3 absences: Jayden Daniels (WAS QB, elbow, Mariota starting), David Njoku and Charlie Kolar (both LAC TE, placed on IR after Week 2, min 4 games) - all via multi-source web confirmation (ESPN/CBS/NFL.com/Chargers.com), not yet reflected in Sleeper's live feed.",/home/user/ffcc/output/draft_rankings/draft_rankings_2026_ppr.csv
2026,3,00-0022942,Philip Rivers,QB,,,True,1.0,0.0,0.0,0.0,0.0,0.0,0.0,1.0,0.0,ppr,2026-09-22 13:17,"Pre-kickoff snapshot locked 2026-09-22 (all Week 3 games 9/24-9/28, none yet played). Live data refreshed same day (Sleeper live API blocked by sandbox proxy 403, fell back to committed snapshot - see data/fallback/README). Manual weekly-out overrides applied for confirmed Week 3 absences: Jayden Daniels (WAS QB, elbow, Mariota starting), David Njoku and Charlie Kolar (both LAC TE, placed on IR after Week 2, min 4 games) - all via multi-source web confirmation (ESPN/CBS/NFL.com/Chargers.com), not yet reflected in Sleeper's live feed.",/home/user/ffcc/output/draft_rankings/draft_rankings_2026_ppr.csv
2026,3,00-0034681,Chase Edmonds,RB,,,True,1.0,0.0,0.0,0.0,0.0,0.0,0.0,1.0,0.0,ppr,2026-09-22 13:17,"Pre-kickoff snapshot locked 2026-09-22 (all Week 3 games 9/24-9/28, none yet played). Live data refreshed same day (Sleeper live API blocked by sandbox proxy 403, fell back to committed snapshot - see data/fallback/README). Manual weekly-out overrides applied for confirmed Week 3 absences: Jayden Daniels (WAS QB, elbow, Mariota starting), David Njoku and Charlie Kolar (both LAC TE, placed on IR after Week 2, min 4 games) - all via multi-source web confirmation (ESPN/CBS/NFL.com/Chargers.com), not yet reflected in Sleeper's live feed.",/home/user/ffcc/output/draft_rankings/draft_rankings_2026_ppr.csv
2026,3,00-0034983,Hunter Renfrow,WR,,,True,1.0,0.0,0.0,0.0,0.0,0.0,0.0,1.0,0.0,ppr,2026-09-22 13:17,"Pre-kickoff snapshot locked 2026-09-22 (all Week 3 games 9/24-9/28, none yet played). Live data refreshed same day (Sleeper live API blocked by sandbox proxy 403, fell back to committed snapshot - see data/fallback/README). Manual weekly-out overrides applied for confirmed Week 3 absences: Jayden Daniels (WAS QB, elbow, Mariota starting), David Njoku and Charlie Kolar (both LAC TE, placed on IR after Week 2, min 4 games) - all via multi-source web confirmation (ESPN/CBS/NFL.com/Chargers.com), not yet reflected in Sleeper's live feed.",/home/user/ffcc/output/draft_rankings/draft_rankings_2026_ppr.csv
2026,3,00-0035628,D'Ernest Johnson,RB,,,True,1.0,0.0,0.0,0.0,0.0,0.0,0.0,1.0,0.0,ppr,2026-09-22 13:17,"Pre-kickoff snapshot locked 2026-09-22 (all Week 3 games 9/24-9/28, none yet played). Live data refreshed same day (Sleeper live API blocked by sandbox proxy 403, fell back to committed snapshot - see data/fallback/README). Manual weekly-out overrides applied for confirmed Week 3 absences: Jayden Daniels (WAS QB, elbow, Mariota starting), David Njoku and Charlie Kolar (both LAC TE, placed on IR after Week 2, min 4 games) - all via multi-source web confirmation (ESPN/CBS/NFL.com/Chargers.com), not yet reflected in Sleeper's live feed.",/home/user/ffcc/output/draft_rankings/draft_rankings_2026_ppr.csv
2026,3,00-0036165,Isaiah Hodgins,WR,,,True,1.0,0.0,0.0,0.0,0.0,0.0,0.0,1.0,0.0,ppr,2026-09-22 13:17,"Pre-kickoff snapshot locked 2026-09-22 (all Week 3 games 9/24-9/28, none yet played). Live data refreshed same day (Sleeper live API blocked by sandbox proxy 403, fell back to committed snapshot - see data/fallback/README). Manual weekly-out overrides applied for confirmed Week 3 absences: Jayden Daniels (WAS QB, elbow, Mariota starting), David Njoku and Charlie Kolar (both LAC TE, placed on IR after Week 2, min 4 games) - all via multi-source web confirmation (ESPN/CBS/NFL.com/Chargers.com), not yet reflected in Sleeper's live feed.",/home/user/ffcc/output/draft_rankings/draft_rankings_2026_ppr.csv
2026,3,00-0035100,Jake Browning,QB,,,True,1.0,0.0,0.0,0.0,0.0,0.0,0.0,1.0,0.0,ppr,2026-09-22 13:17,"Pre-kickoff snapshot locked 2026-09-22 (all Week 3 games 9/24-9/28, none yet played). Live data refreshed same day (Sleeper live API blocked by sandbox proxy 403, fell back to committed snapshot - see data/fallback/README). Manual weekly-out overrides applied for confirmed Week 3 absences: Jayden Daniels (WAS QB, elbow, Mariota starting), David Njoku and Charlie Kolar (both LAC TE, placed on IR after Week 2, min 4 games) - all via multi-source web confirmation (ESPN/CBS/NFL.com/Chargers.com), not yet reflected in Sleeper's live feed.",/home/user/ffcc/output/draft_rankings/draft_rankings_2026_ppr.csv
2026,3,00-0035645,Gunner Olszewski,WR,NYG,TEN,False,1.16,0.0,0.0,0.0,0.0,0.0,0.0,1.0,0.0,ppr,2026-09-22 13:17,"Pre-kickoff snapshot locked 2026-09-22 (all Week 3 games 9/24-9/28, none yet played). Live data refreshed same day (Sleeper live API blocked by sandbox proxy 403, fell back to committed snapshot - see data/fallback/README). Manual weekly-out overrides applied for confirmed Week 3 absences: Jayden Daniels (WAS QB, elbow, Mariota starting), David Njoku and Charlie Kolar (both LAC TE, placed on IR after Week 2, min 4 games) - all via multi-source web confirmation (ESPN/CBS/NFL.com/Chargers.com), not yet reflected in Sleeper's live feed.",/home/user/ffcc/output/draft_rankings/draft_rankings_2026_ppr.csv
2026,3,00-0035045,D.J. Montgomery,WR,IND,HOU,False,0.84,0.0,0.0,0.0,0.0,0.0,0.0,1.0,0.0,ppr,2026-09-22 13:17,"Pre-kickoff snapshot locked 2026-09-22 (all Week 3 games 9/24-9/28, none yet played). Live data refreshed same day (Sleeper live API blocked by sandbox proxy 403, fell back to committed snapshot - see data/fallback/README). Manual weekly-out overrides applied for confirmed Week 3 absences: Jayden Daniels (WAS QB, elbow, Mariota starting), David Njoku and Charlie Kolar (both LAC TE, placed on IR after Week 2, min 4 games) - all via multi-source web confirmation (ESPN/CBS/NFL.com/Chargers.com), not yet reflected in Sleeper's live feed.",/home/user/ffcc/output/draft_rankings/draft_rankings_2026_ppr.csv
2026,3,00-0033699,Austin Ekeler,RB,,,True,1.0,0.0,0.0,0.0,0.0,0.0,0.0,1.0,0.0,ppr,2026-09-22 13:17,"Pre-kickoff snapshot locked 2026-09-22 (all Week 3 games 9/24-9/28, none yet played). Live data refreshed same day (Sleeper live API blocked by sandbox proxy 403, fell back to committed snapshot - see data/fallback/README). Manual weekly-out overrides applied for confirmed Week 3 absences: Jayden Daniels (WAS QB, elbow, Mariota starting), David Njoku and Charlie Kolar (both LAC TE, placed on IR after Week 2, min 4 games) - all via multi-source web confirmation (ESPN/CBS/NFL.com/Chargers.com), not yet reflected in Sleeper's live feed.",/home/user/ffcc/output/draft_rankings/draft_rankings_2026_ppr.csv
2026,3,00-0033375,Tim Patrick,WR,NYJ,DET,False,1.16,0.0,0.0,0.0,0.0,0.0,0.0,1.0,0.0,ppr,2026-09-22 13:17,"Pre-kickoff snapshot locked 2026-09-22 (all Week 3 games 9/24-9/28, none yet played). Live data refreshed same day (Sleeper live API blocked by sandbox proxy 403, fell back to committed snapshot - see data/fallback/README). Manual weekly-out overrides applied for confirmed Week 3 absences: Jayden Daniels (WAS QB, elbow, Mariota starting), David Njoku and Charlie Kolar (both LAC TE, placed on IR after Week 2, min 4 games) - all via multi-source web confirmation (ESPN/CBS/NFL.com/Chargers.com), not yet reflected in Sleeper's live feed.",/home/user/ffcc/output/draft_rankings/draft_rankings_2026_ppr.csv
2026,3,00-0030061,Zach Ertz,TE,,,True,1.0,0.0,0.0,0.0,0.0,0.0,0.0,1.0,0.0,ppr,2026-09-22 13:17,"Pre-kickoff snapshot locked 2026-09-22 (all Week 3 games 9/24-9/28, none yet played). Live data refreshed same day (Sleeper live API blocked by sandbox proxy 403, fell back to committed snapshot - see data/fallback/README). Manual weekly-out overrides applied for confirmed Week 3 absences: Jayden Daniels (WAS QB, elbow, Mariota starting), David Njoku and Charlie Kolar (both LAC TE, placed on IR after Week 2, min 4 games) - all via multi-source web confirmation (ESPN/CBS/NFL.com/Chargers.com), not yet reflected in Sleeper's live feed.",/home/user/ffcc/output/draft_rankings/draft_rankings_2026_ppr.csv
2026,3,00-0034775,Christian Kirk,WR,SF,ARI,False,0.98,0.0,0.0,0.0,0.0,0.0,0.0,1.0,0.0,ppr,2026-09-22 13:17,"Pre-kickoff snapshot locked 2026-09-22 (all Week 3 games 9/24-9/28, none yet played). Live data refreshed same day (Sleeper live API blocked by sandbox proxy 403, fell back to committed snapshot - see data/fallback/README). Manual weekly-out overrides applied for confirmed Week 3 absences: Jayden Daniels (WAS QB, elbow, Mariota starting), David Njoku and Charlie Kolar (both LAC TE, placed on IR after Week 2, min 4 games) - all via multi-source web confirmation (ESPN/CBS/NFL.com/Chargers.com), not yet reflected in Sleeper's live feed.",/home/user/ffcc/output/draft_rankings/draft_rankings_2026_ppr.csv
2026,3,00-0039910,Jayden Daniels,QB,WAS,SEA,False,0.86,0.0,0.0,0.0,0.0,0.0,0.0,1.0,0.0,ppr,2026-09-22 13:17,"Pre-kickoff snapshot locked 2026-09-22 (all Week 3 games 9/24-9/28, none yet played). Live data refreshed same day (Sleeper live API blocked by sandbox proxy 403, fell back to committed snapshot - see data/fallback/README). Manual weekly-out overrides applied for confirmed Week 3 absences: Jayden Daniels (WAS QB, elbow, Mariota starting), David Njoku and Charlie Kolar (both LAC TE, placed on IR after Week 2, min 4 games) - all via multi-source web confirmation (ESPN/CBS/NFL.com/Chargers.com), not yet reflected in Sleeper's live feed.",/home/user/ffcc/output/draft_rankings/draft_rankings_2026_ppr.csv
2026,3,00-0033553,James Conner,RB,ARI,SF,False,1.07,0.0,0.0,0.0,0.0,0.0,0.0,1.0,0.0,ppr,2026-09-22 13:17,"Pre-kickoff snapshot locked 2026-09-22 (all Week 3 games 9/24-9/28, none yet played). Live data refreshed same day (Sleeper live API blocked by sandbox proxy 403, fell back to committed snapshot - see data/fallback/README). Manual weekly-out overrides applied for confirmed Week 3 absences: Jayden Daniels (WAS QB, elbow, Mariota starting), David Njoku and Charlie Kolar (both LAC TE, placed on IR after Week 2, min 4 games) - all via multi-source web confirmation (ESPN/CBS/NFL.com/Chargers.com), not yet reflected in Sleeper's live feed.",/home/user/ffcc/output/draft_rankings/draft_rankings_2026_ppr.csv
2026,3,00-0033885,David Njoku,TE,LAC,BUF,False,0.6,0.0,0.0,0.0,0.0,0.0,0.0,1.0,0.0,ppr,2026-09-22 13:17,"Pre-kickoff snapshot locked 2026-09-22 (all Week 3 games 9/24-9/28, none yet played). Live data refreshed same day (Sleeper live API blocked by sandbox proxy 403, fell back to committed snapshot - see data/fallback/README). Manual weekly-out overrides applied for confirmed Week 3 absences: Jayden Daniels (WAS QB, elbow, Mariota starting), David Njoku and Charlie Kolar (both LAC TE, placed on IR after Week 2, min 4 games) - all via multi-source web confirmation (ESPN/CBS/NFL.com/Chargers.com), not yet reflected in Sleeper's live feed.",/home/user/ffcc/output/draft_rankings/draft_rankings_2026_ppr.csv
2026,3,00-0035676,A.J. Brown,WR,NE,JAX,False,1.02,0.0,0.0,0.0,0.0,0.0,0.0,1.0,0.0,ppr,2026-09-22 13:17,"Pre-kickoff snapshot locked 2026-09-22 (all Week 3 games 9/24-9/28, none yet played). Live data refreshed same day (Sleeper live API blocked by sandbox proxy 403, fell back to committed snapshot - see data/fallback/README). Manual weekly-out overrides applied for confirmed Week 3 absences: Jayden Daniels (WAS QB, elbow, Mariota starting), David Njoku and Charlie Kolar (both LAC TE, placed on IR after Week 2, min 4 games) - all via multi-source web confirmation (ESPN/CBS/NFL.com/Chargers.com), not yet reflected in Sleeper's live feed.",/home/user/ffcc/output/draft_rankings/draft_rankings_2026_ppr.csv
2026,3,00-0034869,Sam Darnold,QB,SEA,WAS,False,1.2,0.0,0.0,0.0,0.0,0.0,0.0,1.0,0.0,ppr,2026-09-22 13:17,"Pre-kickoff snapshot locked 2026-09-22 (all Week 3 games 9/24-9/28, none yet played). Live data refreshed same day (Sleeper live API blocked by sandbox proxy 403, fell back to committed snapshot - see data/fallback/README). Manual weekly-out overrides applied for confirmed Week 3 absences: Jayden Daniels (WAS QB, elbow, Mariota starting), David Njoku and Charlie Kolar (both LAC TE, placed on IR after Week 2, min 4 games) - all via multi-source web confirmation (ESPN/CBS/NFL.com/Chargers.com), not yet reflected in Sleeper's live feed.",/home/user/ffcc/output/draft_rankings/draft_rankings_2026_ppr.csv
2026,3,00-0038740,Jalen Moreno-Cropper,WR,NO,LV,False,1.09,0.0,0.0,0.0,0.0,0.0,0.0,1.0,0.0,ppr,2026-09-22 13:17,"Pre-kickoff snapshot locked 2026-09-22 (all Week 3 games 9/24-9/28, none yet played). Live data refreshed same day (Sleeper live API blocked by sandbox proxy 403, fell back to committed snapshot - see data/fallback/README). Manual weekly-out overrides applied for confirmed Week 3 absences: Jayden Daniels (WAS QB, elbow, Mariota starting), David Njoku and Charlie Kolar (both LAC TE, placed on IR after Week 2, min 4 games) - all via multi-source web confirmation (ESPN/CBS/NFL.com/Chargers.com), not yet reflected in Sleeper's live feed.",/home/user/ffcc/output/draft_rankings/draft_rankings_2026_ppr.csv
2026,3,00-0039916,Ricky Pearsall,WR,SF,ARI,False,0.98,0.0,0.0,0.0,0.0,0.0,0.0,1.0,0.0,ppr,2026-09-22 13:17,"Pre-kickoff snapshot locked 2026-09-22 (all Week 3 games 9/24-9/28, none yet played). Live data refreshed same day (Sleeper live API blocked by sandbox proxy 403, fell back to committed snapshot - see data/fallback/README). Manual weekly-out overrides applied for confirmed Week 3 absences: Jayden Daniels (WAS QB, elbow, Mariota starting), David Njoku and Charlie Kolar (both LAC TE, placed on IR after Week 2, min 4 games) - all via multi-source web confirmation (ESPN/CBS/NFL.com/Chargers.com), not yet reflected in Sleeper's live feed.",/home/user/ffcc/output/draft_rankings/draft_rankings_2026_ppr.csv
2026,3,00-0040130,Jayden Higgins,WR,HOU,IND,False,1.17,0.0,0.0,0.0,0.0,0.0,0.0,1.0,0.0,ppr,2026-09-22 13:17,"Pre-kickoff snapshot locked 2026-09-22 (all Week 3 games 9/24-9/28, none yet played). Live data refreshed same day (Sleeper live API blocked by sandbox proxy 403, fell back to committed snapshot - see data/fallback/README). Manual weekly-out overrides applied for confirmed Week 3 absences: Jayden Daniels (WAS QB, elbow, Mariota starting), David Njoku and Charlie Kolar (both LAC TE, placed on IR after Week 2, min 4 games) - all via multi-source web confirmation (ESPN/CBS/NFL.com/Chargers.com), not yet reflected in Sleeper's live feed.",/home/user/ffcc/output/draft_rankings/draft_rankings_2026_ppr.csv
2026,3,00-0031763,DeAndre Carter,WR,,,True,1.0,0.0,0.0,0.0,0.0,0.0,0.0,1.0,0.0,ppr,2026-09-22 13:17,"Pre-kickoff snapshot locked 2026-09-22 (all Week 3 games 9/24-9/28, none yet played). Live data refreshed same day (Sleeper live API blocked by sandbox proxy 403, fell back to committed snapshot - see data/fallback/README). Manual weekly-out overrides applied for confirmed Week 3 absences: Jayden Daniels (WAS QB, elbow, Mariota starting), David Njoku and Charlie Kolar (both LAC TE, placed on IR after Week 2, min 4 games) - all via multi-source web confirmation (ESPN/CBS/NFL.com/Chargers.com), not yet reflected in Sleeper's live feed.",/home/user/ffcc/output/draft_rankings/draft_rankings_2026_ppr.csv
2026,3,00-0033357,Taysom Hill,TE,,,True,1.0,0.0,0.0,0.0,0.0,0.0,0.0,1.0,0.0,ppr,2026-09-22 13:17,"Pre-kickoff snapshot locked 2026-09-22 (all Week 3 games 9/24-9/28, none yet played). Live data refreshed same day (Sleeper live API blocked by sandbox proxy 403, fell back to committed snapshot - see data/fallback/README). Manual weekly-out overrides applied for confirmed Week 3 absences: Jayden Daniels (WAS QB, elbow, Mariota starting), David Njoku and Charlie Kolar (both LAC TE, placed on IR after Week 2, min 4 games) - all via multi-source web confirmation (ESPN/CBS/NFL.com/Chargers.com), not yet reflected in Sleeper's live feed.",/home/user/ffcc/output/draft_rankings/draft_rankings_2026_ppr.csv
2026,3,00-0035359,David Sills,WR,TB,MIN,False,0.77,0.0,0.0,0.0,0.0,0.0,0.0,1.0,0.0,ppr,2026-09-22 13:17,"Pre-kickoff snapshot locked 2026-09-22 (all Week 3 games 9/24-9/28, none yet played). Live data refreshed same day (Sleeper live API blocked by sandbox proxy 403, fell back to committed snapshot - see data/fallback/README). Manual weekly-out overrides applied for confirmed Week 3 absences: Jayden Daniels (WAS QB, elbow, Mariota starting), David Njoku and Charlie Kolar (both LAC TE, placed on IR after Week 2, min 4 games) - all via multi-source web confirmation (ESPN/CBS/NFL.com/Chargers.com), not yet reflected in Sleeper's live feed.",/home/user/ffcc/output/draft_rankings/draft_rankings_2026_ppr.csv
2026,3,00-0039458,Brenden Bates,TE,,,True,1.0,0.0,0.0,0.0,0.0,0.0,0.0,1.0,0.0,ppr,2026-09-22 13:17,"Pre-kickoff snapshot locked 2026-09-22 (all Week 3 games 9/24-9/28, none yet played). Live data refreshed same day (Sleeper live API blocked by sandbox proxy 403, fell back to committed snapshot - see data/fallback/README). Manual weekly-out overrides applied for confirmed Week 3 absences: Jayden Daniels (WAS QB, elbow, Mariota starting), David Njoku and Charlie Kolar (both LAC TE, placed on IR after Week 2, min 4 games) - all via multi-source web confirmation (ESPN/CBS/NFL.com/Chargers.com), not yet reflected in Sleeper's live feed.",/home/user/ffcc/output/draft_rankings/draft_rankings_2026_ppr.csv
2026,3,00-0036569,Gary Brightwell,RB,,,True,1.0,0.0,0.0,0.0,0.0,0.0,0.0,1.0,0.0,ppr,2026-09-22 13:17,"Pre-kickoff snapshot locked 2026-09-22 (all Week 3 games 9/24-9/28, none yet played). Live data refreshed same day (Sleeper live API blocked by sandbox proxy 403, fell back to committed snapshot - see data/fallback/README). Manual weekly-out overrides applied for confirmed Week 3 absences: Jayden Daniels (WAS QB, elbow, Mariota starting), David Njoku and Charlie Kolar (both LAC TE, placed on IR after Week 2, min 4 games) - all via multi-source web confirmation (ESPN/CBS/NFL.com/Chargers.com), not yet reflected in Sleeper's live feed.",/home/user/ffcc/output/draft_rankings/draft_rankings_2026_ppr.csv
2026,3,00-0034073,Ross Dwelley,TE,,,True,1.0,0.0,0.0,0.0,0.0,0.0,0.0,1.0,0.0,ppr,2026-09-22 13:17,"Pre-kickoff snapshot locked 2026-09-22 (all Week 3 games 9/24-9/28, none yet played). Live data refreshed same day (Sleeper live API blocked by sandbox proxy 403, fell back to committed snapshot - see data/fallback/README). Manual weekly-out overrides applied for confirmed Week 3 absences: Jayden Daniels (WAS QB, elbow, Mariota starting), David Njoku and Charlie Kolar (both LAC TE, placed on IR after Week 2, min 4 games) - all via multi-source web confirmation (ESPN/CBS/NFL.com/Chargers.com), not yet reflected in Sleeper's live feed.",/home/user/ffcc/output/draft_rankings/draft_rankings_2026_ppr.csv
2026,3,00-0035291,Trayveon Williams,RB,,,True,1.0,0.0,0.0,0.0,0.0,0.0,0.0,1.0,0.0,ppr,2026-09-22 13:17,"Pre-kickoff snapshot locked 2026-09-22 (all Week 3 games 9/24-9/28, none yet played). Live data refreshed same day (Sleeper live API blocked by sandbox proxy 403, fell back to committed snapshot - see data/fallback/README). Manual weekly-out overrides applied for confirmed Week 3 absences: Jayden Daniels (WAS QB, elbow, Mariota starting), David Njoku and Charlie Kolar (both LAC TE, placed on IR after Week 2, min 4 games) - all via multi-source web confirmation (ESPN/CBS/NFL.com/Chargers.com), not yet reflected in Sleeper's live feed.",/home/user/ffcc/output/draft_rankings/draft_rankings_2026_ppr.csv
2026,3,00-0036567,Elijah Mitchell,RB,,,True,1.0,0.0,0.0,0.0,0.0,0.0,0.0,1.0,0.0,ppr,2026-09-22 13:17,"Pre-kickoff snapshot locked 2026-09-22 (all Week 3 games 9/24-9/28, none yet played). Live data refreshed same day (Sleeper live API blocked by sandbox proxy 403, fell back to committed snapshot - see data/fallback/README). Manual weekly-out overrides applied for confirmed Week 3 absences: Jayden Daniels (WAS QB, elbow, Mariota starting), David Njoku and Charlie Kolar (both LAC TE, placed on IR after Week 2, min 4 games) - all via multi-source web confirmation (ESPN/CBS/NFL.com/Chargers.com), not yet reflected in Sleeper's live feed.",/home/user/ffcc/output/draft_rankings/draft_rankings_2026_ppr.csv
2026,3,00-0035243,Miles Sanders,RB,,,True,1.0,0.0,0.0,0.0,0.0,0.0,0.0,1.0,0.0,ppr,2026-09-22 13:17,"Pre-kickoff snapshot locked 2026-09-22 (all Week 3 games 9/24-9/28, none yet played). Live data refreshed same day (Sleeper live API blocked by sandbox proxy 403, fell back to committed snapshot - see data/fallback/README). Manual weekly-out overrides applied for confirmed Week 3 absences: Jayden Daniels (WAS QB, elbow, Mariota starting), David Njoku and Charlie Kolar (both LAC TE, placed on IR after Week 2, min 4 games) - all via multi-source web confirmation (ESPN/CBS/NFL.com/Chargers.com), not yet reflected in Sleeper's live feed.",/home/user/ffcc/output/draft_rankings/draft_rankings_2026_ppr.csv
2026,3,00-0035726,Jakob Johnson,RB,,,True,1.0,0.0,0.0,0.0,0.0,0.0,0.0,1.0,0.0,ppr,2026-09-22 13:17,"Pre-kickoff snapshot locked 2026-09-22 (all Week 3 games 9/24-9/28, none yet played). Live data refreshed same day (Sleeper live API blocked by sandbox proxy 403, fell back to committed snapshot - see data/fallback/README). Manual weekly-out overrides applied for confirmed Week 3 absences: Jayden Daniels (WAS QB, elbow, Mariota starting), David Njoku and Charlie Kolar (both LAC TE, placed on IR after Week 2, min 4 games) - all via multi-source web confirmation (ESPN/CBS/NFL.com/Chargers.com), not yet reflected in Sleeper's live feed.",/home/user/ffcc/output/draft_rankings/draft_rankings_2026_ppr.csv
2026,3,00-0035140,Mecole Hardman,WR,,,True,1.0,0.0,0.0,0.0,0.0,0.0,0.0,1.0,0.0,ppr,2026-09-22 13:17,"Pre-kickoff snapshot locked 2026-09-22 (all Week 3 games 9/24-9/28, none yet played). Live data refreshed same day (Sleeper live API blocked by sandbox proxy 403, fell back to committed snapshot - see data/fallback/README). Manual weekly-out overrides applied for confirmed Week 3 absences: Jayden Daniels (WAS QB, elbow, Mariota starting), David Njoku and Charlie Kolar (both LAC TE, placed on IR after Week 2, min 4 games) - all via multi-source web confirmation (ESPN/CBS/NFL.com/Chargers.com), not yet reflected in Sleeper's live feed.",/home/user/ffcc/output/draft_rankings/draft_rankings_2026_ppr.csv
2026,3,00-0034386,Justin Watson,WR,,,True,1.0,0.0,0.0,0.0,0.0,0.0,0.0,1.0,0.0,ppr,2026-09-22 13:17,"Pre-kickoff snapshot locked 2026-09-22 (all Week 3 games 9/24-9/28, none yet played). Live data refreshed same day (Sleeper live API blocked by sandbox proxy 403, fell back to committed snapshot - see data/fallback/README). Manual weekly-out overrides applied for confirmed Week 3 absences: Jayden Daniels (WAS QB, elbow, Mariota starting), David Njoku and Charlie Kolar (both LAC TE, placed on IR after Week 2, min 4 games) - all via multi-source web confirmation (ESPN/CBS/NFL.com/Chargers.com), not yet reflected in Sleeper's live feed.",/home/user/ffcc/output/draft_rankings/draft_rankings_2026_ppr.csv
2026,3,00-0039757,Terrell Jennings,RB,,,True,1.0,0.0,0.0,0.0,0.0,0.0,0.0,1.0,0.0,ppr,2026-09-22 13:17,"Pre-kickoff snapshot locked 2026-09-22 (all Week 3 games 9/24-9/28, none yet played). Live data refreshed same day (Sleeper live API blocked by sandbox proxy 403, fell back to committed snapshot - see data/fallback/README). Manual weekly-out overrides applied for confirmed Week 3 absences: Jayden Daniels (WAS QB, elbow, Mariota starting), David Njoku and Charlie Kolar (both LAC TE, placed on IR after Week 2, min 4 games) - all via multi-source web confirmation (ESPN/CBS/NFL.com/Chargers.com), not yet reflected in Sleeper's live feed.",/home/user/ffcc/output/draft_rankings/draft_rankings_2026_ppr.csv
2026,3,00-0031236,Brandin Cooks,WR,,,True,1.0,0.0,0.0,0.0,0.0,0.0,0.0,1.0,0.0,ppr,2026-09-22 13:17,"Pre-kickoff snapshot locked 2026-09-22 (all Week 3 games 9/24-9/28, none yet played). Live data refreshed same day (Sleeper live API blocked by sandbox proxy 403, fell back to committed snapshot - see data/fallback/README). Manual weekly-out overrides applied for confirmed Week 3 absences: Jayden Daniels (WAS QB, elbow, Mariota starting), David Njoku and Charlie Kolar (both LAC TE, placed on IR after Week 2, min 4 games) - all via multi-source web confirmation (ESPN/CBS/NFL.com/Chargers.com), not yet reflected in Sleeper's live feed.",/home/user/ffcc/output/draft_rankings/draft_rankings_2026_ppr.csv
2026,3,00-0036133,James Proche,WR,,,True,1.0,0.0,0.0,0.0,0.0,0.0,0.0,1.0,0.0,ppr,2026-09-22 13:17,"Pre-kickoff snapshot locked 2026-09-22 (all Week 3 games 9/24-9/28, none yet played). Live data refreshed same day (Sleeper live API blocked by sandbox proxy 403, fell back to committed snapshot - see data/fallback/README). Manual weekly-out overrides applied for confirmed Week 3 absences: Jayden Daniels (WAS QB, elbow, Mariota starting), David Njoku and Charlie Kolar (both LAC TE, placed on IR after Week 2, min 4 games) - all via multi-source web confirmation (ESPN/CBS/NFL.com/Chargers.com), not yet reflected in Sleeper's live feed.",/home/user/ffcc/output/draft_rankings/draft_rankings_2026_ppr.csv
2026,3,00-0036527,DJ Turner,WR,,,True,1.0,0.0,0.0,0.0,0.0,0.0,0.0,1.0,0.0,ppr,2026-09-22 13:17,"Pre-kickoff snapshot locked 2026-09-22 (all Week 3 games 9/24-9/28, none yet played). Live data refreshed same day (Sleeper live API blocked by sandbox proxy 403, fell back to committed snapshot - see data/fallback/README). Manual weekly-out overrides applied for confirmed Week 3 absences: Jayden Daniels (WAS QB, elbow, Mariota starting), David Njoku and Charlie Kolar (both LAC TE, placed on IR after Week 2, min 4 games) - all via multi-source web confirmation (ESPN/CBS/NFL.com/Chargers.com), not yet reflected in Sleeper's live feed.",/home/user/ffcc/output/draft_rankings/draft_rankings_2026_ppr.csv
2026,3,00-0036620,Dee Eskridge,WR,,,True,1.0,0.0,0.0,0.0,0.0,0.0,0.0,1.0,0.0,ppr,2026-09-22 13:17,"Pre-kickoff snapshot locked 2026-09-22 (all Week 3 games 9/24-9/28, none yet played). Live data refreshed same day (Sleeper live API blocked by sandbox proxy 403, fell back to committed snapshot - see data/fallback/README). Manual weekly-out overrides applied for confirmed Week 3 absences: Jayden Daniels (WAS QB, elbow, Mariota starting), David Njoku and Charlie Kolar (both LAC TE, placed on IR after Week 2, min 4 games) - all via multi-source web confirmation (ESPN/CBS/NFL.com/Chargers.com), not yet reflected in Sleeper's live feed.",/home/user/ffcc/output/draft_rankings/draft_rankings_2026_ppr.csv
2026,3,00-0037654,Tucker Fisk,TE,,,True,1.0,0.0,0.0,0.0,0.0,0.0,0.0,1.0,0.0,ppr,2026-09-22 13:17,"Pre-kickoff snapshot locked 2026-09-22 (all Week 3 games 9/24-9/28, none yet played). Live data refreshed same day (Sleeper live API blocked by sandbox proxy 403, fell back to committed snapshot - see data/fallback/README). Manual weekly-out overrides applied for confirmed Week 3 absences: Jayden Daniels (WAS QB, elbow, Mariota starting), David Njoku and Charlie Kolar (both LAC TE, placed on IR after Week 2, min 4 games) - all via multi-source web confirmation (ESPN/CBS/NFL.com/Chargers.com), not yet reflected in Sleeper's live feed.",/home/user/ffcc/output/draft_rankings/draft_rankings_2026_ppr.csv
2026,3,00-0033282,Curtis Samuel,WR,,,True,1.0,0.0,0.0,0.0,0.0,0.0,0.0,1.0,0.0,ppr,2026-09-22 13:17,"Pre-kickoff snapshot locked 2026-09-22 (all Week 3 games 9/24-9/28, none yet played). Live data refreshed same day (Sleeper live API blocked by sandbox proxy 403, fell back to committed snapshot - see data/fallback/README). Manual weekly-out overrides applied for confirmed Week 3 absences: Jayden Daniels (WAS QB, elbow, Mariota starting), David Njoku and Charlie Kolar (both LAC TE, placed on IR after Week 2, min 4 games) - all via multi-source web confirmation (ESPN/CBS/NFL.com/Chargers.com), not yet reflected in Sleeper's live feed.",/home/user/ffcc/output/draft_rankings/draft_rankings_2026_ppr.csv
2026,3,00-0034418,Cedrick Wilson Jr.,WR,,,True,1.0,0.0,0.0,0.0,0.0,0.0,0.0,1.0,0.0,ppr,2026-09-22 13:17,"Pre-kickoff snapshot locked 2026-09-22 (all Week 3 games 9/24-9/28, none yet played). Live data refreshed same day (Sleeper live API blocked by sandbox proxy 403, fell back to committed snapshot - see data/fallback/README). Manual weekly-out overrides applied for confirmed Week 3 absences: Jayden Daniels (WAS QB, elbow, Mariota starting), David Njoku and Charlie Kolar (both LAC TE, placed on IR after Week 2, min 4 games) - all via multi-source web confirmation (ESPN/CBS/NFL.com/Chargers.com), not yet reflected in Sleeper's live feed.",/home/user/ffcc/output/draft_rankings/draft_rankings_2026_ppr.csv
2026,3,00-0033455,Anthony Firkser,TE,,,True,1.0,0.0,0.0,0.0,0.0,0.0,0.0,1.0,0.0,ppr,2026-09-22 13:17,"Pre-kickoff snapshot locked 2026-09-22 (all Week 3 games 9/24-9/28, none yet played). Live data refreshed same day (Sleeper live API blocked by sandbox proxy 403, fell back to committed snapshot - see data/fallback/README). Manual weekly-out overrides applied for confirmed Week 3 absences: Jayden Daniels (WAS QB, elbow, Mariota starting), David Njoku and Charlie Kolar (both LAC TE, placed on IR after Week 2, min 4 games) - all via multi-source web confirmation (ESPN/CBS/NFL.com/Chargers.com), not yet reflected in Sleeper's live feed.",/home/user/ffcc/output/draft_rankings/draft_rankings_2026_ppr.csv
2026,3,00-0038465,Malik Heath,WR,,,True,1.0,0.0,0.0,0.0,0.0,0.0,0.0,1.0,0.0,ppr,2026-09-22 13:17,"Pre-kickoff snapshot locked 2026-09-22 (all Week 3 games 9/24-9/28, none yet played). Live data refreshed same day (Sleeper live API blocked by sandbox proxy 403, fell back to committed snapshot - see data/fallback/README). Manual weekly-out overrides applied for confirmed Week 3 absences: Jayden Daniels (WAS QB, elbow, Mariota starting), David Njoku and Charlie Kolar (both LAC TE, placed on IR after Week 2, min 4 games) - all via multi-source web confirmation (ESPN/CBS/NFL.com/Chargers.com), not yet reflected in Sleeper's live feed.",/home/user/ffcc/output/draft_rankings/draft_rankings_2026_ppr.csv
2026,3,00-0035956,Giovanni Ricci,TE,,,True,1.0,0.0,0.0,0.0,0.0,0.0,0.0,1.0,0.0,ppr,2026-09-22 13:17,"Pre-kickoff snapshot locked 2026-09-22 (all Week 3 games 9/24-9/28, none yet played). Live data refreshed same day (Sleeper live API blocked by sandbox proxy 403, fell back to committed snapshot - see data/fallback/README). Manual weekly-out overrides applied for confirmed Week 3 absences: Jayden Daniels (WAS QB, elbow, Mariota starting), David Njoku and Charlie Kolar (both LAC TE, placed on IR after Week 2, min 4 games) - all via multi-source web confirmation (ESPN/CBS/NFL.com/Chargers.com), not yet reflected in Sleeper's live feed.",/home/user/ffcc/output/draft_rankings/draft_rankings_2026_ppr.csv
2026,3,00-0038456,Travis Vokolek,TE,,,True,1.0,0.0,0.0,0.0,0.0,0.0,0.0,1.0,0.0,ppr,2026-09-22 13:17,"Pre-kickoff snapshot locked 2026-09-22 (all Week 3 games 9/24-9/28, none yet played). Live data refreshed same day (Sleeper live API blocked by sandbox proxy 403, fell back to committed snapshot - see data/fallback/README). Manual weekly-out overrides applied for confirmed Week 3 absences: Jayden Daniels (WAS QB, elbow, Mariota starting), David Njoku and Charlie Kolar (both LAC TE, placed on IR after Week 2, min 4 games) - all via multi-source web confirmation (ESPN/CBS/NFL.com/Chargers.com), not yet reflected in Sleeper's live feed.",/home/user/ffcc/output/draft_rankings/draft_rankings_2026_ppr.csv
2026,3,00-0034367,Nyheim Hines,RB,,,True,1.0,0.0,0.0,0.0,0.0,0.0,0.0,1.0,0.0,ppr,2026-09-22 13:17,"Pre-kickoff snapshot locked 2026-09-22 (all Week 3 games 9/24-9/28, none yet played). Live data refreshed same day (Sleeper live API blocked by sandbox proxy 403, fell back to committed snapshot - see data/fallback/README). Manual weekly-out overrides applied for confirmed Week 3 absences: Jayden Daniels (WAS QB, elbow, Mariota starting), David Njoku and Charlie Kolar (both LAC TE, placed on IR after Week 2, min 4 games) - all via multi-source web confirmation (ESPN/CBS/NFL.com/Chargers.com), not yet reflected in Sleeper's live feed.",/home/user/ffcc/output/draft_rankings/draft_rankings_2026_ppr.csv
2026,3,00-0033891,Zay Jones,WR,,,True,1.0,0.0,0.0,0.0,0.0,0.0,0.0,1.0,0.0,ppr,2026-09-22 13:17,"Pre-kickoff snapshot locked 2026-09-22 (all Week 3 games 9/24-9/28, none yet played). Live data refreshed same day (Sleeper live API blocked by sandbox proxy 403, fell back to committed snapshot - see data/fallback/README). Manual weekly-out overrides applied for confirmed Week 3 absences: Jayden Daniels (WAS QB, elbow, Mariota starting), David Njoku and Charlie Kolar (both LAC TE, placed on IR after Week 2, min 4 games) - all via multi-source web confirmation (ESPN/CBS/NFL.com/Chargers.com), not yet reflected in Sleeper's live feed.",/home/user/ffcc/output/draft_rankings/draft_rankings_2026_ppr.csv
2026,3,00-0033591,Noah Brown,WR,,,True,1.0,0.0,0.0,0.0,0.0,0.0,0.0,1.0,0.0,ppr,2026-09-22 13:17,"Pre-kickoff snapshot locked 2026-09-22 (all Week 3 games 9/24-9/28, none yet played). Live data refreshed same day (Sleeper live API blocked by sandbox proxy 403, fell back to committed snapshot - see data/fallback/README). Manual weekly-out overrides applied for confirmed Week 3 absences: Jayden Daniels (WAS QB, elbow, Mariota starting), David Njoku and Charlie Kolar (both LAC TE, placed on IR after Week 2, min 4 games) - all via multi-source web confirmation (ESPN/CBS/NFL.com/Chargers.com), not yet reflected in Sleeper's live feed.",/home/user/ffcc/output/draft_rankings/draft_rankings_2026_ppr.csv
2026,3,00-0037348,Tanner Conner,TE,,,True,1.0,0.0,0.0,0.0,0.0,0.0,0.0,1.0,0.0,ppr,2026-09-22 13:17,"Pre-kickoff snapshot locked 2026-09-22 (all Week 3 games 9/24-9/28, none yet played). Live data refreshed same day (Sleeper live API blocked by sandbox proxy 403, fell back to committed snapshot - see data/fallback/README). Manual weekly-out overrides applied for confirmed Week 3 absences: Jayden Daniels (WAS QB, elbow, Mariota starting), David Njoku and Charlie Kolar (both LAC TE, placed on IR after Week 2, min 4 games) - all via multi-source web confirmation (ESPN/CBS/NFL.com/Chargers.com), not yet reflected in Sleeper's live feed.",/home/user/ffcc/output/draft_rankings/draft_rankings_2026_ppr.csv
2026,3,00-0036950,Avery Williams,RB,,,True,1.0,0.0,0.0,0.0,0.0,0.0,0.0,1.0,0.0,ppr,2026-09-22 13:17,"Pre-kickoff snapshot locked 2026-09-22 (all Week 3 games 9/24-9/28, none yet played). Live data refreshed same day (Sleeper live API blocked by sandbox proxy 403, fell back to committed snapshot - see data/fallback/README). Manual weekly-out overrides applied for confirmed Week 3 absences: Jayden Daniels (WAS QB, elbow, Mariota starting), David Njoku and Charlie Kolar (both LAC TE, placed on IR after Week 2, min 4 games) - all via multi-source web confirmation (ESPN/CBS/NFL.com/Chargers.com), not yet reflected in Sleeper's live feed.",/home/user/ffcc/output/draft_rankings/draft_rankings_2026_ppr.csv
2026,3,00-0034860,Dante Pettis,WR,,,True,1.0,0.0,0.0,0.0,0.0,0.0,0.0,1.0,0.0,ppr,2026-09-22 13:17,"Pre-kickoff snapshot locked 2026-09-22 (all Week 3 games 9/24-9/28, none yet played). Live data refreshed same day (Sleeper live API blocked by sandbox proxy 403, fell back to committed snapshot - see data/fallback/README). Manual weekly-out overrides applied for confirmed Week 3 absences: Jayden Daniels (WAS QB, elbow, Mariota starting), David Njoku and Charlie Kolar (both LAC TE, placed on IR after Week 2, min 4 games) - all via multi-source web confirmation (ESPN/CBS/NFL.com/Chargers.com), not yet reflected in Sleeper's live feed.",/home/user/ffcc/output/draft_rankings/draft_rankings_2026_ppr.csv
2026,3,00-0032211,Tyler Lockett,WR,,,True,1.0,0.0,0.0,0.0,0.0,0.0,0.0,1.0,0.0,ppr,2026-09-22 13:17,"Pre-kickoff snapshot locked 2026-09-22 (all Week 3 games 9/24-9/28, none yet played). Live data refreshed same day (Sleeper live API blocked by sandbox proxy 403, fell back to committed snapshot - see data/fallback/README). Manual weekly-out overrides applied for confirmed Week 3 absences: Jayden Daniels (WAS QB, elbow, Mariota starting), David Njoku and Charlie Kolar (both LAC TE, placed on IR after Week 2, min 4 games) - all via multi-source web confirmation (ESPN/CBS/NFL.com/Chargers.com), not yet reflected in Sleeper's live feed.",/home/user/ffcc/output/draft_rankings/draft_rankings_2026_ppr.csv
2026,3,00-0036232,Harrison Bryant,TE,,,True,1.0,0.0,0.0,0.0,0.0,0.0,0.0,1.0,0.0,ppr,2026-09-22 13:17,"Pre-kickoff snapshot locked 2026-09-22 (all Week 3 games 9/24-9/28, none yet played). Live data refreshed same day (Sleeper live API blocked by sandbox proxy 403, fell back to committed snapshot - see data/fallback/README). Manual weekly-out overrides applied for confirmed Week 3 absences: Jayden Daniels (WAS QB, elbow, Mariota starting), David Njoku and Charlie Kolar (both LAC TE, placed on IR after Week 2, min 4 games) - all via multi-source web confirmation (ESPN/CBS/NFL.com/Chargers.com), not yet reflected in Sleeper's live feed.",/home/user/ffcc/output/draft_rankings/draft_rankings_2026_ppr.csv
2026,3,00-0037015,Sal Cannella,TE,,,True,1.0,0.0,0.0,0.0,0.0,0.0,0.0,1.0,0.0,ppr,2026-09-22 13:17,"Pre-kickoff snapshot locked 2026-09-22 (all Week 3 games 9/24-9/28, none yet played). Live data refreshed same day (Sleeper live API blocked by sandbox proxy 403, fell back to committed snapshot - see data/fallback/README). Manual weekly-out overrides applied for confirmed Week 3 absences: Jayden Daniels (WAS QB, elbow, Mariota starting), David Njoku and Charlie Kolar (both LAC TE, placed on IR after Week 2, min 4 games) - all via multi-source web confirmation (ESPN/CBS/NFL.com/Chargers.com), not yet reflected in Sleeper's live feed.",/home/user/ffcc/output/draft_rankings/draft_rankings_2026_ppr.csv
2026,3,00-0036176,Mason Kinsey,WR,,,True,1.0,0.0,0.0,0.0,0.0,0.0,0.0,1.0,0.0,ppr,2026-09-22 13:17,"Pre-kickoff snapshot locked 2026-09-22 (all Week 3 games 9/24-9/28, none yet played). Live data refreshed same day (Sleeper live API blocked by sandbox proxy 403, fell back to committed snapshot - see data/fallback/README). Manual weekly-out overrides applied for confirmed Week 3 absences: Jayden Daniels (WAS QB, elbow, Mariota starting), David Njoku and Charlie Kolar (both LAC TE, placed on IR after Week 2, min 4 games) - all via multi-source web confirmation (ESPN/CBS/NFL.com/Chargers.com), not yet reflected in Sleeper's live feed.",/home/user/ffcc/output/draft_rankings/draft_rankings_2026_ppr.csv
2026,3,00-0033572,Jamal Agnew,WR,,,True,1.0,0.0,0.0,0.0,0.0,0.0,0.0,1.0,0.0,ppr,2026-09-22 13:17,"Pre-kickoff snapshot locked 2026-09-22 (all Week 3 games 9/24-9/28, none yet played). Live data refreshed same day (Sleeper live API blocked by sandbox proxy 403, fell back to committed snapshot - see data/fallback/README). Manual weekly-out overrides applied for confirmed Week 3 absences: Jayden Daniels (WAS QB, elbow, Mariota starting), David Njoku and Charlie Kolar (both LAC TE, placed on IR after Week 2, min 4 games) - all via multi-source web confirmation (ESPN/CBS/NFL.com/Chargers.com), not yet reflected in Sleeper's live feed.",/home/user/ffcc/output/draft_rankings/draft_rankings_2026_ppr.csv
2026,3,00-0034159,Will Dissly,TE,,,True,1.0,0.0,0.0,0.0,0.0,0.0,0.0,1.0,0.0,ppr,2026-09-22 13:17,"Pre-kickoff snapshot locked 2026-09-22 (all Week 3 games 9/24-9/28, none yet played). Live data refreshed same day (Sleeper live API blocked by sandbox proxy 403, fell back to committed snapshot - see data/fallback/README). Manual weekly-out overrides applied for confirmed Week 3 absences: Jayden Daniels (WAS QB, elbow, Mariota starting), David Njoku and Charlie Kolar (both LAC TE, placed on IR after Week 2, min 4 games) - all via multi-source web confirmation (ESPN/CBS/NFL.com/Chargers.com), not yet reflected in Sleeper's live feed.",/home/user/ffcc/output/draft_rankings/draft_rankings_2026_ppr.csv
2026,3,00-0034791,Nick Chubb,RB,,,True,1.0,0.0,0.0,0.0,0.0,0.0,0.0,1.0,0.0,ppr,2026-09-22 13:17,"Pre-kickoff snapshot locked 2026-09-22 (all Week 3 games 9/24-9/28, none yet played). Live data refreshed same day (Sleeper live API blocked by sandbox proxy 403, fell back to committed snapshot - see data/fallback/README). Manual weekly-out overrides applied for confirmed Week 3 absences: Jayden Daniels (WAS QB, elbow, Mariota starting), David Njoku and Charlie Kolar (both LAC TE, placed on IR after Week 2, min 4 games) - all via multi-source web confirmation (ESPN/CBS/NFL.com/Chargers.com), not yet reflected in Sleeper's live feed.",/home/user/ffcc/output/draft_rankings/draft_rankings_2026_ppr.csv
2026,3,00-0036328,Antonio Gibson,RB,,,True,1.0,0.0,0.0,0.0,0.0,0.0,0.0,1.0,0.0,ppr,2026-09-22 13:17,"Pre-kickoff snapshot locked 2026-09-22 (all Week 3 games 9/24-9/28, none yet played). Live data refreshed same day (Sleeper live API blocked by sandbox proxy 403, fell back to committed snapshot - see data/fallback/README). Manual weekly-out overrides applied for confirmed Week 3 absences: Jayden Daniels (WAS QB, elbow, Mariota starting), David Njoku and Charlie Kolar (both LAC TE, placed on IR after Week 2, min 4 games) - all via multi-source web confirmation (ESPN/CBS/NFL.com/Chargers.com), not yet reflected in Sleeper's live feed.",/home/user/ffcc/output/draft_rankings/draft_rankings_2026_ppr.csv
2026,3,00-0034521,Allen Lazard,WR,,,True,1.0,0.0,0.0,0.0,0.0,0.0,0.0,1.0,0.0,ppr,2026-09-22 13:17,"Pre-kickoff snapshot locked 2026-09-22 (all Week 3 games 9/24-9/28, none yet played). Live data refreshed same day (Sleeper live API blocked by sandbox proxy 403, fell back to committed snapshot - see data/fallback/README). Manual weekly-out overrides applied for confirmed Week 3 absences: Jayden Daniels (WAS QB, elbow, Mariota starting), David Njoku and Charlie Kolar (both LAC TE, placed on IR after Week 2, min 4 games) - all via multi-source web confirmation (ESPN/CBS/NFL.com/Chargers.com), not yet reflected in Sleeper's live feed.",/home/user/ffcc/output/draft_rankings/draft_rankings_2026_ppr.csv
2026,3,00-0036196,Gabe Davis,WR,,,True,1.0,0.0,0.0,0.0,0.0,0.0,0.0,1.0,0.0,ppr,2026-09-22 13:17,"Pre-kickoff snapshot locked 2026-09-22 (all Week 3 games 9/24-9/28, none yet played). Live data refreshed same day (Sleeper live API blocked by sandbox proxy 403, fell back to committed snapshot - see data/fallback/README). Manual weekly-out overrides applied for confirmed Week 3 absences: Jayden Daniels (WAS QB, elbow, Mariota starting), David Njoku and Charlie Kolar (both LAC TE, placed on IR after Week 2, min 4 games) - all via multi-source web confirmation (ESPN/CBS/NFL.com/Chargers.com), not yet reflected in Sleeper's live feed.",/home/user/ffcc/output/draft_rankings/draft_rankings_2026_ppr.csv
2026,3,00-0036360,Clyde Edwards-Helaire,RB,,,True,1.0,0.0,0.0,0.0,0.0,0.0,0.0,1.0,0.0,ppr,2026-09-22 13:17,"Pre-kickoff snapshot locked 2026-09-22 (all Week 3 games 9/24-9/28, none yet played). Live data refreshed same day (Sleeper live API blocked by sandbox proxy 403, fell back to committed snapshot - see data/fallback/README). Manual weekly-out overrides applied for confirmed Week 3 absences: Jayden Daniels (WAS QB, elbow, Mariota starting), David Njoku and Charlie Kolar (both LAC TE, placed on IR after Week 2, min 4 games) - all via multi-source web confirmation (ESPN/CBS/NFL.com/Chargers.com), not yet reflected in Sleeper's live feed.",/home/user/ffcc/output/draft_rankings/draft_rankings_2026_ppr.csv
2026,3,00-0030564,DeAndre Hopkins,WR,,,True,1.0,0.0,0.0,0.0,0.0,0.0,0.0,1.0,0.0,ppr,2026-09-22 13:17,"Pre-kickoff snapshot locked 2026-09-22 (all Week 3 games 9/24-9/28, none yet played). Live data refreshed same day (Sleeper live API blocked by sandbox proxy 403, fell back to committed snapshot - see data/fallback/README). Manual weekly-out overrides applied for confirmed Week 3 absences: Jayden Daniels (WAS QB, elbow, Mariota starting), David Njoku and Charlie Kolar (both LAC TE, placed on IR after Week 2, min 4 games) - all via multi-source web confirmation (ESPN/CBS/NFL.com/Chargers.com), not yet reflected in Sleeper's live feed.",/home/user/ffcc/output/draft_rankings/draft_rankings_2026_ppr.csv
2026,3,00-0033857,JuJu Smith-Schuster,WR,,,True,1.0,0.0,0.0,0.0,0.0,0.0,0.0,1.0,0.0,ppr,2026-09-22 13:17,"Pre-kickoff snapshot locked 2026-09-22 (all Week 3 games 9/24-9/28, none yet played). Live data refreshed same day (Sleeper live API blocked by sandbox proxy 403, fell back to committed snapshot - see data/fallback/README). Manual weekly-out overrides applied for confirmed Week 3 absences: Jayden Daniels (WAS QB, elbow, Mariota starting), David Njoku and Charlie Kolar (both LAC TE, placed on IR after Week 2, min 4 games) - all via multi-source web confirmation (ESPN/CBS/NFL.com/Chargers.com), not yet reflected in Sleeper's live feed.",/home/user/ffcc/output/draft_rankings/draft_rankings_2026_ppr.csv
2026,3,00-0034054,River Cracraft,WR,,,True,1.0,0.0,0.0,0.0,0.0,0.0,0.0,1.0,0.0,ppr,2026-09-22 13:17,"Pre-kickoff snapshot locked 2026-09-22 (all Week 3 games 9/24-9/28, none yet played). Live data refreshed same day (Sleeper live API blocked by sandbox proxy 403, fell back to committed snapshot - see data/fallback/README). Manual weekly-out overrides applied for confirmed Week 3 absences: Jayden Daniels (WAS QB, elbow, Mariota starting), David Njoku and Charlie Kolar (both LAC TE, placed on IR after Week 2, min 4 games) - all via multi-source web confirmation (ESPN/CBS/NFL.com/Chargers.com), not yet reflected in Sleeper's live feed.",/home/user/ffcc/output/draft_rankings/draft_rankings_2026_ppr.csv
2026,3,00-0032688,Robbie Chosen,WR,,,True,1.0,0.0,0.0,0.0,0.0,0.0,0.0,1.0,0.0,ppr,2026-09-22 13:17,"Pre-kickoff snapshot locked 2026-09-22 (all Week 3 games 9/24-9/28, none yet played). Live data refreshed same day (Sleeper live API blocked by sandbox proxy 403, fell back to committed snapshot - see data/fallback/README). Manual weekly-out overrides applied for confirmed Week 3 absences: Jayden Daniels (WAS QB, elbow, Mariota starting), David Njoku and Charlie Kolar (both LAC TE, placed on IR after Week 2, min 4 games) - all via multi-source web confirmation (ESPN/CBS/NFL.com/Chargers.com), not yet reflected in Sleeper's live feed.",/home/user/ffcc/output/draft_rankings/draft_rankings_2026_ppr.csv
2026,3,00-0034867,Malik Turner,WR,,,True,1.0,0.0,0.0,0.0,0.0,0.0,0.0,1.0,0.0,ppr,2026-09-22 13:17,"Pre-kickoff snapshot locked 2026-09-22 (all Week 3 games 9/24-9/28, none yet played). Live data refreshed same day (Sleeper live API blocked by sandbox proxy 403, fell back to committed snapshot - see data/fallback/README). Manual weekly-out overrides applied for confirmed Week 3 absences: Jayden Daniels (WAS QB, elbow, Mariota starting), David Njoku and Charlie Kolar (both LAC TE, placed on IR after Week 2, min 4 games) - all via multi-source web confirmation (ESPN/CBS/NFL.com/Chargers.com), not yet reflected in Sleeper's live feed.",/home/user/ffcc/output/draft_rankings/draft_rankings_2026_ppr.csv
2026,3,00-0034928,Steven Sims,WR,,,True,1.0,0.0,0.0,0.0,0.0,0.0,0.0,1.0,0.0,ppr,2026-09-22 13:17,"Pre-kickoff snapshot locked 2026-09-22 (all Week 3 games 9/24-9/28, none yet played). Live data refreshed same day (Sleeper live API blocked by sandbox proxy 403, fell back to committed snapshot - see data/fallback/README). Manual weekly-out overrides applied for confirmed Week 3 absences: Jayden Daniels (WAS QB, elbow, Mariota starting), David Njoku and Charlie Kolar (both LAC TE, placed on IR after Week 2, min 4 games) - all via multi-source web confirmation (ESPN/CBS/NFL.com/Chargers.com), not yet reflected in Sleeper's live feed.",/home/user/ffcc/output/draft_rankings/draft_rankings_2026_ppr.csv
2026,3,00-0024243,Marcedes Lewis,TE,,,True,1.0,0.0,0.0,0.0,0.0,0.0,0.0,1.0,0.0,ppr,2026-09-22 13:17,"Pre-kickoff snapshot locked 2026-09-22 (all Week 3 games 9/24-9/28, none yet played). Live data refreshed same day (Sleeper live API blocked by sandbox proxy 403, fell back to committed snapshot - see data/fallback/README). Manual weekly-out overrides applied for confirmed Week 3 absences: Jayden Daniels (WAS QB, elbow, Mariota starting), David Njoku and Charlie Kolar (both LAC TE, placed on IR after Week 2, min 4 games) - all via multi-source web confirmation (ESPN/CBS/NFL.com/Chargers.com), not yet reflected in Sleeper's live feed.",/home/user/ffcc/output/draft_rankings/draft_rankings_2026_ppr.csv
2026,3,00-0035876,Andre Baccellia,WR,,,True,1.0,0.0,0.0,0.0,0.0,0.0,0.0,1.0,0.0,ppr,2026-09-22 13:17,"Pre-kickoff snapshot locked 2026-09-22 (all Week 3 games 9/24-9/28, none yet played). Live data refreshed same day (Sleeper live API blocked by sandbox proxy 403, fell back to committed snapshot - see data/fallback/README). Manual weekly-out overrides applied for confirmed Week 3 absences: Jayden Daniels (WAS QB, elbow, Mariota starting), David Njoku and Charlie Kolar (both LAC TE, placed on IR after Week 2, min 4 games) - all via multi-source web confirmation (ESPN/CBS/NFL.com/Chargers.com), not yet reflected in Sleeper's live feed.",/home/user/ffcc/output/draft_rankings/draft_rankings_2026_ppr.csv
2026,3,00-0036414,Cam Akers,RB,,,True,1.0,0.0,0.0,0.0,0.0,0.0,0.0,1.0,0.0,ppr,2026-09-22 13:17,"Pre-kickoff snapshot locked 2026-09-22 (all Week 3 games 9/24-9/28, none yet played). Live data refreshed same day (Sleeper live API blocked by sandbox proxy 403, fell back to committed snapshot - see data/fallback/README). Manual weekly-out overrides applied for confirmed Week 3 absences: Jayden Daniels (WAS QB, elbow, Mariota starting), David Njoku and Charlie Kolar (both LAC TE, placed on IR after Week 2, min 4 games) - all via multi-source web confirmation (ESPN/CBS/NFL.com/Chargers.com), not yet reflected in Sleeper's live feed.",/home/user/ffcc/output/draft_rankings/draft_rankings_2026_ppr.csv
2026,3,00-0033955,Jeremy McNichols,RB,WAS,SEA,False,0.84,0.0,0.0,0.0,0.0,0.0,0.0,1.0,0.0,ppr,2026-09-22 13:17,"Pre-kickoff snapshot locked 2026-09-22 (all Week 3 games 9/24-9/28, none yet played). Live data refreshed same day (Sleeper live API blocked by sandbox proxy 403, fell back to committed snapshot - see data/fallback/README). Manual weekly-out overrides applied for confirmed Week 3 absences: Jayden Daniels (WAS QB, elbow, Mariota starting), David Njoku and Charlie Kolar (both LAC TE, placed on IR after Week 2, min 4 games) - all via multi-source web confirmation (ESPN/CBS/NFL.com/Chargers.com), not yet reflected in Sleeper's live feed.",/home/user/ffcc/output/draft_rankings/draft_rankings_2026_ppr.csv
2026,3,00-0033923,Kareem Hunt,RB,,,True,1.0,0.0,0.0,0.0,0.0,0.0,0.0,1.0,0.0,ppr,2026-09-22 13:17,"Pre-kickoff snapshot locked 2026-09-22 (all Week 3 games 9/24-9/28, none yet played). Live data refreshed same day (Sleeper live API blocked by sandbox proxy 403, fell back to committed snapshot - see data/fallback/README). Manual weekly-out overrides applied for confirmed Week 3 absences: Jayden Daniels (WAS QB, elbow, Mariota starting), David Njoku and Charlie Kolar (both LAC TE, placed on IR after Week 2, min 4 games) - all via multi-source web confirmation (ESPN/CBS/NFL.com/Chargers.com), not yet reflected in Sleeper's live feed.",/home/user/ffcc/output/draft_rankings/draft_rankings_2026_ppr.csv
2026,3,00-0033040,Tyreek Hill,WR,,,True,1.0,0.0,0.0,0.0,0.0,0.0,0.0,1.0,0.0,ppr,2026-09-22 13:17,"Pre-kickoff snapshot locked 2026-09-22 (all Week 3 games 9/24-9/28, none yet played). Live data refreshed same day (Sleeper live API blocked by sandbox proxy 403, fell back to committed snapshot - see data/fallback/README). Manual weekly-out overrides applied for confirmed Week 3 absences: Jayden Daniels (WAS QB, elbow, Mariota starting), David Njoku and Charlie Kolar (both LAC TE, placed on IR after Week 2, min 4 games) - all via multi-source web confirmation (ESPN/CBS/NFL.com/Chargers.com), not yet reflected in Sleeper's live feed.",/home/user/ffcc/output/draft_rankings/draft_rankings_2026_ppr.csv
2026,3,00-0038046,Charlie Kolar,TE,LAC,BUF,False,0.6,0.0,0.0,0.0,0.0,0.0,0.0,1.0,0.0,ppr,2026-09-22 13:17,"Pre-kickoff snapshot locked 2026-09-22 (all Week 3 games 9/24-9/28, none yet played). Live data refreshed same day (Sleeper live API blocked by sandbox proxy 403, fell back to committed snapshot - see data/fallback/README). Manual weekly-out overrides applied for confirmed Week 3 absences: Jayden Daniels (WAS QB, elbow, Mariota starting), David Njoku and Charlie Kolar (both LAC TE, placed on IR after Week 2, min 4 games) - all via multi-source web confirmation (ESPN/CBS/NFL.com/Chargers.com), not yet reflected in Sleeper's live feed.",/home/user/ffcc/output/draft_rankings/draft_rankings_2026_ppr.csv
2026,3,00-0037306,John FitzPatrick,TE,,,True,1.0,0.0,0.0,0.0,0.0,0.0,0.0,1.0,0.0,ppr,2026-09-22 13:17,"Pre-kickoff snapshot locked 2026-09-22 (all Week 3 games 9/24-9/28, none yet played). Live data refreshed same day (Sleeper live API blocked by sandbox proxy 403, fell back to committed snapshot - see data/fallback/README). Manual weekly-out overrides applied for confirmed Week 3 absences: Jayden Daniels (WAS QB, elbow, Mariota starting), David Njoku and Charlie Kolar (both LAC TE, placed on IR after Week 2, min 4 games) - all via multi-source web confirmation (ESPN/CBS/NFL.com/Chargers.com), not yet reflected in Sleeper's live feed.",/home/user/ffcc/output/draft_rankings/draft_rankings_2026_ppr.csv
2026,3,00-0036755,Jaret Patterson,RB,,,True,1.0,0.0,0.0,0.0,0.0,0.0,0.0,1.0,0.0,ppr,2026-09-22 13:17,"Pre-kickoff snapshot locked 2026-09-22 (all Week 3 games 9/24-9/28, none yet played). Live data refreshed same day (Sleeper live API blocked by sandbox proxy 403, fell back to committed snapshot - see data/fallback/README). Manual weekly-out overrides applied for confirmed Week 3 absences: Jayden Daniels (WAS QB, elbow, Mariota starting), David Njoku and Charlie Kolar (both LAC TE, placed on IR after Week 2, min 4 games) - all via multi-source web confirmation (ESPN/CBS/NFL.com/Chargers.com), not yet reflected in Sleeper's live feed.",/home/user/ffcc/output/draft_rankings/draft_rankings_2026_ppr.csv
2026,3,00-0031687,Raheem Mostert,RB,,,True,1.0,0.0,0.0,0.0,0.0,0.0,0.0,1.0,0.0,ppr,2026-09-22 13:17,"Pre-kickoff snapshot locked 2026-09-22 (all Week 3 games 9/24-9/28, none yet played). Live data refreshed same day (Sleeper live API blocked by sandbox proxy 403, fell back to committed snapshot - see data/fallback/README). Manual weekly-out overrides applied for confirmed Week 3 absences: Jayden Daniels (WAS QB, elbow, Mariota starting), David Njoku and Charlie Kolar (both LAC TE, placed on IR after Week 2, min 4 games) - all via multi-source web confirmation (ESPN/CBS/NFL.com/Chargers.com), not yet reflected in Sleeper's live feed.",/home/user/ffcc/output/draft_rankings/draft_rankings_2026_ppr.csv
2026,3,00-0035700,Josh Jacobs,RB,GB,ATL,False,0.98,0.0,0.0,0.0,0.0,0.0,0.0,1.0,0.0,ppr,2026-09-22 13:17,"Pre-kickoff snapshot locked 2026-09-22 (all Week 3 games 9/24-9/28, none yet played). Live data refreshed same day (Sleeper live API blocked by sandbox proxy 403, fell back to committed snapshot - see data/fallback/README). Manual weekly-out overrides applied for confirmed Week 3 absences: Jayden Daniels (WAS QB, elbow, Mariota starting), David Njoku and Charlie Kolar (both LAC TE, placed on IR after Week 2, min 4 games) - all via multi-source web confirmation (ESPN/CBS/NFL.com/Chargers.com), not yet reflected in Sleeper's live feed.",/home/user/ffcc/output/draft_rankings/draft_rankings_2026_ppr.csv
2026,3,00-0038582,Clayton Tune,QB,,,True,1.0,0.0,0.0,0.0,0.0,0.0,0.0,1.0,0.0,ppr,2026-09-22 13:17,"Pre-kickoff snapshot locked 2026-09-22 (all Week 3 games 9/24-9/28, none yet played). Live data refreshed same day (Sleeper live API blocked by sandbox proxy 403, fell back to committed snapshot - see data/fallback/README). Manual weekly-out overrides applied for confirmed Week 3 absences: Jayden Daniels (WAS QB, elbow, Mariota starting), David Njoku and Charlie Kolar (both LAC TE, placed on IR after Week 2, min 4 games) - all via multi-source web confirmation (ESPN/CBS/NFL.com/Chargers.com), not yet reflected in Sleeper's live feed.",/home/user/ffcc/output/draft_rankings/draft_rankings_2026_ppr.csv
2026,3,00-0034955,Brett Rypien,QB,,,True,1.0,0.0,0.0,0.0,0.0,0.0,0.0,1.0,0.0,ppr,2026-09-22 13:17,"Pre-kickoff snapshot locked 2026-09-22 (all Week 3 games 9/24-9/28, none yet played). Live data refreshed same day (Sleeper live API blocked by sandbox proxy 403, fell back to committed snapshot - see data/fallback/README). Manual weekly-out overrides applied for confirmed Week 3 absences: Jayden Daniels (WAS QB, elbow, Mariota starting), David Njoku and Charlie Kolar (both LAC TE, placed on IR after Week 2, min 4 games) - all via multi-source web confirmation (ESPN/CBS/NFL.com/Chargers.com), not yet reflected in Sleeper's live feed.",/home/user/ffcc/output/draft_rankings/draft_rankings_2026_ppr.csv
2026,3,00-0033854,Dare Ogunbowale,RB,LV,NO,False,0.94,-0.13,-2.0,-2.0,-1.63,3.2,9.55,0.74,0.02,ppr,2026-09-22 13:17,"Pre-kickoff snapshot locked 2026-09-22 (all Week 3 games 9/24-9/28, none yet played). Live data refreshed same day (Sleeper live API blocked by sandbox proxy 403, fell back to committed snapshot - see data/fallback/README). Manual weekly-out overrides applied for confirmed Week 3 absences: Jayden Daniels (WAS QB, elbow, Mariota starting), David Njoku and Charlie Kolar (both LAC TE, placed on IR after Week 2, min 4 games) - all via multi-source web confirmation (ESPN/CBS/NFL.com/Chargers.com), not yet reflected in Sleeper's live feed.",/home/user/ffcc/output/draft_rankings/draft_rankings_2026_ppr.csv
2026,3,00-0038735,Princeton Fant,TE,DAL,BAL,False,0.82,-0.17,-2.0,-2.0,-1.09,2.26,6.73,0.78,0.03,ppr,2026-09-22 13:17,"Pre-kickoff snapshot locked 2026-09-22 (all Week 3 games 9/24-9/28, none yet played). Live data refreshed same day (Sleeper live API blocked by sandbox proxy 403, fell back to committed snapshot - see data/fallback/README). Manual weekly-out overrides applied for confirmed Week 3 absences: Jayden Daniels (WAS QB, elbow, Mariota starting), David Njoku and Charlie Kolar (both LAC TE, placed on IR after Week 2, min 4 games) - all via multi-source web confirmation (ESPN/CBS/NFL.com/Chargers.com), not yet reflected in Sleeper's live feed.",/home/user/ffcc/output/draft_rankings/draft_rankings_2026_ppr.csv
2026,3,00-0037380,Kaden Davis,WR,CHI,PHI,False,0.87,-0.17,-2.0,-2.0,-1.68,2.89,8.72,0.76,0.02,ppr,2026-09-22 13:17,"Pre-kickoff snapshot locked 2026-09-22 (all Week 3 games 9/24-9/28, none yet played). Live data refreshed same day (Sleeper live API blocked by sandbox proxy 403, fell back to committed snapshot - see data/fallback/README). Manual weekly-out overrides applied for confirmed Week 3 absences: Jayden Daniels (WAS QB, elbow, Mariota starting), David Njoku and Charlie Kolar (both LAC TE, placed on IR after Week 2, min 4 games) - all via multi-source web confirmation (ESPN/CBS/NFL.com/Chargers.com), not yet reflected in Sleeper's live feed.",/home/user/ffcc/output/draft_rankings/draft_rankings_2026_ppr.csv
2026,3,00-0037277,Teagan Quitoriano,TE,ARI,SF,False,1.11,-0.27,-2.0,-2.0,-1.29,2.02,6.75,0.79,0.03,ppr,2026-09-22 13:17,"Pre-kickoff snapshot locked 2026-09-22 (all Week 3 games 9/24-9/28, none yet played). Live data refreshed same day (Sleeper live API blocked by sandbox proxy 403, fell back to committed snapshot - see data/fallback/README). Manual weekly-out overrides applied for confirmed Week 3 absences: Jayden Daniels (WAS QB, elbow, Mariota starting), David Njoku and Charlie Kolar (both LAC TE, placed on IR after Week 2, min 4 games) - all via multi-source web confirmation (ESPN/CBS/NFL.com/Chargers.com), not yet reflected in Sleeper's live feed.",/home/user/ffcc/output/draft_rankings/draft_rankings_2026_ppr.csv
2026,3,00-0039489,Hayden Rucci,TE,JAX,NE,False,1.1,-0.69,-2.0,-2.0,-1.66,1.6,6.23,0.8,0.03,ppr,2026-09-22 13:17,"Pre-kickoff snapshot locked 2026-09-22 (all Week 3 games 9/24-9/28, none yet played). Live data refreshed same day (Sleeper live API blocked by sandbox proxy 403, fell back to committed snapshot - see data/fallback/README). Manual weekly-out overrides applied for confirmed Week 3 absences: Jayden Daniels (WAS QB, elbow, Mariota starting), David Njoku and Charlie Kolar (both LAC TE, placed on IR after Week 2, min 4 games) - all via multi-source web confirmation (ESPN/CBS/NFL.com/Chargers.com), not yet reflected in Sleeper's live feed.",/home/user/ffcc/output/draft_rankings/draft_rankings_2026_ppr.csv
2026,3,00-0037317,Nick Muse,TE,ATL,GB,False,0.91,-1.12,-2.0,-2.0,-2.0,1.15,5.74,0.82,0.03,ppr,2026-09-22 13:17,"Pre-kickoff snapshot locked 2026-09-22 (all Week 3 games 9/24-9/28, none yet played). Live data refreshed same day (Sleeper live API blocked by sandbox proxy 403, fell back to committed snapshot - see data/fallback/README). Manual weekly-out overrides applied for confirmed Week 3 absences: Jayden Daniels (WAS QB, elbow, Mariota starting), David Njoku and Charlie Kolar (both LAC TE, placed on IR after Week 2, min 4 games) - all via multi-source web confirmation (ESPN/CBS/NFL.com/Chargers.com), not yet reflected in Sleeper's live feed.",/home/user/ffcc/output/draft_rankings/draft_rankings_2026_ppr.csv
