season,week,player_id,player_display_name,position,team,opponent,is_bye,matchup_factor,weekly_points_pred,sim_p10,sim_p25,sim_median,sim_p75,sim_p90,sim_bust_prob,sim_boom_prob,scoring,locked_at,source_note,source_board
2026,3,00-0034796,Lamar Jackson,QB,BAL,DAL,False,1.43,26.95,17.54,21.7,27.34,33.37,38.77,0.0,0.83,half_ppr,2026-09-22 13:17,"Pre-kickoff snapshot locked 2026-09-22 (all Week 3 games 9/24-9/28, none yet played). Live data refreshed same day (Sleeper live API blocked by sandbox proxy 403, fell back to committed snapshot - see data/fallback/README). Manual weekly-out overrides applied for confirmed Week 3 absences: Jayden Daniels (WAS QB, elbow, Mariota starting), David Njoku and Charlie Kolar (both LAC TE, placed on IR after Week 2, min 4 games) - all via multi-source web confirmation (ESPN/CBS/NFL.com/Chargers.com), not yet reflected in Sleeper's live feed.",/home/user/ffcc/output/draft_rankings/draft_rankings_2026_half_ppr.csv
2026,3,00-0039139,Jahmyr Gibbs,RB,DET,NYJ,False,1.32,24.91,18.72,21.15,23.56,28.13,33.89,0.0,0.96,half_ppr,2026-09-22 13:17,"Pre-kickoff snapshot locked 2026-09-22 (all Week 3 games 9/24-9/28, none yet played). Live data refreshed same day (Sleeper live API blocked by sandbox proxy 403, fell back to committed snapshot - see data/fallback/README). Manual weekly-out overrides applied for confirmed Week 3 absences: Jayden Daniels (WAS QB, elbow, Mariota starting), David Njoku and Charlie Kolar (both LAC TE, placed on IR after Week 2, min 4 games) - all via multi-source web confirmation (ESPN/CBS/NFL.com/Chargers.com), not yet reflected in Sleeper's live feed.",/home/user/ffcc/output/draft_rankings/draft_rankings_2026_half_ppr.csv
2026,3,00-0036389,Jalen Hurts,QB,PHI,CHI,False,1.11,22.68,13.25,17.49,23.15,29.15,34.54,0.0,0.65,half_ppr,2026-09-22 13:17,"Pre-kickoff snapshot locked 2026-09-22 (all Week 3 games 9/24-9/28, none yet played). Live data refreshed same day (Sleeper live API blocked by sandbox proxy 403, fell back to committed snapshot - see data/fallback/README). Manual weekly-out overrides applied for confirmed Week 3 absences: Jayden Daniels (WAS QB, elbow, Mariota starting), David Njoku and Charlie Kolar (both LAC TE, placed on IR after Week 2, min 4 games) - all via multi-source web confirmation (ESPN/CBS/NFL.com/Chargers.com), not yet reflected in Sleeper's live feed.",/home/user/ffcc/output/draft_rankings/draft_rankings_2026_half_ppr.csv
2026,3,00-0033280,Christian McCaffrey,RB,SF,ARI,False,1.21,20.85,14.65,17.07,19.52,23.97,30.01,0.0,0.8,half_ppr,2026-09-22 13:17,"Pre-kickoff snapshot locked 2026-09-22 (all Week 3 games 9/24-9/28, none yet played). Live data refreshed same day (Sleeper live API blocked by sandbox proxy 403, fell back to committed snapshot - see data/fallback/README). Manual weekly-out overrides applied for confirmed Week 3 absences: Jayden Daniels (WAS QB, elbow, Mariota starting), David Njoku and Charlie Kolar (both LAC TE, placed on IR after Week 2, min 4 games) - all via multi-source web confirmation (ESPN/CBS/NFL.com/Chargers.com), not yet reflected in Sleeper's live feed.",/home/user/ffcc/output/draft_rankings/draft_rankings_2026_half_ppr.csv
2026,3,00-0033106,Jared Goff,QB,DET,NYJ,False,1.22,20.45,11.03,14.98,20.9,26.86,32.27,0.01,0.55,half_ppr,2026-09-22 13:17,"Pre-kickoff snapshot locked 2026-09-22 (all Week 3 games 9/24-9/28, none yet played). Live data refreshed same day (Sleeper live API blocked by sandbox proxy 403, fell back to committed snapshot - see data/fallback/README). Manual weekly-out overrides applied for confirmed Week 3 absences: Jayden Daniels (WAS QB, elbow, Mariota starting), David Njoku and Charlie Kolar (both LAC TE, placed on IR after Week 2, min 4 games) - all via multi-source web confirmation (ESPN/CBS/NFL.com/Chargers.com), not yet reflected in Sleeper's live feed.",/home/user/ffcc/output/draft_rankings/draft_rankings_2026_half_ppr.csv
2026,3,00-0033077,Dak Prescott,QB,DAL,BAL,False,1.08,19.0,9.59,13.74,19.31,25.29,30.77,0.01,0.48,half_ppr,2026-09-22 13:17,"Pre-kickoff snapshot locked 2026-09-22 (all Week 3 games 9/24-9/28, none yet played). Live data refreshed same day (Sleeper live API blocked by sandbox proxy 403, fell back to committed snapshot - see data/fallback/README). Manual weekly-out overrides applied for confirmed Week 3 absences: Jayden Daniels (WAS QB, elbow, Mariota starting), David Njoku and Charlie Kolar (both LAC TE, placed on IR after Week 2, min 4 games) - all via multi-source web confirmation (ESPN/CBS/NFL.com/Chargers.com), not yet reflected in Sleeper's live feed.",/home/user/ffcc/output/draft_rankings/draft_rankings_2026_half_ppr.csv
2026,3,00-0033873,Patrick Mahomes,QB,KC,MIA,False,1.11,18.93,9.69,13.74,19.32,25.36,30.57,0.01,0.48,half_ppr,2026-09-22 13:17,"Pre-kickoff snapshot locked 2026-09-22 (all Week 3 games 9/24-9/28, none yet played). Live data refreshed same day (Sleeper live API blocked by sandbox proxy 403, fell back to committed snapshot - see data/fallback/README). Manual weekly-out overrides applied for confirmed Week 3 absences: Jayden Daniels (WAS QB, elbow, Mariota starting), David Njoku and Charlie Kolar (both LAC TE, placed on IR after Week 2, min 4 games) - all via multi-source web confirmation (ESPN/CBS/NFL.com/Chargers.com), not yet reflected in Sleeper's live feed.",/home/user/ffcc/output/draft_rankings/draft_rankings_2026_half_ppr.csv
2026,3,00-0036900,Ja'Marr Chase,WR,CIN,PIT,False,1.15,18.67,12.26,14.69,17.27,21.07,26.43,0.0,0.69,half_ppr,2026-09-22 13:17,"Pre-kickoff snapshot locked 2026-09-22 (all Week 3 games 9/24-9/28, none yet played). Live data refreshed same day (Sleeper live API blocked by sandbox proxy 403, fell back to committed snapshot - see data/fallback/README). Manual weekly-out overrides applied for confirmed Week 3 absences: Jayden Daniels (WAS QB, elbow, Mariota starting), David Njoku and Charlie Kolar (both LAC TE, placed on IR after Week 2, min 4 games) - all via multi-source web confirmation (ESPN/CBS/NFL.com/Chargers.com), not yet reflected in Sleeper's live feed.",/home/user/ffcc/output/draft_rankings/draft_rankings_2026_half_ppr.csv
2026,3,00-0040691,Jaxson Dart,QB,NYG,TEN,False,1.17,18.65,9.23,13.43,19.22,25.27,30.57,0.01,0.48,half_ppr,2026-09-22 13:17,"Pre-kickoff snapshot locked 2026-09-22 (all Week 3 games 9/24-9/28, none yet played). Live data refreshed same day (Sleeper live API blocked by sandbox proxy 403, fell back to committed snapshot - see data/fallback/README). Manual weekly-out overrides applied for confirmed Week 3 absences: Jayden Daniels (WAS QB, elbow, Mariota starting), David Njoku and Charlie Kolar (both LAC TE, placed on IR after Week 2, min 4 games) - all via multi-source web confirmation (ESPN/CBS/NFL.com/Chargers.com), not yet reflected in Sleeper's live feed.",/home/user/ffcc/output/draft_rankings/draft_rankings_2026_half_ppr.csv
2026,3,00-0039851,Drake Maye,QB,NE,JAX,False,0.97,17.84,8.45,12.65,18.25,24.38,29.84,0.02,0.44,half_ppr,2026-09-22 13:17,"Pre-kickoff snapshot locked 2026-09-22 (all Week 3 games 9/24-9/28, none yet played). Live data refreshed same day (Sleeper live API blocked by sandbox proxy 403, fell back to committed snapshot - see data/fallback/README). Manual weekly-out overrides applied for confirmed Week 3 absences: Jayden Daniels (WAS QB, elbow, Mariota starting), David Njoku and Charlie Kolar (both LAC TE, placed on IR after Week 2, min 4 games) - all via multi-source web confirmation (ESPN/CBS/NFL.com/Chargers.com), not yet reflected in Sleeper's live feed.",/home/user/ffcc/output/draft_rankings/draft_rankings_2026_half_ppr.csv
2026,3,00-0036442,Joe Burrow,QB,CIN,PIT,False,1.15,17.62,8.28,12.33,18.08,24.24,29.37,0.02,0.44,half_ppr,2026-09-22 13:17,"Pre-kickoff snapshot locked 2026-09-22 (all Week 3 games 9/24-9/28, none yet played). Live data refreshed same day (Sleeper live API blocked by sandbox proxy 403, fell back to committed snapshot - see data/fallback/README). Manual weekly-out overrides applied for confirmed Week 3 absences: Jayden Daniels (WAS QB, elbow, Mariota starting), David Njoku and Charlie Kolar (both LAC TE, placed on IR after Week 2, min 4 games) - all via multi-source web confirmation (ESPN/CBS/NFL.com/Chargers.com), not yet reflected in Sleeper's live feed.",/home/user/ffcc/output/draft_rankings/draft_rankings_2026_half_ppr.csv
2026,3,00-0038542,Bijan Robinson,RB,ATL,GB,False,0.97,17.5,11.24,13.6,15.98,20.45,26.35,0.0,0.46,half_ppr,2026-09-22 13:17,"Pre-kickoff snapshot locked 2026-09-22 (all Week 3 games 9/24-9/28, none yet played). Live data refreshed same day (Sleeper live API blocked by sandbox proxy 403, fell back to committed snapshot - see data/fallback/README). Manual weekly-out overrides applied for confirmed Week 3 absences: Jayden Daniels (WAS QB, elbow, Mariota starting), David Njoku and Charlie Kolar (both LAC TE, placed on IR after Week 2, min 4 games) - all via multi-source web confirmation (ESPN/CBS/NFL.com/Chargers.com), not yet reflected in Sleeper's live feed.",/home/user/ffcc/output/draft_rankings/draft_rankings_2026_half_ppr.csv
2026,3,00-0023459,Aaron Rodgers,QB,PIT,CIN,False,1.13,17.27,7.75,12.09,17.69,23.91,29.19,0.02,0.42,half_ppr,2026-09-22 13:17,"Pre-kickoff snapshot locked 2026-09-22 (all Week 3 games 9/24-9/28, none yet played). Live data refreshed same day (Sleeper live API blocked by sandbox proxy 403, fell back to committed snapshot - see data/fallback/README). Manual weekly-out overrides applied for confirmed Week 3 absences: Jayden Daniels (WAS QB, elbow, Mariota starting), David Njoku and Charlie Kolar (both LAC TE, placed on IR after Week 2, min 4 games) - all via multi-source web confirmation (ESPN/CBS/NFL.com/Chargers.com), not yet reflected in Sleeper's live feed.",/home/user/ffcc/output/draft_rankings/draft_rankings_2026_half_ppr.csv
2026,3,00-0036264,Jordan Love,QB,GB,ATL,False,1.0,17.07,7.54,11.81,17.27,23.47,28.85,0.02,0.4,half_ppr,2026-09-22 13:17,"Pre-kickoff snapshot locked 2026-09-22 (all Week 3 games 9/24-9/28, none yet played). Live data refreshed same day (Sleeper live API blocked by sandbox proxy 403, fell back to committed snapshot - see data/fallback/README). Manual weekly-out overrides applied for confirmed Week 3 absences: Jayden Daniels (WAS QB, elbow, Mariota starting), David Njoku and Charlie Kolar (both LAC TE, placed on IR after Week 2, min 4 games) - all via multi-source web confirmation (ESPN/CBS/NFL.com/Chargers.com), not yet reflected in Sleeper's live feed.",/home/user/ffcc/output/draft_rankings/draft_rankings_2026_half_ppr.csv
2026,3,00-0037834,Brock Purdy,QB,SF,ARI,False,1.04,16.77,7.36,11.3,17.02,23.43,28.66,0.02,0.39,half_ppr,2026-09-22 13:17,"Pre-kickoff snapshot locked 2026-09-22 (all Week 3 games 9/24-9/28, none yet played). Live data refreshed same day (Sleeper live API blocked by sandbox proxy 403, fell back to committed snapshot - see data/fallback/README). Manual weekly-out overrides applied for confirmed Week 3 absences: Jayden Daniels (WAS QB, elbow, Mariota starting), David Njoku and Charlie Kolar (both LAC TE, placed on IR after Week 2, min 4 games) - all via multi-source web confirmation (ESPN/CBS/NFL.com/Chargers.com), not yet reflected in Sleeper's live feed.",/home/user/ffcc/output/draft_rankings/draft_rankings_2026_half_ppr.csv
2026,3,00-0039732,Bo Nix,QB,DEN,LA,False,0.93,16.61,6.93,11.09,17.03,22.99,28.44,0.03,0.39,half_ppr,2026-09-22 13:17,"Pre-kickoff snapshot locked 2026-09-22 (all Week 3 games 9/24-9/28, none yet played). Live data refreshed same day (Sleeper live API blocked by sandbox proxy 403, fell back to committed snapshot - see data/fallback/README). Manual weekly-out overrides applied for confirmed Week 3 absences: Jayden Daniels (WAS QB, elbow, Mariota starting), David Njoku and Charlie Kolar (both LAC TE, placed on IR after Week 2, min 4 games) - all via multi-source web confirmation (ESPN/CBS/NFL.com/Chargers.com), not yet reflected in Sleeper's live feed.",/home/user/ffcc/output/draft_rankings/draft_rankings_2026_half_ppr.csv
2026,3,00-0034857,Josh Allen,QB,BUF,LAC,False,0.77,16.44,7.18,11.28,17.0,23.0,28.3,0.03,0.38,half_ppr,2026-09-22 13:17,"Pre-kickoff snapshot locked 2026-09-22 (all Week 3 games 9/24-9/28, none yet played). Live data refreshed same day (Sleeper live API blocked by sandbox proxy 403, fell back to committed snapshot - see data/fallback/README). Manual weekly-out overrides applied for confirmed Week 3 absences: Jayden Daniels (WAS QB, elbow, Mariota starting), David Njoku and Charlie Kolar (both LAC TE, placed on IR after Week 2, min 4 games) - all via multi-source web confirmation (ESPN/CBS/NFL.com/Chargers.com), not yet reflected in Sleeper's live feed.",/home/user/ffcc/output/draft_rankings/draft_rankings_2026_half_ppr.csv
2026,3,00-0036971,Trevor Lawrence,QB,JAX,NE,False,0.9,16.32,6.91,11.2,16.74,22.65,28.24,0.03,0.37,half_ppr,2026-09-22 13:17,"Pre-kickoff snapshot locked 2026-09-22 (all Week 3 games 9/24-9/28, none yet played). Live data refreshed same day (Sleeper live API blocked by sandbox proxy 403, fell back to committed snapshot - see data/fallback/README). Manual weekly-out overrides applied for confirmed Week 3 absences: Jayden Daniels (WAS QB, elbow, Mariota starting), David Njoku and Charlie Kolar (both LAC TE, placed on IR after Week 2, min 4 games) - all via multi-source web confirmation (ESPN/CBS/NFL.com/Chargers.com), not yet reflected in Sleeper's live feed.",/home/user/ffcc/output/draft_rankings/draft_rankings_2026_half_ppr.csv
2026,3,00-0036358,CeeDee Lamb,WR,DAL,BAL,False,1.17,16.31,10.05,12.47,15.01,18.73,24.07,0.0,0.47,half_ppr,2026-09-22 13:17,"Pre-kickoff snapshot locked 2026-09-22 (all Week 3 games 9/24-9/28, none yet played). Live data refreshed same day (Sleeper live API blocked by sandbox proxy 403, fell back to committed snapshot - see data/fallback/README). Manual weekly-out overrides applied for confirmed Week 3 absences: Jayden Daniels (WAS QB, elbow, Mariota starting), David Njoku and Charlie Kolar (both LAC TE, placed on IR after Week 2, min 4 games) - all via multi-source web confirmation (ESPN/CBS/NFL.com/Chargers.com), not yet reflected in Sleeper's live feed.",/home/user/ffcc/output/draft_rankings/draft_rankings_2026_half_ppr.csv
2026,3,00-0038543,Jaxon Smith-Njigba,WR,SEA,WAS,False,1.14,16.09,9.86,12.28,14.77,18.68,23.95,0.0,0.44,half_ppr,2026-09-22 13:17,"Pre-kickoff snapshot locked 2026-09-22 (all Week 3 games 9/24-9/28, none yet played). Live data refreshed same day (Sleeper live API blocked by sandbox proxy 403, fell back to committed snapshot - see data/fallback/README). Manual weekly-out overrides applied for confirmed Week 3 absences: Jayden Daniels (WAS QB, elbow, Mariota starting), David Njoku and Charlie Kolar (both LAC TE, placed on IR after Week 2, min 4 games) - all via multi-source web confirmation (ESPN/CBS/NFL.com/Chargers.com), not yet reflected in Sleeper's live feed.",/home/user/ffcc/output/draft_rankings/draft_rankings_2026_half_ppr.csv
2026,3,00-0039163,C.J. Stroud,QB,HOU,IND,False,1.04,16.03,6.74,10.82,16.3,22.54,27.8,0.03,0.36,half_ppr,2026-09-22 13:17,"Pre-kickoff snapshot locked 2026-09-22 (all Week 3 games 9/24-9/28, none yet played). Live data refreshed same day (Sleeper live API blocked by sandbox proxy 403, fell back to committed snapshot - see data/fallback/README). Manual weekly-out overrides applied for confirmed Week 3 absences: Jayden Daniels (WAS QB, elbow, Mariota starting), David Njoku and Charlie Kolar (both LAC TE, placed on IR after Week 2, min 4 games) - all via multi-source web confirmation (ESPN/CBS/NFL.com/Chargers.com), not yet reflected in Sleeper's live feed.",/home/user/ffcc/output/draft_rankings/draft_rankings_2026_half_ppr.csv
2026,3,00-0026498,Matthew Stafford,QB,LA,DEN,False,0.87,15.89,6.64,10.61,16.25,22.28,28.05,0.03,0.36,half_ppr,2026-09-22 13:17,"Pre-kickoff snapshot locked 2026-09-22 (all Week 3 games 9/24-9/28, none yet played). Live data refreshed same day (Sleeper live API blocked by sandbox proxy 403, fell back to committed snapshot - see data/fallback/README). Manual weekly-out overrides applied for confirmed Week 3 absences: Jayden Daniels (WAS QB, elbow, Mariota starting), David Njoku and Charlie Kolar (both LAC TE, placed on IR after Week 2, min 4 games) - all via multi-source web confirmation (ESPN/CBS/NFL.com/Chargers.com), not yet reflected in Sleeper's live feed.",/home/user/ffcc/output/draft_rankings/draft_rankings_2026_half_ppr.csv
2026,3,00-0036223,Jonathan Taylor,RB,IND,HOU,False,0.9,15.71,9.49,11.94,14.33,18.78,24.81,0.01,0.35,half_ppr,2026-09-22 13:17,"Pre-kickoff snapshot locked 2026-09-22 (all Week 3 games 9/24-9/28, none yet played). Live data refreshed same day (Sleeper live API blocked by sandbox proxy 403, fell back to committed snapshot - see data/fallback/README). Manual weekly-out overrides applied for confirmed Week 3 absences: Jayden Daniels (WAS QB, elbow, Mariota starting), David Njoku and Charlie Kolar (both LAC TE, placed on IR after Week 2, min 4 games) - all via multi-source web confirmation (ESPN/CBS/NFL.com/Chargers.com), not yet reflected in Sleeper's live feed.",/home/user/ffcc/output/draft_rankings/draft_rankings_2026_half_ppr.csv
2026,3,00-0036554,Nico Collins,WR,HOU,IND,False,1.16,15.56,9.35,11.69,14.17,17.99,23.41,0.0,0.39,half_ppr,2026-09-22 13:17,"Pre-kickoff snapshot locked 2026-09-22 (all Week 3 games 9/24-9/28, none yet played). Live data refreshed same day (Sleeper live API blocked by sandbox proxy 403, fell back to committed snapshot - see data/fallback/README). Manual weekly-out overrides applied for confirmed Week 3 absences: Jayden Daniels (WAS QB, elbow, Mariota starting), David Njoku and Charlie Kolar (both LAC TE, placed on IR after Week 2, min 4 games) - all via multi-source web confirmation (ESPN/CBS/NFL.com/Chargers.com), not yet reflected in Sleeper's live feed.",/home/user/ffcc/output/draft_rankings/draft_rankings_2026_half_ppr.csv
2026,3,00-0039918,Caleb Williams,QB,CHI,PHI,False,0.89,15.44,6.0,10.01,15.69,21.76,27.25,0.04,0.33,half_ppr,2026-09-22 13:17,"Pre-kickoff snapshot locked 2026-09-22 (all Week 3 games 9/24-9/28, none yet played). Live data refreshed same day (Sleeper live API blocked by sandbox proxy 403, fell back to committed snapshot - see data/fallback/README). Manual weekly-out overrides applied for confirmed Week 3 absences: Jayden Daniels (WAS QB, elbow, Mariota starting), David Njoku and Charlie Kolar (both LAC TE, placed on IR after Week 2, min 4 games) - all via multi-source web confirmation (ESPN/CBS/NFL.com/Chargers.com), not yet reflected in Sleeper's live feed.",/home/user/ffcc/output/draft_rankings/draft_rankings_2026_half_ppr.csv
2026,3,00-0032764,Derrick Henry,RB,BAL,DAL,False,1.13,15.35,9.08,11.54,13.96,18.29,24.29,0.01,0.33,half_ppr,2026-09-22 13:17,"Pre-kickoff snapshot locked 2026-09-22 (all Week 3 games 9/24-9/28, none yet played). Live data refreshed same day (Sleeper live API blocked by sandbox proxy 403, fell back to committed snapshot - see data/fallback/README). Manual weekly-out overrides applied for confirmed Week 3 absences: Jayden Daniels (WAS QB, elbow, Mariota starting), David Njoku and Charlie Kolar (both LAC TE, placed on IR after Week 2, min 4 games) - all via multi-source web confirmation (ESPN/CBS/NFL.com/Chargers.com), not yet reflected in Sleeper's live feed.",/home/user/ffcc/output/draft_rankings/draft_rankings_2026_half_ppr.csv
2026,3,00-0039064,Zay Flowers,WR,BAL,DAL,False,1.32,14.94,8.62,11.07,13.57,17.15,22.51,0.0,0.35,half_ppr,2026-09-22 13:17,"Pre-kickoff snapshot locked 2026-09-22 (all Week 3 games 9/24-9/28, none yet played). Live data refreshed same day (Sleeper live API blocked by sandbox proxy 403, fell back to committed snapshot - see data/fallback/README). Manual weekly-out overrides applied for confirmed Week 3 absences: Jayden Daniels (WAS QB, elbow, Mariota starting), David Njoku and Charlie Kolar (both LAC TE, placed on IR after Week 2, min 4 games) - all via multi-source web confirmation (ESPN/CBS/NFL.com/Chargers.com), not yet reflected in Sleeper's live feed.",/home/user/ffcc/output/draft_rankings/draft_rankings_2026_half_ppr.csv
2026,3,00-0041027,Jeremiyah Love,RB,ARI,SF,False,1.05,14.85,8.41,10.97,13.47,17.89,23.71,0.01,0.31,half_ppr,2026-09-22 13:17,"Pre-kickoff snapshot locked 2026-09-22 (all Week 3 games 9/24-9/28, none yet played). Live data refreshed same day (Sleeper live API blocked by sandbox proxy 403, fell back to committed snapshot - see data/fallback/README). Manual weekly-out overrides applied for confirmed Week 3 absences: Jayden Daniels (WAS QB, elbow, Mariota starting), David Njoku and Charlie Kolar (both LAC TE, placed on IR after Week 2, min 4 games) - all via multi-source web confirmation (ESPN/CBS/NFL.com/Chargers.com), not yet reflected in Sleeper's live feed.",/home/user/ffcc/output/draft_rankings/draft_rankings_2026_half_ppr.csv
2026,3,00-0036355,Justin Herbert,QB,LAC,BUF,False,0.8,14.82,5.34,9.44,15.21,21.39,26.74,0.05,0.31,half_ppr,2026-09-22 13:17,"Pre-kickoff snapshot locked 2026-09-22 (all Week 3 games 9/24-9/28, none yet played). Live data refreshed same day (Sleeper live API blocked by sandbox proxy 403, fell back to committed snapshot - see data/fallback/README). Manual weekly-out overrides applied for confirmed Week 3 absences: Jayden Daniels (WAS QB, elbow, Mariota starting), David Njoku and Charlie Kolar (both LAC TE, placed on IR after Week 2, min 4 games) - all via multi-source web confirmation (ESPN/CBS/NFL.com/Chargers.com), not yet reflected in Sleeper's live feed.",/home/user/ffcc/output/draft_rankings/draft_rankings_2026_half_ppr.csv
2026,3,00-0039337,Malik Nabers,WR,NYG,TEN,False,1.17,14.8,8.6,10.91,13.42,17.07,22.44,0.01,0.34,half_ppr,2026-09-22 13:17,"Pre-kickoff snapshot locked 2026-09-22 (all Week 3 games 9/24-9/28, none yet played). Live data refreshed same day (Sleeper live API blocked by sandbox proxy 403, fell back to committed snapshot - see data/fallback/README). Manual weekly-out overrides applied for confirmed Week 3 absences: Jayden Daniels (WAS QB, elbow, Mariota starting), David Njoku and Charlie Kolar (both LAC TE, placed on IR after Week 2, min 4 games) - all via multi-source web confirmation (ESPN/CBS/NFL.com/Chargers.com), not yet reflected in Sleeper's live feed.",/home/user/ffcc/output/draft_rankings/draft_rankings_2026_half_ppr.csv
2026,3,00-0036963,Amon-Ra St. Brown,WR,DET,NYJ,False,0.99,14.74,8.5,10.85,13.33,17.14,22.62,0.0,0.34,half_ppr,2026-09-22 13:17,"Pre-kickoff snapshot locked 2026-09-22 (all Week 3 games 9/24-9/28, none yet played). Live data refreshed same day (Sleeper live API blocked by sandbox proxy 403, fell back to committed snapshot - see data/fallback/README). Manual weekly-out overrides applied for confirmed Week 3 absences: Jayden Daniels (WAS QB, elbow, Mariota starting), David Njoku and Charlie Kolar (both LAC TE, placed on IR after Week 2, min 4 games) - all via multi-source web confirmation (ESPN/CBS/NFL.com/Chargers.com), not yet reflected in Sleeper's live feed.",/home/user/ffcc/output/draft_rankings/draft_rankings_2026_half_ppr.csv
2026,3,00-0040676,Cam Ward,QB,TEN,NYG,False,1.12,14.56,5.15,9.31,14.98,21.11,26.4,0.05,0.31,half_ppr,2026-09-22 13:17,"Pre-kickoff snapshot locked 2026-09-22 (all Week 3 games 9/24-9/28, none yet played). Live data refreshed same day (Sleeper live API blocked by sandbox proxy 403, fell back to committed snapshot - see data/fallback/README). Manual weekly-out overrides applied for confirmed Week 3 absences: Jayden Daniels (WAS QB, elbow, Mariota starting), David Njoku and Charlie Kolar (both LAC TE, placed on IR after Week 2, min 4 games) - all via multi-source web confirmation (ESPN/CBS/NFL.com/Chargers.com), not yet reflected in Sleeper's live feed.",/home/user/ffcc/output/draft_rankings/draft_rankings_2026_half_ppr.csv
2026,3,00-0037247,George Pickens,WR,DAL,BAL,False,1.17,14.34,8.09,10.5,13.0,16.71,21.92,0.01,0.31,half_ppr,2026-09-22 13:17,"Pre-kickoff snapshot locked 2026-09-22 (all Week 3 games 9/24-9/28, none yet played). Live data refreshed same day (Sleeper live API blocked by sandbox proxy 403, fell back to committed snapshot - see data/fallback/README). Manual weekly-out overrides applied for confirmed Week 3 absences: Jayden Daniels (WAS QB, elbow, Mariota starting), David Njoku and Charlie Kolar (both LAC TE, placed on IR after Week 2, min 4 games) - all via multi-source web confirmation (ESPN/CBS/NFL.com/Chargers.com), not yet reflected in Sleeper's live feed.",/home/user/ffcc/output/draft_rankings/draft_rankings_2026_half_ppr.csv
2026,3,00-0034844,Saquon Barkley,RB,PHI,CHI,False,0.97,14.14,7.98,10.41,12.83,17.28,23.19,0.01,0.28,half_ppr,2026-09-22 13:17,"Pre-kickoff snapshot locked 2026-09-22 (all Week 3 games 9/24-9/28, none yet played). Live data refreshed same day (Sleeper live API blocked by sandbox proxy 403, fell back to committed snapshot - see data/fallback/README). Manual weekly-out overrides applied for confirmed Week 3 absences: Jayden Daniels (WAS QB, elbow, Mariota starting), David Njoku and Charlie Kolar (both LAC TE, placed on IR after Week 2, min 4 games) - all via multi-source web confirmation (ESPN/CBS/NFL.com/Chargers.com), not yet reflected in Sleeper's live feed.",/home/user/ffcc/output/draft_rankings/draft_rankings_2026_half_ppr.csv
2026,3,00-0036410,Tee Higgins,WR,CIN,PIT,False,1.15,14.07,7.85,10.17,12.68,16.4,21.69,0.01,0.3,half_ppr,2026-09-22 13:17,"Pre-kickoff snapshot locked 2026-09-22 (all Week 3 games 9/24-9/28, none yet played). Live data refreshed same day (Sleeper live API blocked by sandbox proxy 403, fell back to committed snapshot - see data/fallback/README). Manual weekly-out overrides applied for confirmed Week 3 absences: Jayden Daniels (WAS QB, elbow, Mariota starting), David Njoku and Charlie Kolar (both LAC TE, placed on IR after Week 2, min 4 games) - all via multi-source web confirmation (ESPN/CBS/NFL.com/Chargers.com), not yet reflected in Sleeper's live feed.",/home/user/ffcc/output/draft_rankings/draft_rankings_2026_half_ppr.csv
2026,3,00-0033119,Jacoby Brissett,QB,ARI,SF,False,1.05,14.07,4.59,8.64,14.29,20.58,25.96,0.06,0.28,half_ppr,2026-09-22 13:17,"Pre-kickoff snapshot locked 2026-09-22 (all Week 3 games 9/24-9/28, none yet played). Live data refreshed same day (Sleeper live API blocked by sandbox proxy 403, fell back to committed snapshot - see data/fallback/README). Manual weekly-out overrides applied for confirmed Week 3 absences: Jayden Daniels (WAS QB, elbow, Mariota starting), David Njoku and Charlie Kolar (both LAC TE, placed on IR after Week 2, min 4 games) - all via multi-source web confirmation (ESPN/CBS/NFL.com/Chargers.com), not yet reflected in Sleeper's live feed.",/home/user/ffcc/output/draft_rankings/draft_rankings_2026_half_ppr.csv
2026,3,00-0037228,Jaylen Warren,RB,PIT,CIN,False,1.31,13.79,7.63,10.01,12.4,17.01,22.92,0.01,0.27,half_ppr,2026-09-22 13:17,"Pre-kickoff snapshot locked 2026-09-22 (all Week 3 games 9/24-9/28, none yet played). Live data refreshed same day (Sleeper live API blocked by sandbox proxy 403, fell back to committed snapshot - see data/fallback/README). Manual weekly-out overrides applied for confirmed Week 3 absences: Jayden Daniels (WAS QB, elbow, Mariota starting), David Njoku and Charlie Kolar (both LAC TE, placed on IR after Week 2, min 4 games) - all via multi-source web confirmation (ESPN/CBS/NFL.com/Chargers.com), not yet reflected in Sleeper's live feed.",/home/user/ffcc/output/draft_rankings/draft_rankings_2026_half_ppr.csv
2026,3,00-0036912,DeVonta Smith,WR,PHI,CHI,False,1.21,13.73,7.49,9.91,12.36,16.18,21.54,0.01,0.29,half_ppr,2026-09-22 13:17,"Pre-kickoff snapshot locked 2026-09-22 (all Week 3 games 9/24-9/28, none yet played). Live data refreshed same day (Sleeper live API blocked by sandbox proxy 403, fell back to committed snapshot - see data/fallback/README). Manual weekly-out overrides applied for confirmed Week 3 absences: Jayden Daniels (WAS QB, elbow, Mariota starting), David Njoku and Charlie Kolar (both LAC TE, placed on IR after Week 2, min 4 games) - all via multi-source web confirmation (ESPN/CBS/NFL.com/Chargers.com), not yet reflected in Sleeper's live feed.",/home/user/ffcc/output/draft_rankings/draft_rankings_2026_half_ppr.csv
2026,3,00-0039040,De'Von Achane,RB,MIA,KC,False,0.87,13.69,7.47,9.92,12.34,16.91,22.86,0.01,0.27,half_ppr,2026-09-22 13:17,"Pre-kickoff snapshot locked 2026-09-22 (all Week 3 games 9/24-9/28, none yet played). Live data refreshed same day (Sleeper live API blocked by sandbox proxy 403, fell back to committed snapshot - see data/fallback/README). Manual weekly-out overrides applied for confirmed Week 3 absences: Jayden Daniels (WAS QB, elbow, Mariota starting), David Njoku and Charlie Kolar (both LAC TE, placed on IR after Week 2, min 4 games) - all via multi-source web confirmation (ESPN/CBS/NFL.com/Chargers.com), not yet reflected in Sleeper's live feed.",/home/user/ffcc/output/draft_rankings/draft_rankings_2026_half_ppr.csv
2026,3,00-0039075,Puka Nacua,WR,LA,DEN,False,0.84,13.64,7.51,9.91,12.31,16.05,21.21,0.01,0.29,half_ppr,2026-09-22 13:17,"Pre-kickoff snapshot locked 2026-09-22 (all Week 3 games 9/24-9/28, none yet played). Live data refreshed same day (Sleeper live API blocked by sandbox proxy 403, fell back to committed snapshot - see data/fallback/README). Manual weekly-out overrides applied for confirmed Week 3 absences: Jayden Daniels (WAS QB, elbow, Mariota starting), David Njoku and Charlie Kolar (both LAC TE, placed on IR after Week 2, min 4 games) - all via multi-source web confirmation (ESPN/CBS/NFL.com/Chargers.com), not yet reflected in Sleeper's live feed.",/home/user/ffcc/output/draft_rankings/draft_rankings_2026_half_ppr.csv
2026,3,00-0040122,Ashton Jeanty,RB,LV,NO,False,0.96,13.45,7.08,9.53,12.02,16.49,22.2,0.02,0.25,half_ppr,2026-09-22 13:17,"Pre-kickoff snapshot locked 2026-09-22 (all Week 3 games 9/24-9/28, none yet played). Live data refreshed same day (Sleeper live API blocked by sandbox proxy 403, fell back to committed snapshot - see data/fallback/README). Manual weekly-out overrides applied for confirmed Week 3 absences: Jayden Daniels (WAS QB, elbow, Mariota starting), David Njoku and Charlie Kolar (both LAC TE, placed on IR after Week 2, min 4 games) - all via multi-source web confirmation (ESPN/CBS/NFL.com/Chargers.com), not yet reflected in Sleeper's live feed.",/home/user/ffcc/output/draft_rankings/draft_rankings_2026_half_ppr.csv
2026,3,00-0033537,Deshaun Watson,QB,CLE,CAR,False,0.85,13.41,4.06,8.0,13.94,20.18,25.33,0.07,0.27,half_ppr,2026-09-22 13:17,"Pre-kickoff snapshot locked 2026-09-22 (all Week 3 games 9/24-9/28, none yet played). Live data refreshed same day (Sleeper live API blocked by sandbox proxy 403, fell back to committed snapshot - see data/fallback/README). Manual weekly-out overrides applied for confirmed Week 3 absences: Jayden Daniels (WAS QB, elbow, Mariota starting), David Njoku and Charlie Kolar (both LAC TE, placed on IR after Week 2, min 4 games) - all via multi-source web confirmation (ESPN/CBS/NFL.com/Chargers.com), not yet reflected in Sleeper's live feed.",/home/user/ffcc/output/draft_rankings/draft_rankings_2026_half_ppr.csv
2026,3,00-0037744,Trey McBride,TE,ARI,SF,False,1.12,13.39,8.71,10.58,12.5,15.26,19.71,0.0,0.79,half_ppr,2026-09-22 13:17,"Pre-kickoff snapshot locked 2026-09-22 (all Week 3 games 9/24-9/28, none yet played). Live data refreshed same day (Sleeper live API blocked by sandbox proxy 403, fell back to committed snapshot - see data/fallback/README). Manual weekly-out overrides applied for confirmed Week 3 absences: Jayden Daniels (WAS QB, elbow, Mariota starting), David Njoku and Charlie Kolar (both LAC TE, placed on IR after Week 2, min 4 games) - all via multi-source web confirmation (ESPN/CBS/NFL.com/Chargers.com), not yet reflected in Sleeper's live feed.",/home/user/ffcc/output/draft_rankings/draft_rankings_2026_half_ppr.csv
2026,3,00-0041438,Carnell Tate,WR,TEN,NYG,False,1.11,13.36,7.22,9.55,12.04,15.77,21.13,0.01,0.27,half_ppr,2026-09-22 13:17,"Pre-kickoff snapshot locked 2026-09-22 (all Week 3 games 9/24-9/28, none yet played). Live data refreshed same day (Sleeper live API blocked by sandbox proxy 403, fell back to committed snapshot - see data/fallback/README). Manual weekly-out overrides applied for confirmed Week 3 absences: Jayden Daniels (WAS QB, elbow, Mariota starting), David Njoku and Charlie Kolar (both LAC TE, placed on IR after Week 2, min 4 games) - all via multi-source web confirmation (ESPN/CBS/NFL.com/Chargers.com), not yet reflected in Sleeper's live feed.",/home/user/ffcc/output/draft_rankings/draft_rankings_2026_half_ppr.csv
2026,3,00-0037248,James Cook,RB,BUF,LAC,False,0.85,13.34,7.17,9.61,11.86,16.37,22.14,0.01,0.25,half_ppr,2026-09-22 13:17,"Pre-kickoff snapshot locked 2026-09-22 (all Week 3 games 9/24-9/28, none yet played). Live data refreshed same day (Sleeper live API blocked by sandbox proxy 403, fell back to committed snapshot - see data/fallback/README). Manual weekly-out overrides applied for confirmed Week 3 absences: Jayden Daniels (WAS QB, elbow, Mariota starting), David Njoku and Charlie Kolar (both LAC TE, placed on IR after Week 2, min 4 games) - all via multi-source web confirmation (ESPN/CBS/NFL.com/Chargers.com), not yet reflected in Sleeper's live feed.",/home/user/ffcc/output/draft_rankings/draft_rankings_2026_half_ppr.csv
2026,3,00-0033288,George Kittle,TE,SF,ARI,False,1.29,13.29,8.57,10.46,12.34,15.01,19.38,0.0,0.77,half_ppr,2026-09-22 13:17,"Pre-kickoff snapshot locked 2026-09-22 (all Week 3 games 9/24-9/28, none yet played). Live data refreshed same day (Sleeper live API blocked by sandbox proxy 403, fell back to committed snapshot - see data/fallback/README). Manual weekly-out overrides applied for confirmed Week 3 absences: Jayden Daniels (WAS QB, elbow, Mariota starting), David Njoku and Charlie Kolar (both LAC TE, placed on IR after Week 2, min 4 games) - all via multi-source web confirmation (ESPN/CBS/NFL.com/Chargers.com), not yet reflected in Sleeper's live feed.",/home/user/ffcc/output/draft_rankings/draft_rankings_2026_half_ppr.csv
2026,3,00-0038134,Kenneth Walker III,RB,KC,MIA,False,1.13,13.25,7.08,9.54,11.95,16.47,22.31,0.02,0.25,half_ppr,2026-09-22 13:17,"Pre-kickoff snapshot locked 2026-09-22 (all Week 3 games 9/24-9/28, none yet played). Live data refreshed same day (Sleeper live API blocked by sandbox proxy 403, fell back to committed snapshot - see data/fallback/README). Manual weekly-out overrides applied for confirmed Week 3 absences: Jayden Daniels (WAS QB, elbow, Mariota starting), David Njoku and Charlie Kolar (both LAC TE, placed on IR after Week 2, min 4 games) - all via multi-source web confirmation (ESPN/CBS/NFL.com/Chargers.com), not yet reflected in Sleeper's live feed.",/home/user/ffcc/output/draft_rankings/draft_rankings_2026_half_ppr.csv
2026,3,00-0038128,Malik Willis,QB,MIA,KC,False,0.93,13.25,3.9,8.06,13.7,19.67,25.03,0.07,0.25,half_ppr,2026-09-22 13:17,"Pre-kickoff snapshot locked 2026-09-22 (all Week 3 games 9/24-9/28, none yet played). Live data refreshed same day (Sleeper live API blocked by sandbox proxy 403, fell back to committed snapshot - see data/fallback/README). Manual weekly-out overrides applied for confirmed Week 3 absences: Jayden Daniels (WAS QB, elbow, Mariota starting), David Njoku and Charlie Kolar (both LAC TE, placed on IR after Week 2, min 4 games) - all via multi-source web confirmation (ESPN/CBS/NFL.com/Chargers.com), not yet reflected in Sleeper's live feed.",/home/user/ffcc/output/draft_rankings/draft_rankings_2026_half_ppr.csv
2026,3,00-0037239,Chris Olave,WR,NO,LV,False,1.08,13.24,6.98,9.36,11.81,15.5,20.68,0.01,0.26,half_ppr,2026-09-22 13:17,"Pre-kickoff snapshot locked 2026-09-22 (all Week 3 games 9/24-9/28, none yet played). Live data refreshed same day (Sleeper live API blocked by sandbox proxy 403, fell back to committed snapshot - see data/fallback/README). Manual weekly-out overrides applied for confirmed Week 3 absences: Jayden Daniels (WAS QB, elbow, Mariota starting), David Njoku and Charlie Kolar (both LAC TE, placed on IR after Week 2, min 4 games) - all via multi-source web confirmation (ESPN/CBS/NFL.com/Chargers.com), not yet reflected in Sleeper's live feed.",/home/user/ffcc/output/draft_rankings/draft_rankings_2026_half_ppr.csv
2026,3,00-0035228,Kyler Murray,QB,MIN,TB,False,1.19,13.08,3.78,7.78,13.49,19.67,24.83,0.08,0.25,half_ppr,2026-09-22 13:17,"Pre-kickoff snapshot locked 2026-09-22 (all Week 3 games 9/24-9/28, none yet played). Live data refreshed same day (Sleeper live API blocked by sandbox proxy 403, fell back to committed snapshot - see data/fallback/README). Manual weekly-out overrides applied for confirmed Week 3 absences: Jayden Daniels (WAS QB, elbow, Mariota starting), David Njoku and Charlie Kolar (both LAC TE, placed on IR after Week 2, min 4 games) - all via multi-source web confirmation (ESPN/CBS/NFL.com/Chargers.com), not yet reflected in Sleeper's live feed.",/home/user/ffcc/output/draft_rankings/draft_rankings_2026_half_ppr.csv
2026,3,00-0036322,Justin Jefferson,WR,MIN,TB,False,1.01,13.05,6.82,9.22,11.68,15.49,20.76,0.02,0.26,half_ppr,2026-09-22 13:17,"Pre-kickoff snapshot locked 2026-09-22 (all Week 3 games 9/24-9/28, none yet played). Live data refreshed same day (Sleeper live API blocked by sandbox proxy 403, fell back to committed snapshot - see data/fallback/README). Manual weekly-out overrides applied for confirmed Week 3 absences: Jayden Daniels (WAS QB, elbow, Mariota starting), David Njoku and Charlie Kolar (both LAC TE, placed on IR after Week 2, min 4 games) - all via multi-source web confirmation (ESPN/CBS/NFL.com/Chargers.com), not yet reflected in Sleeper's live feed.",/home/user/ffcc/output/draft_rankings/draft_rankings_2026_half_ppr.csv
2026,3,00-0040666,Omarion Hampton,RB,LAC,BUF,False,1.11,13.03,6.85,9.32,11.66,16.22,22.07,0.02,0.24,half_ppr,2026-09-22 13:17,"Pre-kickoff snapshot locked 2026-09-22 (all Week 3 games 9/24-9/28, none yet played). Live data refreshed same day (Sleeper live API blocked by sandbox proxy 403, fell back to committed snapshot - see data/fallback/README). Manual weekly-out overrides applied for confirmed Week 3 absences: Jayden Daniels (WAS QB, elbow, Mariota starting), David Njoku and Charlie Kolar (both LAC TE, placed on IR after Week 2, min 4 games) - all via multi-source web confirmation (ESPN/CBS/NFL.com/Chargers.com), not yet reflected in Sleeper's live feed.",/home/user/ffcc/output/draft_rankings/draft_rankings_2026_half_ppr.csv
2026,3,00-0037238,Drake London,WR,ATL,GB,False,1.02,12.94,6.68,9.11,11.57,15.34,20.68,0.02,0.25,half_ppr,2026-09-22 13:17,"Pre-kickoff snapshot locked 2026-09-22 (all Week 3 games 9/24-9/28, none yet played). Live data refreshed same day (Sleeper live API blocked by sandbox proxy 403, fell back to committed snapshot - see data/fallback/README). Manual weekly-out overrides applied for confirmed Week 3 absences: Jayden Daniels (WAS QB, elbow, Mariota starting), David Njoku and Charlie Kolar (both LAC TE, placed on IR after Week 2, min 4 games) - all via multi-source web confirmation (ESPN/CBS/NFL.com/Chargers.com), not yet reflected in Sleeper's live feed.",/home/user/ffcc/output/draft_rankings/draft_rankings_2026_half_ppr.csv
2026,3,00-0037740,Garrett Wilson,WR,NYJ,DET,False,1.19,12.88,6.69,9.09,11.48,15.29,20.43,0.02,0.25,half_ppr,2026-09-22 13:17,"Pre-kickoff snapshot locked 2026-09-22 (all Week 3 games 9/24-9/28, none yet played). Live data refreshed same day (Sleeper live API blocked by sandbox proxy 403, fell back to committed snapshot - see data/fallback/README). Manual weekly-out overrides applied for confirmed Week 3 absences: Jayden Daniels (WAS QB, elbow, Mariota starting), David Njoku and Charlie Kolar (both LAC TE, placed on IR after Week 2, min 4 games) - all via multi-source web confirmation (ESPN/CBS/NFL.com/Chargers.com), not yet reflected in Sleeper's live feed.",/home/user/ffcc/output/draft_rankings/draft_rankings_2026_half_ppr.csv
2026,3,00-0030565,Geno Smith,QB,NYJ,DET,False,1.12,12.73,3.31,7.31,13.11,19.14,24.58,0.09,0.23,half_ppr,2026-09-22 13:17,"Pre-kickoff snapshot locked 2026-09-22 (all Week 3 games 9/24-9/28, none yet played). Live data refreshed same day (Sleeper live API blocked by sandbox proxy 403, fell back to committed snapshot - see data/fallback/README). Manual weekly-out overrides applied for confirmed Week 3 absences: Jayden Daniels (WAS QB, elbow, Mariota starting), David Njoku and Charlie Kolar (both LAC TE, placed on IR after Week 2, min 4 games) - all via multi-source web confirmation (ESPN/CBS/NFL.com/Chargers.com), not yet reflected in Sleeper's live feed.",/home/user/ffcc/output/draft_rankings/draft_rankings_2026_half_ppr.csv
2026,3,00-0036139,Rico Dowdle,RB,PIT,CIN,False,1.31,12.59,6.42,8.89,11.25,15.94,21.87,0.02,0.23,half_ppr,2026-09-22 13:17,"Pre-kickoff snapshot locked 2026-09-22 (all Week 3 games 9/24-9/28, none yet played). Live data refreshed same day (Sleeper live API blocked by sandbox proxy 403, fell back to committed snapshot - see data/fallback/README). Manual weekly-out overrides applied for confirmed Week 3 absences: Jayden Daniels (WAS QB, elbow, Mariota starting), David Njoku and Charlie Kolar (both LAC TE, placed on IR after Week 2, min 4 games) - all via multi-source web confirmation (ESPN/CBS/NFL.com/Chargers.com), not yet reflected in Sleeper's live feed.",/home/user/ffcc/output/draft_rankings/draft_rankings_2026_half_ppr.csv
2026,3,00-0036275,D'Andre Swift,RB,CHI,PHI,False,1.05,12.46,6.1,8.67,11.1,15.75,21.4,0.02,0.22,half_ppr,2026-09-22 13:17,"Pre-kickoff snapshot locked 2026-09-22 (all Week 3 games 9/24-9/28, none yet played). Live data refreshed same day (Sleeper live API blocked by sandbox proxy 403, fell back to committed snapshot - see data/fallback/README). Manual weekly-out overrides applied for confirmed Week 3 absences: Jayden Daniels (WAS QB, elbow, Mariota starting), David Njoku and Charlie Kolar (both LAC TE, placed on IR after Week 2, min 4 games) - all via multi-source web confirmation (ESPN/CBS/NFL.com/Chargers.com), not yet reflected in Sleeper's live feed.",/home/user/ffcc/output/draft_rankings/draft_rankings_2026_half_ppr.csv
2026,3,00-0036997,Javonte Williams,RB,DAL,BAL,False,1.03,12.38,5.96,8.5,10.92,15.32,21.28,0.03,0.21,half_ppr,2026-09-22 13:17,"Pre-kickoff snapshot locked 2026-09-22 (all Week 3 games 9/24-9/28, none yet played). Live data refreshed same day (Sleeper live API blocked by sandbox proxy 403, fell back to committed snapshot - see data/fallback/README). Manual weekly-out overrides applied for confirmed Week 3 absences: Jayden Daniels (WAS QB, elbow, Mariota starting), David Njoku and Charlie Kolar (both LAC TE, placed on IR after Week 2, min 4 games) - all via multi-source web confirmation (ESPN/CBS/NFL.com/Chargers.com), not yet reflected in Sleeper's live feed.",/home/user/ffcc/output/draft_rankings/draft_rankings_2026_half_ppr.csv
2026,3,00-0036973,Travis Etienne,RB,NO,LV,False,1.04,12.23,5.99,8.43,10.76,15.23,21.27,0.03,0.21,half_ppr,2026-09-22 13:17,"Pre-kickoff snapshot locked 2026-09-22 (all Week 3 games 9/24-9/28, none yet played). Live data refreshed same day (Sleeper live API blocked by sandbox proxy 403, fell back to committed snapshot - see data/fallback/README). Manual weekly-out overrides applied for confirmed Week 3 absences: Jayden Daniels (WAS QB, elbow, Mariota starting), David Njoku and Charlie Kolar (both LAC TE, placed on IR after Week 2, min 4 games) - all via multi-source web confirmation (ESPN/CBS/NFL.com/Chargers.com), not yet reflected in Sleeper's live feed.",/home/user/ffcc/output/draft_rankings/draft_rankings_2026_half_ppr.csv
2026,3,00-0036894,Pat Freiermuth,TE,PIT,CIN,False,1.64,12.22,7.45,9.44,11.3,14.02,18.23,0.01,0.65,half_ppr,2026-09-22 13:17,"Pre-kickoff snapshot locked 2026-09-22 (all Week 3 games 9/24-9/28, none yet played). Live data refreshed same day (Sleeper live API blocked by sandbox proxy 403, fell back to committed snapshot - see data/fallback/README). Manual weekly-out overrides applied for confirmed Week 3 absences: Jayden Daniels (WAS QB, elbow, Mariota starting), David Njoku and Charlie Kolar (both LAC TE, placed on IR after Week 2, min 4 games) - all via multi-source web confirmation (ESPN/CBS/NFL.com/Chargers.com), not yet reflected in Sleeper's live feed.",/home/user/ffcc/output/draft_rankings/draft_rankings_2026_half_ppr.csv
2026,3,00-0039150,Bryce Young,QB,CAR,CLE,False,0.82,12.21,2.81,6.91,12.49,18.49,24.04,0.1,0.21,half_ppr,2026-09-22 13:17,"Pre-kickoff snapshot locked 2026-09-22 (all Week 3 games 9/24-9/28, none yet played). Live data refreshed same day (Sleeper live API blocked by sandbox proxy 403, fell back to committed snapshot - see data/fallback/README). Manual weekly-out overrides applied for confirmed Week 3 absences: Jayden Daniels (WAS QB, elbow, Mariota starting), David Njoku and Charlie Kolar (both LAC TE, placed on IR after Week 2, min 4 games) - all via multi-source web confirmation (ESPN/CBS/NFL.com/Chargers.com), not yet reflected in Sleeper's live feed.",/home/user/ffcc/output/draft_rankings/draft_rankings_2026_half_ppr.csv
2026,3,00-0040784,Quinshon Judkins,RB,CLE,CAR,False,1.1,12.17,5.96,8.45,10.75,15.21,20.74,0.03,0.2,half_ppr,2026-09-22 13:17,"Pre-kickoff snapshot locked 2026-09-22 (all Week 3 games 9/24-9/28, none yet played). Live data refreshed same day (Sleeper live API blocked by sandbox proxy 403, fell back to committed snapshot - see data/fallback/README). Manual weekly-out overrides applied for confirmed Week 3 absences: Jayden Daniels (WAS QB, elbow, Mariota starting), David Njoku and Charlie Kolar (both LAC TE, placed on IR after Week 2, min 4 games) - all via multi-source web confirmation (ESPN/CBS/NFL.com/Chargers.com), not yet reflected in Sleeper's live feed.",/home/user/ffcc/output/draft_rankings/draft_rankings_2026_half_ppr.csv
2026,3,00-0035261,Tony Pollard,RB,TEN,NYG,False,1.18,12.15,5.86,8.38,10.79,15.19,20.99,0.03,0.2,half_ppr,2026-09-22 13:17,"Pre-kickoff snapshot locked 2026-09-22 (all Week 3 games 9/24-9/28, none yet played). Live data refreshed same day (Sleeper live API blocked by sandbox proxy 403, fell back to committed snapshot - see data/fallback/README). Manual weekly-out overrides applied for confirmed Week 3 absences: Jayden Daniels (WAS QB, elbow, Mariota starting), David Njoku and Charlie Kolar (both LAC TE, placed on IR after Week 2, min 4 games) - all via multi-source web confirmation (ESPN/CBS/NFL.com/Chargers.com), not yet reflected in Sleeper's live feed.",/home/user/ffcc/output/draft_rankings/draft_rankings_2026_half_ppr.csv
2026,3,00-0041512,Jadarian Price,RB,SEA,WAS,False,1.2,12.12,5.91,8.36,10.7,15.15,21.25,0.03,0.21,half_ppr,2026-09-22 13:17,"Pre-kickoff snapshot locked 2026-09-22 (all Week 3 games 9/24-9/28, none yet played). Live data refreshed same day (Sleeper live API blocked by sandbox proxy 403, fell back to committed snapshot - see data/fallback/README). Manual weekly-out overrides applied for confirmed Week 3 absences: Jayden Daniels (WAS QB, elbow, Mariota starting), David Njoku and Charlie Kolar (both LAC TE, placed on IR after Week 2, min 4 games) - all via multi-source web confirmation (ESPN/CBS/NFL.com/Chargers.com), not yet reflected in Sleeper's live feed.",/home/user/ffcc/output/draft_rankings/draft_rankings_2026_half_ppr.csv
2026,3,00-0038597,Chase Brown,RB,CIN,PIT,False,0.87,12.09,5.87,8.31,10.73,15.19,21.04,0.03,0.21,half_ppr,2026-09-22 13:17,"Pre-kickoff snapshot locked 2026-09-22 (all Week 3 games 9/24-9/28, none yet played). Live data refreshed same day (Sleeper live API blocked by sandbox proxy 403, fell back to committed snapshot - see data/fallback/README). Manual weekly-out overrides applied for confirmed Week 3 absences: Jayden Daniels (WAS QB, elbow, Mariota starting), David Njoku and Charlie Kolar (both LAC TE, placed on IR after Week 2, min 4 games) - all via multi-source web confirmation (ESPN/CBS/NFL.com/Chargers.com), not yet reflected in Sleeper's live feed.",/home/user/ffcc/output/draft_rankings/draft_rankings_2026_half_ppr.csv
2026,3,00-0038120,Breece Hall,RB,NYJ,DET,False,0.89,12.03,5.64,8.18,10.73,15.26,21.33,0.03,0.21,half_ppr,2026-09-22 13:17,"Pre-kickoff snapshot locked 2026-09-22 (all Week 3 games 9/24-9/28, none yet played). Live data refreshed same day (Sleeper live API blocked by sandbox proxy 403, fell back to committed snapshot - see data/fallback/README). Manual weekly-out overrides applied for confirmed Week 3 absences: Jayden Daniels (WAS QB, elbow, Mariota starting), David Njoku and Charlie Kolar (both LAC TE, placed on IR after Week 2, min 4 games) - all via multi-source web confirmation (ESPN/CBS/NFL.com/Chargers.com), not yet reflected in Sleeper's live feed.",/home/user/ffcc/output/draft_rankings/draft_rankings_2026_half_ppr.csv
2026,3,00-0040743,Tyler Shough,QB,NO,LV,False,0.98,11.8,2.47,6.46,12.16,18.2,23.69,0.11,0.21,half_ppr,2026-09-22 13:17,"Pre-kickoff snapshot locked 2026-09-22 (all Week 3 games 9/24-9/28, none yet played). Live data refreshed same day (Sleeper live API blocked by sandbox proxy 403, fell back to committed snapshot - see data/fallback/README). Manual weekly-out overrides applied for confirmed Week 3 absences: Jayden Daniels (WAS QB, elbow, Mariota starting), David Njoku and Charlie Kolar (both LAC TE, placed on IR after Week 2, min 4 games) - all via multi-source web confirmation (ESPN/CBS/NFL.com/Chargers.com), not yet reflected in Sleeper's live feed.",/home/user/ffcc/output/draft_rankings/draft_rankings_2026_half_ppr.csv
2026,3,00-0035710,Daniel Jones,QB,IND,HOU,False,0.78,11.61,2.36,6.51,12.03,18.19,23.29,0.12,0.2,half_ppr,2026-09-22 13:17,"Pre-kickoff snapshot locked 2026-09-22 (all Week 3 games 9/24-9/28, none yet played). Live data refreshed same day (Sleeper live API blocked by sandbox proxy 403, fell back to committed snapshot - see data/fallback/README). Manual weekly-out overrides applied for confirmed Week 3 absences: Jayden Daniels (WAS QB, elbow, Mariota starting), David Njoku and Charlie Kolar (both LAC TE, placed on IR after Week 2, min 4 games) - all via multi-source web confirmation (ESPN/CBS/NFL.com/Chargers.com), not yet reflected in Sleeper's live feed.",/home/user/ffcc/output/draft_rankings/draft_rankings_2026_half_ppr.csv
2026,3,00-0037840,Kyren Williams,RB,LA,DEN,False,0.78,11.53,5.19,7.7,10.14,14.57,20.26,0.04,0.19,half_ppr,2026-09-22 13:17,"Pre-kickoff snapshot locked 2026-09-22 (all Week 3 games 9/24-9/28, none yet played). Live data refreshed same day (Sleeper live API blocked by sandbox proxy 403, fell back to committed snapshot - see data/fallback/README). Manual weekly-out overrides applied for confirmed Week 3 absences: Jayden Daniels (WAS QB, elbow, Mariota starting), David Njoku and Charlie Kolar (both LAC TE, placed on IR after Week 2, min 4 games) - all via multi-source web confirmation (ESPN/CBS/NFL.com/Chargers.com), not yet reflected in Sleeper's live feed.",/home/user/ffcc/output/draft_rankings/draft_rankings_2026_half_ppr.csv
2026,3,00-0034855,Baker Mayfield,QB,TB,MIN,False,0.68,11.52,2.09,6.16,11.71,17.91,23.41,0.13,0.2,half_ppr,2026-09-22 13:17,"Pre-kickoff snapshot locked 2026-09-22 (all Week 3 games 9/24-9/28, none yet played). Live data refreshed same day (Sleeper live API blocked by sandbox proxy 403, fell back to committed snapshot - see data/fallback/README). Manual weekly-out overrides applied for confirmed Week 3 absences: Jayden Daniels (WAS QB, elbow, Mariota starting), David Njoku and Charlie Kolar (both LAC TE, placed on IR after Week 2, min 4 games) - all via multi-source web confirmation (ESPN/CBS/NFL.com/Chargers.com), not yet reflected in Sleeper's live feed.",/home/user/ffcc/output/draft_rankings/draft_rankings_2026_half_ppr.csv
2026,3,00-0039067,Rashee Rice,WR,KC,MIA,False,0.97,11.45,5.16,7.61,10.08,13.85,19.19,0.04,0.2,half_ppr,2026-09-22 13:17,"Pre-kickoff snapshot locked 2026-09-22 (all Week 3 games 9/24-9/28, none yet played). Live data refreshed same day (Sleeper live API blocked by sandbox proxy 403, fell back to committed snapshot - see data/fallback/README). Manual weekly-out overrides applied for confirmed Week 3 absences: Jayden Daniels (WAS QB, elbow, Mariota starting), David Njoku and Charlie Kolar (both LAC TE, placed on IR after Week 2, min 4 games) - all via multi-source web confirmation (ESPN/CBS/NFL.com/Chargers.com), not yet reflected in Sleeper's live feed.",/home/user/ffcc/output/draft_rankings/draft_rankings_2026_half_ppr.csv
2026,3,00-0034348,Courtland Sutton,WR,DEN,LA,False,1.03,11.22,4.97,7.31,9.81,13.69,19.07,0.04,0.19,half_ppr,2026-09-22 13:17,"Pre-kickoff snapshot locked 2026-09-22 (all Week 3 games 9/24-9/28, none yet played). Live data refreshed same day (Sleeper live API blocked by sandbox proxy 403, fell back to committed snapshot - see data/fallback/README). Manual weekly-out overrides applied for confirmed Week 3 absences: Jayden Daniels (WAS QB, elbow, Mariota starting), David Njoku and Charlie Kolar (both LAC TE, placed on IR after Week 2, min 4 games) - all via multi-source web confirmation (ESPN/CBS/NFL.com/Chargers.com), not yet reflected in Sleeper's live feed.",/home/user/ffcc/output/draft_rankings/draft_rankings_2026_half_ppr.csv
2026,3,00-0040715,Cam Skattebo,RB,NYG,TEN,False,1.0,11.15,4.87,7.29,9.75,14.08,20.11,0.05,0.18,half_ppr,2026-09-22 13:17,"Pre-kickoff snapshot locked 2026-09-22 (all Week 3 games 9/24-9/28, none yet played). Live data refreshed same day (Sleeper live API blocked by sandbox proxy 403, fell back to committed snapshot - see data/fallback/README). Manual weekly-out overrides applied for confirmed Week 3 absences: Jayden Daniels (WAS QB, elbow, Mariota starting), David Njoku and Charlie Kolar (both LAC TE, placed on IR after Week 2, min 4 games) - all via multi-source web confirmation (ESPN/CBS/NFL.com/Chargers.com), not yet reflected in Sleeper's live feed.",/home/user/ffcc/output/draft_rankings/draft_rankings_2026_half_ppr.csv
2026,3,00-0038124,Christian Watson,WR,GB,ATL,False,1.11,10.9,4.68,7.08,9.45,13.16,18.36,0.04,0.17,half_ppr,2026-09-22 13:17,"Pre-kickoff snapshot locked 2026-09-22 (all Week 3 games 9/24-9/28, none yet played). Live data refreshed same day (Sleeper live API blocked by sandbox proxy 403, fell back to committed snapshot - see data/fallback/README). Manual weekly-out overrides applied for confirmed Week 3 absences: Jayden Daniels (WAS QB, elbow, Mariota starting), David Njoku and Charlie Kolar (both LAC TE, placed on IR after Week 2, min 4 games) - all via multi-source web confirmation (ESPN/CBS/NFL.com/Chargers.com), not yet reflected in Sleeper's live feed.",/home/user/ffcc/output/draft_rankings/draft_rankings_2026_half_ppr.csv
2026,3,00-0039146,Jayden Reed,WR,GB,ATL,False,1.11,10.6,4.36,6.8,9.26,12.97,18.36,0.05,0.17,half_ppr,2026-09-22 13:17,"Pre-kickoff snapshot locked 2026-09-22 (all Week 3 games 9/24-9/28, none yet played). Live data refreshed same day (Sleeper live API blocked by sandbox proxy 403, fell back to committed snapshot - see data/fallback/README). Manual weekly-out overrides applied for confirmed Week 3 absences: Jayden Daniels (WAS QB, elbow, Mariota starting), David Njoku and Charlie Kolar (both LAC TE, placed on IR after Week 2, min 4 games) - all via multi-source web confirmation (ESPN/CBS/NFL.com/Chargers.com), not yet reflected in Sleeper's live feed.",/home/user/ffcc/output/draft_rankings/draft_rankings_2026_half_ppr.csv
2026,3,00-0041562,Fernando Mendoza,QB,LV,NO,False,0.86,10.58,1.11,5.29,10.94,17.0,22.47,0.16,0.17,half_ppr,2026-09-22 13:17,"Pre-kickoff snapshot locked 2026-09-22 (all Week 3 games 9/24-9/28, none yet played). Live data refreshed same day (Sleeper live API blocked by sandbox proxy 403, fell back to committed snapshot - see data/fallback/README). Manual weekly-out overrides applied for confirmed Week 3 absences: Jayden Daniels (WAS QB, elbow, Mariota starting), David Njoku and Charlie Kolar (both LAC TE, placed on IR after Week 2, min 4 games) - all via multi-source web confirmation (ESPN/CBS/NFL.com/Chargers.com), not yet reflected in Sleeper's live feed.",/home/user/ffcc/output/draft_rankings/draft_rankings_2026_half_ppr.csv
2026,3,00-0037240,Jameson Williams,WR,DET,NYJ,False,0.99,10.29,4.07,6.48,8.93,12.69,18.12,0.06,0.16,half_ppr,2026-09-22 13:17,"Pre-kickoff snapshot locked 2026-09-22 (all Week 3 games 9/24-9/28, none yet played). Live data refreshed same day (Sleeper live API blocked by sandbox proxy 403, fell back to committed snapshot - see data/fallback/README). Manual weekly-out overrides applied for confirmed Week 3 absences: Jayden Daniels (WAS QB, elbow, Mariota starting), David Njoku and Charlie Kolar (both LAC TE, placed on IR after Week 2, min 4 games) - all via multi-source web confirmation (ESPN/CBS/NFL.com/Chargers.com), not yet reflected in Sleeper's live feed.",/home/user/ffcc/output/draft_rankings/draft_rankings_2026_half_ppr.csv
2026,3,00-0040718,Travis Hunter,WR,JAX,NE,False,0.96,10.15,3.88,6.28,8.74,12.55,17.76,0.07,0.16,half_ppr,2026-09-22 13:17,"Pre-kickoff snapshot locked 2026-09-22 (all Week 3 games 9/24-9/28, none yet played). Live data refreshed same day (Sleeper live API blocked by sandbox proxy 403, fell back to committed snapshot - see data/fallback/README). Manual weekly-out overrides applied for confirmed Week 3 absences: Jayden Daniels (WAS QB, elbow, Mariota starting), David Njoku and Charlie Kolar (both LAC TE, placed on IR after Week 2, min 4 games) - all via multi-source web confirmation (ESPN/CBS/NFL.com/Chargers.com), not yet reflected in Sleeper's live feed.",/home/user/ffcc/output/draft_rankings/draft_rankings_2026_half_ppr.csv
2026,3,00-0039917,Michael Penix Jr.,QB,ATL,GB,False,0.92,10.03,0.59,4.54,10.23,16.42,21.74,0.18,0.15,half_ppr,2026-09-22 13:17,"Pre-kickoff snapshot locked 2026-09-22 (all Week 3 games 9/24-9/28, none yet played). Live data refreshed same day (Sleeper live API blocked by sandbox proxy 403, fell back to committed snapshot - see data/fallback/README). Manual weekly-out overrides applied for confirmed Week 3 absences: Jayden Daniels (WAS QB, elbow, Mariota starting), David Njoku and Charlie Kolar (both LAC TE, placed on IR after Week 2, min 4 games) - all via multi-source web confirmation (ESPN/CBS/NFL.com/Chargers.com), not yet reflected in Sleeper's live feed.",/home/user/ffcc/output/draft_rankings/draft_rankings_2026_half_ppr.csv
2026,3,00-0039338,Brock Bowers,TE,LV,NO,False,0.93,10.02,5.33,7.19,9.09,11.8,16.19,0.03,0.36,half_ppr,2026-09-22 13:17,"Pre-kickoff snapshot locked 2026-09-22 (all Week 3 games 9/24-9/28, none yet played). Live data refreshed same day (Sleeper live API blocked by sandbox proxy 403, fell back to committed snapshot - see data/fallback/README). Manual weekly-out overrides applied for confirmed Week 3 absences: Jayden Daniels (WAS QB, elbow, Mariota starting), David Njoku and Charlie Kolar (both LAC TE, placed on IR after Week 2, min 4 games) - all via multi-source web confirmation (ESPN/CBS/NFL.com/Chargers.com), not yet reflected in Sleeper's live feed.",/home/user/ffcc/output/draft_rankings/draft_rankings_2026_half_ppr.csv
2026,3,00-0039893,Brian Thomas Jr.,WR,JAX,NE,False,0.96,9.98,3.75,6.15,8.55,12.48,17.78,0.07,0.15,half_ppr,2026-09-22 13:17,"Pre-kickoff snapshot locked 2026-09-22 (all Week 3 games 9/24-9/28, none yet played). Live data refreshed same day (Sleeper live API blocked by sandbox proxy 403, fell back to committed snapshot - see data/fallback/README). Manual weekly-out overrides applied for confirmed Week 3 absences: Jayden Daniels (WAS QB, elbow, Mariota starting), David Njoku and Charlie Kolar (both LAC TE, placed on IR after Week 2, min 4 games) - all via multi-source web confirmation (ESPN/CBS/NFL.com/Chargers.com), not yet reflected in Sleeper's live feed.",/home/user/ffcc/output/draft_rankings/draft_rankings_2026_half_ppr.csv
2026,3,00-0038117,Wan'Dale Robinson,WR,TEN,NYG,False,1.11,9.94,3.69,6.08,8.57,12.4,17.69,0.07,0.15,half_ppr,2026-09-22 13:17,"Pre-kickoff snapshot locked 2026-09-22 (all Week 3 games 9/24-9/28, none yet played). Live data refreshed same day (Sleeper live API blocked by sandbox proxy 403, fell back to committed snapshot - see data/fallback/README). Manual weekly-out overrides applied for confirmed Week 3 absences: Jayden Daniels (WAS QB, elbow, Mariota starting), David Njoku and Charlie Kolar (both LAC TE, placed on IR after Week 2, min 4 games) - all via multi-source web confirmation (ESPN/CBS/NFL.com/Chargers.com), not yet reflected in Sleeper's live feed.",/home/user/ffcc/output/draft_rankings/draft_rankings_2026_half_ppr.csv
2026,3,00-0039849,Marvin Harrison Jr.,WR,ARI,SF,False,1.04,9.91,3.71,6.05,8.57,12.31,17.58,0.07,0.15,half_ppr,2026-09-22 13:17,"Pre-kickoff snapshot locked 2026-09-22 (all Week 3 games 9/24-9/28, none yet played). Live data refreshed same day (Sleeper live API blocked by sandbox proxy 403, fell back to committed snapshot - see data/fallback/README). Manual weekly-out overrides applied for confirmed Week 3 absences: Jayden Daniels (WAS QB, elbow, Mariota starting), David Njoku and Charlie Kolar (both LAC TE, placed on IR after Week 2, min 4 games) - all via multi-source web confirmation (ESPN/CBS/NFL.com/Chargers.com), not yet reflected in Sleeper's live feed.",/home/user/ffcc/output/draft_rankings/draft_rankings_2026_half_ppr.csv
2026,3,00-0039361,Bucky Irving,RB,TB,MIN,False,0.9,9.91,3.57,6.07,8.58,13.06,19.05,0.07,0.15,half_ppr,2026-09-22 13:17,"Pre-kickoff snapshot locked 2026-09-22 (all Week 3 games 9/24-9/28, none yet played). Live data refreshed same day (Sleeper live API blocked by sandbox proxy 403, fell back to committed snapshot - see data/fallback/README). Manual weekly-out overrides applied for confirmed Week 3 absences: Jayden Daniels (WAS QB, elbow, Mariota starting), David Njoku and Charlie Kolar (both LAC TE, placed on IR after Week 2, min 4 games) - all via multi-source web confirmation (ESPN/CBS/NFL.com/Chargers.com), not yet reflected in Sleeper's live feed.",/home/user/ffcc/output/draft_rankings/draft_rankings_2026_half_ppr.csv
2026,3,00-0040867,Makai Lemon,WR,PHI,CHI,False,1.21,9.86,3.63,6.07,8.56,12.29,17.7,0.08,0.15,half_ppr,2026-09-22 13:17,"Pre-kickoff snapshot locked 2026-09-22 (all Week 3 games 9/24-9/28, none yet played). Live data refreshed same day (Sleeper live API blocked by sandbox proxy 403, fell back to committed snapshot - see data/fallback/README). Manual weekly-out overrides applied for confirmed Week 3 absences: Jayden Daniels (WAS QB, elbow, Mariota starting), David Njoku and Charlie Kolar (both LAC TE, placed on IR after Week 2, min 4 games) - all via multi-source web confirmation (ESPN/CBS/NFL.com/Chargers.com), not yet reflected in Sleeper's live feed.",/home/user/ffcc/output/draft_rankings/draft_rankings_2026_half_ppr.csv
2026,3,00-0039065,Sam LaPorta,TE,DET,NYJ,False,1.17,9.86,5.21,7.1,8.94,11.74,15.8,0.03,0.35,half_ppr,2026-09-22 13:17,"Pre-kickoff snapshot locked 2026-09-22 (all Week 3 games 9/24-9/28, none yet played). Live data refreshed same day (Sleeper live API blocked by sandbox proxy 403, fell back to committed snapshot - see data/fallback/README). Manual weekly-out overrides applied for confirmed Week 3 absences: Jayden Daniels (WAS QB, elbow, Mariota starting), David Njoku and Charlie Kolar (both LAC TE, placed on IR after Week 2, min 4 games) - all via multi-source web confirmation (ESPN/CBS/NFL.com/Chargers.com), not yet reflected in Sleeper's live feed.",/home/user/ffcc/output/draft_rankings/draft_rankings_2026_half_ppr.csv
2026,3,00-0036945,Justin Fields,QB,KC,MIA,False,1.11,9.86,0.61,4.68,10.16,16.26,21.52,0.18,0.15,half_ppr,2026-09-22 13:17,"Pre-kickoff snapshot locked 2026-09-22 (all Week 3 games 9/24-9/28, none yet played). Live data refreshed same day (Sleeper live API blocked by sandbox proxy 403, fell back to committed snapshot - see data/fallback/README). Manual weekly-out overrides applied for confirmed Week 3 absences: Jayden Daniels (WAS QB, elbow, Mariota starting), David Njoku and Charlie Kolar (both LAC TE, placed on IR after Week 2, min 4 games) - all via multi-source web confirmation (ESPN/CBS/NFL.com/Chargers.com), not yet reflected in Sleeper's live feed.",/home/user/ffcc/output/draft_rankings/draft_rankings_2026_half_ppr.csv
2026,3,00-0037545,Rashid Shaheed,WR,SEA,WAS,False,1.14,9.77,3.4,5.85,8.39,12.26,17.6,0.08,0.15,half_ppr,2026-09-22 13:17,"Pre-kickoff snapshot locked 2026-09-22 (all Week 3 games 9/24-9/28, none yet played). Live data refreshed same day (Sleeper live API blocked by sandbox proxy 403, fell back to committed snapshot - see data/fallback/README). Manual weekly-out overrides applied for confirmed Week 3 absences: Jayden Daniels (WAS QB, elbow, Mariota starting), David Njoku and Charlie Kolar (both LAC TE, placed on IR after Week 2, min 4 games) - all via multi-source web confirmation (ESPN/CBS/NFL.com/Chargers.com), not yet reflected in Sleeper's live feed.",/home/user/ffcc/output/draft_rankings/draft_rankings_2026_half_ppr.csv
2026,3,00-0039923,J.J. McCarthy,QB,MIN,TB,False,1.19,9.75,0.48,4.49,10.17,16.08,21.5,0.19,0.14,half_ppr,2026-09-22 13:17,"Pre-kickoff snapshot locked 2026-09-22 (all Week 3 games 9/24-9/28, none yet played). Live data refreshed same day (Sleeper live API blocked by sandbox proxy 403, fell back to committed snapshot - see data/fallback/README). Manual weekly-out overrides applied for confirmed Week 3 absences: Jayden Daniels (WAS QB, elbow, Mariota starting), David Njoku and Charlie Kolar (both LAC TE, placed on IR after Week 2, min 4 games) - all via multi-source web confirmation (ESPN/CBS/NFL.com/Chargers.com), not yet reflected in Sleeper's live feed.",/home/user/ffcc/output/draft_rankings/draft_rankings_2026_half_ppr.csv
2026,3,00-0040124,Tetairoa McMillan,WR,CAR,CLE,False,0.89,9.75,3.4,5.83,8.29,12.04,17.51,0.08,0.15,half_ppr,2026-09-22 13:17,"Pre-kickoff snapshot locked 2026-09-22 (all Week 3 games 9/24-9/28, none yet played). Live data refreshed same day (Sleeper live API blocked by sandbox proxy 403, fell back to committed snapshot - see data/fallback/README). Manual weekly-out overrides applied for confirmed Week 3 absences: Jayden Daniels (WAS QB, elbow, Mariota starting), David Njoku and Charlie Kolar (both LAC TE, placed on IR after Week 2, min 4 games) - all via multi-source web confirmation (ESPN/CBS/NFL.com/Chargers.com), not yet reflected in Sleeper's live feed.",/home/user/ffcc/output/draft_rankings/draft_rankings_2026_half_ppr.csv
2026,3,00-0031381,Davante Adams,WR,LA,DEN,False,0.84,9.72,3.53,5.88,8.34,12.24,17.69,0.08,0.15,half_ppr,2026-09-22 13:17,"Pre-kickoff snapshot locked 2026-09-22 (all Week 3 games 9/24-9/28, none yet played). Live data refreshed same day (Sleeper live API blocked by sandbox proxy 403, fell back to committed snapshot - see data/fallback/README). Manual weekly-out overrides applied for confirmed Week 3 absences: Jayden Daniels (WAS QB, elbow, Mariota starting), David Njoku and Charlie Kolar (both LAC TE, placed on IR after Week 2, min 4 games) - all via multi-source web confirmation (ESPN/CBS/NFL.com/Chargers.com), not yet reflected in Sleeper's live feed.",/home/user/ffcc/output/draft_rankings/draft_rankings_2026_half_ppr.csv
2026,3,00-0035993,Tyler Huntley,QB,BAL,DAL,False,1.43,9.61,0.19,4.19,9.78,16.19,21.5,0.19,0.14,half_ppr,2026-09-22 13:17,"Pre-kickoff snapshot locked 2026-09-22 (all Week 3 games 9/24-9/28, none yet played). Live data refreshed same day (Sleeper live API blocked by sandbox proxy 403, fell back to committed snapshot - see data/fallback/README). Manual weekly-out overrides applied for confirmed Week 3 absences: Jayden Daniels (WAS QB, elbow, Mariota starting), David Njoku and Charlie Kolar (both LAC TE, placed on IR after Week 2, min 4 games) - all via multi-source web confirmation (ESPN/CBS/NFL.com/Chargers.com), not yet reflected in Sleeper's live feed.",/home/user/ffcc/output/draft_rankings/draft_rankings_2026_half_ppr.csv
2026,3,00-0038994,Jordan Addison,WR,MIN,TB,False,1.01,9.54,3.48,5.81,8.24,11.94,17.28,0.08,0.14,half_ppr,2026-09-22 13:17,"Pre-kickoff snapshot locked 2026-09-22 (all Week 3 games 9/24-9/28, none yet played). Live data refreshed same day (Sleeper live API blocked by sandbox proxy 403, fell back to committed snapshot - see data/fallback/README). Manual weekly-out overrides applied for confirmed Week 3 absences: Jayden Daniels (WAS QB, elbow, Mariota starting), David Njoku and Charlie Kolar (both LAC TE, placed on IR after Week 2, min 4 games) - all via multi-source web confirmation (ESPN/CBS/NFL.com/Chargers.com), not yet reflected in Sleeper's live feed.",/home/user/ffcc/output/draft_rankings/draft_rankings_2026_half_ppr.csv
2026,3,00-0034960,Jakobi Meyers,WR,JAX,NE,False,0.96,9.52,3.22,5.67,8.15,11.91,17.26,0.09,0.14,half_ppr,2026-09-22 13:17,"Pre-kickoff snapshot locked 2026-09-22 (all Week 3 games 9/24-9/28, none yet played). Live data refreshed same day (Sleeper live API blocked by sandbox proxy 403, fell back to committed snapshot - see data/fallback/README). Manual weekly-out overrides applied for confirmed Week 3 absences: Jayden Daniels (WAS QB, elbow, Mariota starting), David Njoku and Charlie Kolar (both LAC TE, placed on IR after Week 2, min 4 games) - all via multi-source web confirmation (ESPN/CBS/NFL.com/Chargers.com), not yet reflected in Sleeper's live feed.",/home/user/ffcc/output/draft_rankings/draft_rankings_2026_half_ppr.csv
2026,3,00-0036555,Chuba Hubbard,RB,CAR,CLE,False,1.0,9.43,3.05,5.63,8.05,12.55,18.61,0.1,0.14,half_ppr,2026-09-22 13:17,"Pre-kickoff snapshot locked 2026-09-22 (all Week 3 games 9/24-9/28, none yet played). Live data refreshed same day (Sleeper live API blocked by sandbox proxy 403, fell back to committed snapshot - see data/fallback/README). Manual weekly-out overrides applied for confirmed Week 3 absences: Jayden Daniels (WAS QB, elbow, Mariota starting), David Njoku and Charlie Kolar (both LAC TE, placed on IR after Week 2, min 4 games) - all via multi-source web confirmation (ESPN/CBS/NFL.com/Chargers.com), not yet reflected in Sleeper's live feed.",/home/user/ffcc/output/draft_rankings/draft_rankings_2026_half_ppr.csv
2026,3,00-0035640,DK Metcalf,WR,PIT,CIN,False,0.83,9.42,3.18,5.55,8.07,11.89,17.28,0.09,0.14,half_ppr,2026-09-22 13:17,"Pre-kickoff snapshot locked 2026-09-22 (all Week 3 games 9/24-9/28, none yet played). Live data refreshed same day (Sleeper live API blocked by sandbox proxy 403, fell back to committed snapshot - see data/fallback/README). Manual weekly-out overrides applied for confirmed Week 3 absences: Jayden Daniels (WAS QB, elbow, Mariota starting), David Njoku and Charlie Kolar (both LAC TE, placed on IR after Week 2, min 4 games) - all via multi-source web confirmation (ESPN/CBS/NFL.com/Chargers.com), not yet reflected in Sleeper's live feed.",/home/user/ffcc/output/draft_rankings/draft_rankings_2026_half_ppr.csv
2026,3,00-0036613,Jaylen Waddle,WR,DEN,LA,False,1.03,9.41,3.19,5.6,8.07,11.69,16.97,0.09,0.13,half_ppr,2026-09-22 13:17,"Pre-kickoff snapshot locked 2026-09-22 (all Week 3 games 9/24-9/28, none yet played). Live data refreshed same day (Sleeper live API blocked by sandbox proxy 403, fell back to committed snapshot - see data/fallback/README). Manual weekly-out overrides applied for confirmed Week 3 absences: Jayden Daniels (WAS QB, elbow, Mariota starting), David Njoku and Charlie Kolar (both LAC TE, placed on IR after Week 2, min 4 games) - all via multi-source web confirmation (ESPN/CBS/NFL.com/Chargers.com), not yet reflected in Sleeper's live feed.",/home/user/ffcc/output/draft_rankings/draft_rankings_2026_half_ppr.csv
2026,3,00-0040663,Harold Fannin Jr.,TE,CLE,CAR,False,1.05,9.37,4.64,6.58,8.44,11.14,15.31,0.04,0.31,half_ppr,2026-09-22 13:17,"Pre-kickoff snapshot locked 2026-09-22 (all Week 3 games 9/24-9/28, none yet played). Live data refreshed same day (Sleeper live API blocked by sandbox proxy 403, fell back to committed snapshot - see data/fallback/README). Manual weekly-out overrides applied for confirmed Week 3 absences: Jayden Daniels (WAS QB, elbow, Mariota starting), David Njoku and Charlie Kolar (both LAC TE, placed on IR after Week 2, min 4 games) - all via multi-source web confirmation (ESPN/CBS/NFL.com/Chargers.com), not yet reflected in Sleeper's live feed.",/home/user/ffcc/output/draft_rankings/draft_rankings_2026_half_ppr.csv
2026,3,00-0036158,J.K. Dobbins,RB,DEN,LA,False,0.9,9.37,3.18,5.64,8.01,12.45,18.31,0.09,0.14,half_ppr,2026-09-22 13:17,"Pre-kickoff snapshot locked 2026-09-22 (all Week 3 games 9/24-9/28, none yet played). Live data refreshed same day (Sleeper live API blocked by sandbox proxy 403, fell back to committed snapshot - see data/fallback/README). Manual weekly-out overrides applied for confirmed Week 3 absences: Jayden Daniels (WAS QB, elbow, Mariota starting), David Njoku and Charlie Kolar (both LAC TE, placed on IR after Week 2, min 4 games) - all via multi-source web confirmation (ESPN/CBS/NFL.com/Chargers.com), not yet reflected in Sleeper's live feed.",/home/user/ffcc/output/draft_rankings/draft_rankings_2026_half_ppr.csv
2026,3,00-0038559,Michael Wilson,WR,ARI,SF,False,1.04,9.35,3.11,5.53,8.03,11.9,17.19,0.1,0.14,half_ppr,2026-09-22 13:17,"Pre-kickoff snapshot locked 2026-09-22 (all Week 3 games 9/24-9/28, none yet played). Live data refreshed same day (Sleeper live API blocked by sandbox proxy 403, fell back to committed snapshot - see data/fallback/README). Manual weekly-out overrides applied for confirmed Week 3 absences: Jayden Daniels (WAS QB, elbow, Mariota starting), David Njoku and Charlie Kolar (both LAC TE, placed on IR after Week 2, min 4 games) - all via multi-source web confirmation (ESPN/CBS/NFL.com/Chargers.com), not yet reflected in Sleeper's live feed.",/home/user/ffcc/output/draft_rankings/draft_rankings_2026_half_ppr.csv
2026,3,00-0040730,RJ Harvey,RB,DEN,LA,False,0.9,9.31,2.88,5.47,7.97,12.5,18.62,0.11,0.14,half_ppr,2026-09-22 13:17,"Pre-kickoff snapshot locked 2026-09-22 (all Week 3 games 9/24-9/28, none yet played). Live data refreshed same day (Sleeper live API blocked by sandbox proxy 403, fell back to committed snapshot - see data/fallback/README). Manual weekly-out overrides applied for confirmed Week 3 absences: Jayden Daniels (WAS QB, elbow, Mariota starting), David Njoku and Charlie Kolar (both LAC TE, placed on IR after Week 2, min 4 games) - all via multi-source web confirmation (ESPN/CBS/NFL.com/Chargers.com), not yet reflected in Sleeper's live feed.",/home/user/ffcc/output/draft_rankings/draft_rankings_2026_half_ppr.csv
2026,3,00-0033906,Alvin Kamara,RB,NO,LV,False,1.04,9.28,2.97,5.5,7.9,12.39,18.45,0.1,0.14,half_ppr,2026-09-22 13:17,"Pre-kickoff snapshot locked 2026-09-22 (all Week 3 games 9/24-9/28, none yet played). Live data refreshed same day (Sleeper live API blocked by sandbox proxy 403, fell back to committed snapshot - see data/fallback/README). Manual weekly-out overrides applied for confirmed Week 3 absences: Jayden Daniels (WAS QB, elbow, Mariota starting), David Njoku and Charlie Kolar (both LAC TE, placed on IR after Week 2, min 4 games) - all via multi-source web confirmation (ESPN/CBS/NFL.com/Chargers.com), not yet reflected in Sleeper's live feed.",/home/user/ffcc/output/draft_rankings/draft_rankings_2026_half_ppr.csv
2026,3,00-0026158,Joe Flacco,QB,CIN,PIT,False,1.15,9.25,0.07,4.1,9.78,15.76,21.02,0.2,0.13,half_ppr,2026-09-22 13:17,"Pre-kickoff snapshot locked 2026-09-22 (all Week 3 games 9/24-9/28, none yet played). Live data refreshed same day (Sleeper live API blocked by sandbox proxy 403, fell back to committed snapshot - see data/fallback/README). Manual weekly-out overrides applied for confirmed Week 3 absences: Jayden Daniels (WAS QB, elbow, Mariota starting), David Njoku and Charlie Kolar (both LAC TE, placed on IR after Week 2, min 4 games) - all via multi-source web confirmation (ESPN/CBS/NFL.com/Chargers.com), not yet reflected in Sleeper's live feed.",/home/user/ffcc/output/draft_rankings/draft_rankings_2026_half_ppr.csv
2026,3,00-0036550,Rashod Bateman,WR,BAL,DAL,False,1.32,9.22,3.07,5.47,7.85,11.63,16.94,0.1,0.13,half_ppr,2026-09-22 13:17,"Pre-kickoff snapshot locked 2026-09-22 (all Week 3 games 9/24-9/28, none yet played). Live data refreshed same day (Sleeper live API blocked by sandbox proxy 403, fell back to committed snapshot - see data/fallback/README). Manual weekly-out overrides applied for confirmed Week 3 absences: Jayden Daniels (WAS QB, elbow, Mariota starting), David Njoku and Charlie Kolar (both LAC TE, placed on IR after Week 2, min 4 games) - all via multi-source web confirmation (ESPN/CBS/NFL.com/Chargers.com), not yet reflected in Sleeper's live feed.",/home/user/ffcc/output/draft_rankings/draft_rankings_2026_half_ppr.csv
2026,3,00-0039032,Tyjae Spears,RB,TEN,NYG,False,1.18,9.12,2.66,5.34,7.74,12.28,18.47,0.11,0.14,half_ppr,2026-09-22 13:17,"Pre-kickoff snapshot locked 2026-09-22 (all Week 3 games 9/24-9/28, none yet played). Live data refreshed same day (Sleeper live API blocked by sandbox proxy 403, fell back to committed snapshot - see data/fallback/README). Manual weekly-out overrides applied for confirmed Week 3 absences: Jayden Daniels (WAS QB, elbow, Mariota starting), David Njoku and Charlie Kolar (both LAC TE, placed on IR after Week 2, min 4 games) - all via multi-source web confirmation (ESPN/CBS/NFL.com/Chargers.com), not yet reflected in Sleeper's live feed.",/home/user/ffcc/output/draft_rankings/draft_rankings_2026_half_ppr.csv
2026,3,00-0030506,Travis Kelce,TE,KC,MIA,False,1.23,9.09,4.33,6.25,8.15,10.92,15.18,0.05,0.28,half_ppr,2026-09-22 13:17,"Pre-kickoff snapshot locked 2026-09-22 (all Week 3 games 9/24-9/28, none yet played). Live data refreshed same day (Sleeper live API blocked by sandbox proxy 403, fell back to committed snapshot - see data/fallback/README). Manual weekly-out overrides applied for confirmed Week 3 absences: Jayden Daniels (WAS QB, elbow, Mariota starting), David Njoku and Charlie Kolar (both LAC TE, placed on IR after Week 2, min 4 games) - all via multi-source web confirmation (ESPN/CBS/NFL.com/Chargers.com), not yet reflected in Sleeper's live feed.",/home/user/ffcc/output/draft_rankings/draft_rankings_2026_half_ppr.csv
2026,3,00-0036972,Mac Jones,QB,SF,ARI,False,1.04,8.95,-0.25,3.87,9.3,15.36,20.73,0.21,0.13,half_ppr,2026-09-22 13:17,"Pre-kickoff snapshot locked 2026-09-22 (all Week 3 games 9/24-9/28, none yet played). Live data refreshed same day (Sleeper live API blocked by sandbox proxy 403, fell back to committed snapshot - see data/fallback/README). Manual weekly-out overrides applied for confirmed Week 3 absences: Jayden Daniels (WAS QB, elbow, Mariota starting), David Njoku and Charlie Kolar (both LAC TE, placed on IR after Week 2, min 4 games) - all via multi-source web confirmation (ESPN/CBS/NFL.com/Chargers.com), not yet reflected in Sleeper's live feed.",/home/user/ffcc/output/draft_rankings/draft_rankings_2026_half_ppr.csv
2026,3,00-0039915,Ladd McConkey,WR,LAC,BUF,False,0.86,8.94,2.82,5.16,7.58,11.32,16.69,0.11,0.13,half_ppr,2026-09-22 13:17,"Pre-kickoff snapshot locked 2026-09-22 (all Week 3 games 9/24-9/28, none yet played). Live data refreshed same day (Sleeper live API blocked by sandbox proxy 403, fell back to committed snapshot - see data/fallback/README). Manual weekly-out overrides applied for confirmed Week 3 absences: Jayden Daniels (WAS QB, elbow, Mariota starting), David Njoku and Charlie Kolar (both LAC TE, placed on IR after Week 2, min 4 games) - all via multi-source web confirmation (ESPN/CBS/NFL.com/Chargers.com), not yet reflected in Sleeper's live feed.",/home/user/ffcc/output/draft_rankings/draft_rankings_2026_half_ppr.csv
2026,3,00-0033908,Cooper Kupp,WR,SEA,WAS,False,1.14,8.93,2.65,5.05,7.57,11.18,16.89,0.12,0.13,half_ppr,2026-09-22 13:17,"Pre-kickoff snapshot locked 2026-09-22 (all Week 3 games 9/24-9/28, none yet played). Live data refreshed same day (Sleeper live API blocked by sandbox proxy 403, fell back to committed snapshot - see data/fallback/README). Manual weekly-out overrides applied for confirmed Week 3 absences: Jayden Daniels (WAS QB, elbow, Mariota starting), David Njoku and Charlie Kolar (both LAC TE, placed on IR after Week 2, min 4 games) - all via multi-source web confirmation (ESPN/CBS/NFL.com/Chargers.com), not yet reflected in Sleeper's live feed.",/home/user/ffcc/output/draft_rankings/draft_rankings_2026_half_ppr.csv
2026,3,00-0034837,Calvin Ridley,WR,TEN,NYG,False,1.11,8.79,2.63,4.97,7.4,11.24,16.62,0.12,0.13,half_ppr,2026-09-22 13:17,"Pre-kickoff snapshot locked 2026-09-22 (all Week 3 games 9/24-9/28, none yet played). Live data refreshed same day (Sleeper live API blocked by sandbox proxy 403, fell back to committed snapshot - see data/fallback/README). Manual weekly-out overrides applied for confirmed Week 3 absences: Jayden Daniels (WAS QB, elbow, Mariota starting), David Njoku and Charlie Kolar (both LAC TE, placed on IR after Week 2, min 4 games) - all via multi-source web confirmation (ESPN/CBS/NFL.com/Chargers.com), not yet reflected in Sleeper's live feed.",/home/user/ffcc/output/draft_rankings/draft_rankings_2026_half_ppr.csv
2026,3,00-0036259,Jauan Jennings,WR,MIN,TB,False,1.01,8.78,2.43,4.93,7.41,11.23,16.51,0.13,0.13,half_ppr,2026-09-22 13:17,"Pre-kickoff snapshot locked 2026-09-22 (all Week 3 games 9/24-9/28, none yet played). Live data refreshed same day (Sleeper live API blocked by sandbox proxy 403, fell back to committed snapshot - see data/fallback/README). Manual weekly-out overrides applied for confirmed Week 3 absences: Jayden Daniels (WAS QB, elbow, Mariota starting), David Njoku and Charlie Kolar (both LAC TE, placed on IR after Week 2, min 4 games) - all via multi-source web confirmation (ESPN/CBS/NFL.com/Chargers.com), not yet reflected in Sleeper's live feed.",/home/user/ffcc/output/draft_rankings/draft_rankings_2026_half_ppr.csv
2026,3,00-0035659,Terry McLaurin,WR,WAS,SEA,False,0.84,8.7,2.5,4.9,7.32,11.1,16.15,0.12,0.12,half_ppr,2026-09-22 13:17,"Pre-kickoff snapshot locked 2026-09-22 (all Week 3 games 9/24-9/28, none yet played). Live data refreshed same day (Sleeper live API blocked by sandbox proxy 403, fell back to committed snapshot - see data/fallback/README). Manual weekly-out overrides applied for confirmed Week 3 absences: Jayden Daniels (WAS QB, elbow, Mariota starting), David Njoku and Charlie Kolar (both LAC TE, placed on IR after Week 2, min 4 games) - all via multi-source web confirmation (ESPN/CBS/NFL.com/Chargers.com), not yet reflected in Sleeper's live feed.",/home/user/ffcc/output/draft_rankings/draft_rankings_2026_half_ppr.csv
2026,3,00-0033293,Aaron Jones,RB,MIN,TB,False,1.0,8.67,2.42,4.9,7.3,11.77,17.78,0.12,0.13,half_ppr,2026-09-22 13:17,"Pre-kickoff snapshot locked 2026-09-22 (all Week 3 games 9/24-9/28, none yet played). Live data refreshed same day (Sleeper live API blocked by sandbox proxy 403, fell back to committed snapshot - see data/fallback/README). Manual weekly-out overrides applied for confirmed Week 3 absences: Jayden Daniels (WAS QB, elbow, Mariota starting), David Njoku and Charlie Kolar (both LAC TE, placed on IR after Week 2, min 4 games) - all via multi-source web confirmation (ESPN/CBS/NFL.com/Chargers.com), not yet reflected in Sleeper's live feed.",/home/user/ffcc/output/draft_rankings/draft_rankings_2026_half_ppr.csv
2026,3,00-0040734,TreVeyon Henderson,RB,NE,JAX,False,0.81,8.64,2.4,4.87,7.24,11.57,17.64,0.12,0.12,half_ppr,2026-09-22 13:17,"Pre-kickoff snapshot locked 2026-09-22 (all Week 3 games 9/24-9/28, none yet played). Live data refreshed same day (Sleeper live API blocked by sandbox proxy 403, fell back to committed snapshot - see data/fallback/README). Manual weekly-out overrides applied for confirmed Week 3 absences: Jayden Daniels (WAS QB, elbow, Mariota starting), David Njoku and Charlie Kolar (both LAC TE, placed on IR after Week 2, min 4 games) - all via multi-source web confirmation (ESPN/CBS/NFL.com/Chargers.com), not yet reflected in Sleeper's live feed.",/home/user/ffcc/output/draft_rankings/draft_rankings_2026_half_ppr.csv
2026,3,00-0031408,Mike Evans,WR,SF,ARI,False,0.97,8.61,2.37,4.79,7.27,11.11,16.5,0.13,0.12,half_ppr,2026-09-22 13:17,"Pre-kickoff snapshot locked 2026-09-22 (all Week 3 games 9/24-9/28, none yet played). Live data refreshed same day (Sleeper live API blocked by sandbox proxy 403, fell back to committed snapshot - see data/fallback/README). Manual weekly-out overrides applied for confirmed Week 3 absences: Jayden Daniels (WAS QB, elbow, Mariota starting), David Njoku and Charlie Kolar (both LAC TE, placed on IR after Week 2, min 4 games) - all via multi-source web confirmation (ESPN/CBS/NFL.com/Chargers.com), not yet reflected in Sleeper's live feed.",/home/user/ffcc/output/draft_rankings/draft_rankings_2026_half_ppr.csv
2026,3,00-0039165,Zach Charbonnet,RB,SEA,WAS,False,1.2,8.52,2.15,4.66,7.15,11.57,17.64,0.14,0.12,half_ppr,2026-09-22 13:17,"Pre-kickoff snapshot locked 2026-09-22 (all Week 3 games 9/24-9/28, none yet played). Live data refreshed same day (Sleeper live API blocked by sandbox proxy 403, fell back to committed snapshot - see data/fallback/README). Manual weekly-out overrides applied for confirmed Week 3 absences: Jayden Daniels (WAS QB, elbow, Mariota starting), David Njoku and Charlie Kolar (both LAC TE, placed on IR after Week 2, min 4 games) - all via multi-source web confirmation (ESPN/CBS/NFL.com/Chargers.com), not yet reflected in Sleeper's live feed.",/home/user/ffcc/output/draft_rankings/draft_rankings_2026_half_ppr.csv
2026,3,00-0034383,Dalton Schultz,TE,HOU,IND,False,1.15,8.48,3.79,5.65,7.58,10.28,14.75,0.06,0.25,half_ppr,2026-09-22 13:17,"Pre-kickoff snapshot locked 2026-09-22 (all Week 3 games 9/24-9/28, none yet played). Live data refreshed same day (Sleeper live API blocked by sandbox proxy 403, fell back to committed snapshot - see data/fallback/README). Manual weekly-out overrides applied for confirmed Week 3 absences: Jayden Daniels (WAS QB, elbow, Mariota starting), David Njoku and Charlie Kolar (both LAC TE, placed on IR after Week 2, min 4 games) - all via multi-source web confirmation (ESPN/CBS/NFL.com/Chargers.com), not yet reflected in Sleeper's live feed.",/home/user/ffcc/output/draft_rankings/draft_rankings_2026_half_ppr.csv
2026,3,00-0032950,Carson Wentz,QB,MIN,TB,False,1.19,8.46,-0.92,3.21,8.92,14.98,20.17,0.24,0.11,half_ppr,2026-09-22 13:17,"Pre-kickoff snapshot locked 2026-09-22 (all Week 3 games 9/24-9/28, none yet played). Live data refreshed same day (Sleeper live API blocked by sandbox proxy 403, fell back to committed snapshot - see data/fallback/README). Manual weekly-out overrides applied for confirmed Week 3 absences: Jayden Daniels (WAS QB, elbow, Mariota starting), David Njoku and Charlie Kolar (both LAC TE, placed on IR after Week 2, min 4 games) - all via multi-source web confirmation (ESPN/CBS/NFL.com/Chargers.com), not yet reflected in Sleeper's live feed.",/home/user/ffcc/output/draft_rankings/draft_rankings_2026_half_ppr.csv
2026,3,00-0033090,Hunter Henry,TE,NE,JAX,False,1.1,8.45,3.88,5.67,7.55,10.27,14.56,0.06,0.25,half_ppr,2026-09-22 13:17,"Pre-kickoff snapshot locked 2026-09-22 (all Week 3 games 9/24-9/28, none yet played). Live data refreshed same day (Sleeper live API blocked by sandbox proxy 403, fell back to committed snapshot - see data/fallback/README). Manual weekly-out overrides applied for confirmed Week 3 absences: Jayden Daniels (WAS QB, elbow, Mariota starting), David Njoku and Charlie Kolar (both LAC TE, placed on IR after Week 2, min 4 games) - all via multi-source web confirmation (ESPN/CBS/NFL.com/Chargers.com), not yet reflected in Sleeper's live feed.",/home/user/ffcc/output/draft_rankings/draft_rankings_2026_half_ppr.csv
2026,3,00-0038606,Parker Washington,WR,JAX,NE,False,0.96,8.4,2.25,4.59,7.07,10.87,16.32,0.14,0.12,half_ppr,2026-09-22 13:17,"Pre-kickoff snapshot locked 2026-09-22 (all Week 3 games 9/24-9/28, none yet played). Live data refreshed same day (Sleeper live API blocked by sandbox proxy 403, fell back to committed snapshot - see data/fallback/README). Manual weekly-out overrides applied for confirmed Week 3 absences: Jayden Daniels (WAS QB, elbow, Mariota starting), David Njoku and Charlie Kolar (both LAC TE, placed on IR after Week 2, min 4 games) - all via multi-source web confirmation (ESPN/CBS/NFL.com/Chargers.com), not yet reflected in Sleeper's live feed.",/home/user/ffcc/output/draft_rankings/draft_rankings_2026_half_ppr.csv
2026,3,00-0041029,Jordyn Tyson,WR,NO,LV,False,1.08,8.32,1.99,4.47,6.92,10.72,16.08,0.15,0.12,half_ppr,2026-09-22 13:17,"Pre-kickoff snapshot locked 2026-09-22 (all Week 3 games 9/24-9/28, none yet played). Live data refreshed same day (Sleeper live API blocked by sandbox proxy 403, fell back to committed snapshot - see data/fallback/README). Manual weekly-out overrides applied for confirmed Week 3 absences: Jayden Daniels (WAS QB, elbow, Mariota starting), David Njoku and Charlie Kolar (both LAC TE, placed on IR after Week 2, min 4 games) - all via multi-source web confirmation (ESPN/CBS/NFL.com/Chargers.com), not yet reflected in Sleeper's live feed.",/home/user/ffcc/output/draft_rankings/draft_rankings_2026_half_ppr.csv
2026,3,00-0034827,DJ Moore,WR,BUF,LAC,False,0.88,8.32,2.05,4.42,6.95,10.68,16.22,0.15,0.12,half_ppr,2026-09-22 13:17,"Pre-kickoff snapshot locked 2026-09-22 (all Week 3 games 9/24-9/28, none yet played). Live data refreshed same day (Sleeper live API blocked by sandbox proxy 403, fell back to committed snapshot - see data/fallback/README). Manual weekly-out overrides applied for confirmed Week 3 absences: Jayden Daniels (WAS QB, elbow, Mariota starting), David Njoku and Charlie Kolar (both LAC TE, placed on IR after Week 2, min 4 games) - all via multi-source web confirmation (ESPN/CBS/NFL.com/Chargers.com), not yet reflected in Sleeper's live feed.",/home/user/ffcc/output/draft_rankings/draft_rankings_2026_half_ppr.csv
2026,3,00-0035685,David Montgomery,RB,HOU,IND,False,0.91,8.26,1.97,4.46,6.89,11.53,17.43,0.15,0.12,half_ppr,2026-09-22 13:17,"Pre-kickoff snapshot locked 2026-09-22 (all Week 3 games 9/24-9/28, none yet played). Live data refreshed same day (Sleeper live API blocked by sandbox proxy 403, fell back to committed snapshot - see data/fallback/README). Manual weekly-out overrides applied for confirmed Week 3 absences: Jayden Daniels (WAS QB, elbow, Mariota starting), David Njoku and Charlie Kolar (both LAC TE, placed on IR after Week 2, min 4 games) - all via multi-source web confirmation (ESPN/CBS/NFL.com/Chargers.com), not yet reflected in Sleeper's live feed.",/home/user/ffcc/output/draft_rankings/draft_rankings_2026_half_ppr.csv
2026,3,00-0035229,T.J. Hockenson,TE,MIN,TB,False,1.21,8.26,3.52,5.43,7.34,9.98,14.39,0.08,0.24,half_ppr,2026-09-22 13:17,"Pre-kickoff snapshot locked 2026-09-22 (all Week 3 games 9/24-9/28, none yet played). Live data refreshed same day (Sleeper live API blocked by sandbox proxy 403, fell back to committed snapshot - see data/fallback/README). Manual weekly-out overrides applied for confirmed Week 3 absences: Jayden Daniels (WAS QB, elbow, Mariota starting), David Njoku and Charlie Kolar (both LAC TE, placed on IR after Week 2, min 4 games) - all via multi-source web confirmation (ESPN/CBS/NFL.com/Chargers.com), not yet reflected in Sleeper's live feed.",/home/user/ffcc/output/draft_rankings/draft_rankings_2026_half_ppr.csv
2026,3,00-0040128,Tyler Warren,TE,IND,HOU,False,0.91,8.25,3.59,5.42,7.31,10.05,14.17,0.07,0.24,half_ppr,2026-09-22 13:17,"Pre-kickoff snapshot locked 2026-09-22 (all Week 3 games 9/24-9/28, none yet played). Live data refreshed same day (Sleeper live API blocked by sandbox proxy 403, fell back to committed snapshot - see data/fallback/README). Manual weekly-out overrides applied for confirmed Week 3 absences: Jayden Daniels (WAS QB, elbow, Mariota starting), David Njoku and Charlie Kolar (both LAC TE, placed on IR after Week 2, min 4 games) - all via multi-source web confirmation (ESPN/CBS/NFL.com/Chargers.com), not yet reflected in Sleeper's live feed.",/home/user/ffcc/output/draft_rankings/draft_rankings_2026_half_ppr.csv
2026,3,00-0034351,Dallas Goedert,TE,PHI,CHI,False,0.96,8.11,3.49,5.32,7.23,9.91,14.19,0.08,0.23,half_ppr,2026-09-22 13:17,"Pre-kickoff snapshot locked 2026-09-22 (all Week 3 games 9/24-9/28, none yet played). Live data refreshed same day (Sleeper live API blocked by sandbox proxy 403, fell back to committed snapshot - see data/fallback/README). Manual weekly-out overrides applied for confirmed Week 3 absences: Jayden Daniels (WAS QB, elbow, Mariota starting), David Njoku and Charlie Kolar (both LAC TE, placed on IR after Week 2, min 4 games) - all via multi-source web confirmation (ESPN/CBS/NFL.com/Chargers.com), not yet reflected in Sleeper's live feed.",/home/user/ffcc/output/draft_rankings/draft_rankings_2026_half_ppr.csv
2026,3,00-0029604,Kirk Cousins,QB,LV,NO,False,0.86,8.03,-1.35,2.79,8.39,14.55,20.03,0.26,0.11,half_ppr,2026-09-22 13:17,"Pre-kickoff snapshot locked 2026-09-22 (all Week 3 games 9/24-9/28, none yet played). Live data refreshed same day (Sleeper live API blocked by sandbox proxy 403, fell back to committed snapshot - see data/fallback/README). Manual weekly-out overrides applied for confirmed Week 3 absences: Jayden Daniels (WAS QB, elbow, Mariota starting), David Njoku and Charlie Kolar (both LAC TE, placed on IR after Week 2, min 4 games) - all via multi-source web confirmation (ESPN/CBS/NFL.com/Chargers.com), not yet reflected in Sleeper's live feed.",/home/user/ffcc/output/draft_rankings/draft_rankings_2026_half_ppr.csv
2026,3,00-0037816,Romeo Doubs,WR,NE,JAX,False,0.99,8.03,1.76,4.22,6.69,10.58,15.8,0.16,0.11,half_ppr,2026-09-22 13:17,"Pre-kickoff snapshot locked 2026-09-22 (all Week 3 games 9/24-9/28, none yet played). Live data refreshed same day (Sleeper live API blocked by sandbox proxy 403, fell back to committed snapshot - see data/fallback/README). Manual weekly-out overrides applied for confirmed Week 3 absences: Jayden Daniels (WAS QB, elbow, Mariota starting), David Njoku and Charlie Kolar (both LAC TE, placed on IR after Week 2, min 4 games) - all via multi-source web confirmation (ESPN/CBS/NFL.com/Chargers.com), not yet reflected in Sleeper's live feed.",/home/user/ffcc/output/draft_rankings/draft_rankings_2026_half_ppr.csv
2026,3,00-0039919,Rome Odunze,WR,CHI,PHI,False,0.85,7.99,1.79,4.13,6.65,10.47,15.94,0.16,0.11,half_ppr,2026-09-22 13:17,"Pre-kickoff snapshot locked 2026-09-22 (all Week 3 games 9/24-9/28, none yet played). Live data refreshed same day (Sleeper live API blocked by sandbox proxy 403, fell back to committed snapshot - see data/fallback/README). Manual weekly-out overrides applied for confirmed Week 3 absences: Jayden Daniels (WAS QB, elbow, Mariota starting), David Njoku and Charlie Kolar (both LAC TE, placed on IR after Week 2, min 4 games) - all via multi-source web confirmation (ESPN/CBS/NFL.com/Chargers.com), not yet reflected in Sleeper's live feed.",/home/user/ffcc/output/draft_rankings/draft_rankings_2026_half_ppr.csv
2026,3,00-0035719,Deebo Samuel Sr.,WR,SF,ARI,False,0.97,7.98,1.72,4.15,6.7,10.43,15.55,0.16,0.1,half_ppr,2026-09-22 13:17,"Pre-kickoff snapshot locked 2026-09-22 (all Week 3 games 9/24-9/28, none yet played). Live data refreshed same day (Sleeper live API blocked by sandbox proxy 403, fell back to committed snapshot - see data/fallback/README). Manual weekly-out overrides applied for confirmed Week 3 absences: Jayden Daniels (WAS QB, elbow, Mariota starting), David Njoku and Charlie Kolar (both LAC TE, placed on IR after Week 2, min 4 games) - all via multi-source web confirmation (ESPN/CBS/NFL.com/Chargers.com), not yet reflected in Sleeper's live feed.",/home/user/ffcc/output/draft_rankings/draft_rankings_2026_half_ppr.csv
2026,3,00-0040236,Kyle Monangai,RB,CHI,PHI,False,1.05,7.97,1.7,4.28,6.68,11.13,17.09,0.16,0.11,half_ppr,2026-09-22 13:17,"Pre-kickoff snapshot locked 2026-09-22 (all Week 3 games 9/24-9/28, none yet played). Live data refreshed same day (Sleeper live API blocked by sandbox proxy 403, fell back to committed snapshot - see data/fallback/README). Manual weekly-out overrides applied for confirmed Week 3 absences: Jayden Daniels (WAS QB, elbow, Mariota starting), David Njoku and Charlie Kolar (both LAC TE, placed on IR after Week 2, min 4 games) - all via multi-source web confirmation (ESPN/CBS/NFL.com/Chargers.com), not yet reflected in Sleeper's live feed.",/home/user/ffcc/output/draft_rankings/draft_rankings_2026_half_ppr.csv
2026,3,00-0036875,Rhamondre Stevenson,RB,NE,JAX,False,0.81,7.97,1.72,4.21,6.57,10.9,16.98,0.16,0.11,half_ppr,2026-09-22 13:17,"Pre-kickoff snapshot locked 2026-09-22 (all Week 3 games 9/24-9/28, none yet played). Live data refreshed same day (Sleeper live API blocked by sandbox proxy 403, fell back to committed snapshot - see data/fallback/README). Manual weekly-out overrides applied for confirmed Week 3 absences: Jayden Daniels (WAS QB, elbow, Mariota starting), David Njoku and Charlie Kolar (both LAC TE, placed on IR after Week 2, min 4 games) - all via multi-source web confirmation (ESPN/CBS/NFL.com/Chargers.com), not yet reflected in Sleeper's live feed.",/home/user/ffcc/output/draft_rankings/draft_rankings_2026_half_ppr.csv
2026,3,00-0034771,Mason Rudolph,QB,PIT,CIN,False,1.13,7.97,-1.23,2.61,8.25,14.35,19.74,0.26,0.1,half_ppr,2026-09-22 13:17,"Pre-kickoff snapshot locked 2026-09-22 (all Week 3 games 9/24-9/28, none yet played). Live data refreshed same day (Sleeper live API blocked by sandbox proxy 403, fell back to committed snapshot - see data/fallback/README). Manual weekly-out overrides applied for confirmed Week 3 absences: Jayden Daniels (WAS QB, elbow, Mariota starting), David Njoku and Charlie Kolar (both LAC TE, placed on IR after Week 2, min 4 games) - all via multi-source web confirmation (ESPN/CBS/NFL.com/Chargers.com), not yet reflected in Sleeper's live feed.",/home/user/ffcc/output/draft_rankings/draft_rankings_2026_half_ppr.csv
2026,3,00-0038544,Quentin Johnston,WR,LAC,BUF,False,0.86,7.88,1.55,3.98,6.49,10.28,15.63,0.18,0.11,half_ppr,2026-09-22 13:17,"Pre-kickoff snapshot locked 2026-09-22 (all Week 3 games 9/24-9/28, none yet played). Live data refreshed same day (Sleeper live API blocked by sandbox proxy 403, fell back to committed snapshot - see data/fallback/README). Manual weekly-out overrides applied for confirmed Week 3 absences: Jayden Daniels (WAS QB, elbow, Mariota starting), David Njoku and Charlie Kolar (both LAC TE, placed on IR after Week 2, min 4 games) - all via multi-source web confirmation (ESPN/CBS/NFL.com/Chargers.com), not yet reflected in Sleeper's live feed.",/home/user/ffcc/output/draft_rankings/draft_rankings_2026_half_ppr.csv
2026,3,00-0037261,Khalil Shakir,WR,BUF,LAC,False,0.88,7.79,1.56,3.93,6.44,10.07,15.34,0.18,0.1,half_ppr,2026-09-22 13:17,"Pre-kickoff snapshot locked 2026-09-22 (all Week 3 games 9/24-9/28, none yet played). Live data refreshed same day (Sleeper live API blocked by sandbox proxy 403, fell back to committed snapshot - see data/fallback/README). Manual weekly-out overrides applied for confirmed Week 3 absences: Jayden Daniels (WAS QB, elbow, Mariota starting), David Njoku and Charlie Kolar (both LAC TE, placed on IR after Week 2, min 4 games) - all via multi-source web confirmation (ESPN/CBS/NFL.com/Chargers.com), not yet reflected in Sleeper's live feed.",/home/user/ffcc/output/draft_rankings/draft_rankings_2026_half_ppr.csv
2026,3,00-0032268,Marcus Mariota,QB,WAS,SEA,False,0.86,7.77,-1.49,2.41,8.04,14.14,19.56,0.27,0.1,half_ppr,2026-09-22 13:17,"Pre-kickoff snapshot locked 2026-09-22 (all Week 3 games 9/24-9/28, none yet played). Live data refreshed same day (Sleeper live API blocked by sandbox proxy 403, fell back to committed snapshot - see data/fallback/README). Manual weekly-out overrides applied for confirmed Week 3 absences: Jayden Daniels (WAS QB, elbow, Mariota starting), David Njoku and Charlie Kolar (both LAC TE, placed on IR after Week 2, min 4 games) - all via multi-source web confirmation (ESPN/CBS/NFL.com/Chargers.com), not yet reflected in Sleeper's live feed.",/home/user/ffcc/output/draft_rankings/draft_rankings_2026_half_ppr.csv
2026,3,00-0037664,Alec Pierce,WR,IND,HOU,False,0.84,7.73,1.51,3.84,6.32,9.97,15.25,0.18,0.1,half_ppr,2026-09-22 13:17,"Pre-kickoff snapshot locked 2026-09-22 (all Week 3 games 9/24-9/28, none yet played). Live data refreshed same day (Sleeper live API blocked by sandbox proxy 403, fell back to committed snapshot - see data/fallback/README). Manual weekly-out overrides applied for confirmed Week 3 absences: Jayden Daniels (WAS QB, elbow, Mariota starting), David Njoku and Charlie Kolar (both LAC TE, placed on IR after Week 2, min 4 games) - all via multi-source web confirmation (ESPN/CBS/NFL.com/Chargers.com), not yet reflected in Sleeper's live feed.",/home/user/ffcc/output/draft_rankings/draft_rankings_2026_half_ppr.csv
2026,3,00-0039894,Xavier Worthy,WR,KC,MIA,False,0.97,7.7,1.48,3.88,6.37,10.17,15.53,0.18,0.11,half_ppr,2026-09-22 13:17,"Pre-kickoff snapshot locked 2026-09-22 (all Week 3 games 9/24-9/28, none yet played). Live data refreshed same day (Sleeper live API blocked by sandbox proxy 403, fell back to committed snapshot - see data/fallback/README). Manual weekly-out overrides applied for confirmed Week 3 absences: Jayden Daniels (WAS QB, elbow, Mariota starting), David Njoku and Charlie Kolar (both LAC TE, placed on IR after Week 2, min 4 games) - all via multi-source web confirmation (ESPN/CBS/NFL.com/Chargers.com), not yet reflected in Sleeper's live feed.",/home/user/ffcc/output/draft_rankings/draft_rankings_2026_half_ppr.csv
2026,3,00-0036252,Michael Pittman,WR,PIT,CIN,False,0.83,7.7,1.54,3.89,6.39,10.06,15.26,0.18,0.1,half_ppr,2026-09-22 13:17,"Pre-kickoff snapshot locked 2026-09-22 (all Week 3 games 9/24-9/28, none yet played). Live data refreshed same day (Sleeper live API blocked by sandbox proxy 403, fell back to committed snapshot - see data/fallback/README). Manual weekly-out overrides applied for confirmed Week 3 absences: Jayden Daniels (WAS QB, elbow, Mariota starting), David Njoku and Charlie Kolar (both LAC TE, placed on IR after Week 2, min 4 games) - all via multi-source web confirmation (ESPN/CBS/NFL.com/Chargers.com), not yet reflected in Sleeper's live feed.",/home/user/ffcc/output/draft_rankings/draft_rankings_2026_half_ppr.csv
2026,3,00-0033921,Chris Godwin Jr.,WR,TB,MIN,False,0.76,7.59,1.22,3.68,6.17,9.99,15.42,0.2,0.1,half_ppr,2026-09-22 13:17,"Pre-kickoff snapshot locked 2026-09-22 (all Week 3 games 9/24-9/28, none yet played). Live data refreshed same day (Sleeper live API blocked by sandbox proxy 403, fell back to committed snapshot - see data/fallback/README). Manual weekly-out overrides applied for confirmed Week 3 absences: Jayden Daniels (WAS QB, elbow, Mariota starting), David Njoku and Charlie Kolar (both LAC TE, placed on IR after Week 2, min 4 games) - all via multi-source web confirmation (ESPN/CBS/NFL.com/Chargers.com), not yet reflected in Sleeper's live feed.",/home/user/ffcc/output/draft_rankings/draft_rankings_2026_half_ppr.csv
2026,3,00-0040129,Emeka Egbuka,WR,TB,MIN,False,0.76,7.56,1.27,3.68,6.16,9.96,15.12,0.2,0.1,half_ppr,2026-09-22 13:17,"Pre-kickoff snapshot locked 2026-09-22 (all Week 3 games 9/24-9/28, none yet played). Live data refreshed same day (Sleeper live API blocked by sandbox proxy 403, fell back to committed snapshot - see data/fallback/README). Manual weekly-out overrides applied for confirmed Week 3 absences: Jayden Daniels (WAS QB, elbow, Mariota starting), David Njoku and Charlie Kolar (both LAC TE, placed on IR after Week 2, min 4 games) - all via multi-source web confirmation (ESPN/CBS/NFL.com/Chargers.com), not yet reflected in Sleeper's live feed.",/home/user/ffcc/output/draft_rankings/draft_rankings_2026_half_ppr.csv
2026,3,00-0038608,Kayshon Boutte,WR,HOU,IND,False,1.16,7.49,1.3,3.72,6.21,10.28,15.75,0.19,0.11,half_ppr,2026-09-22 13:17,"Pre-kickoff snapshot locked 2026-09-22 (all Week 3 games 9/24-9/28, none yet played). Live data refreshed same day (Sleeper live API blocked by sandbox proxy 403, fell back to committed snapshot - see data/fallback/README). Manual weekly-out overrides applied for confirmed Week 3 absences: Jayden Daniels (WAS QB, elbow, Mariota starting), David Njoku and Charlie Kolar (both LAC TE, placed on IR after Week 2, min 4 games) - all via multi-source web confirmation (ESPN/CBS/NFL.com/Chargers.com), not yet reflected in Sleeper's live feed.",/home/user/ffcc/output/draft_rankings/draft_rankings_2026_half_ppr.csv
2026,3,00-0040583,Woody Marks,RB,HOU,IND,False,0.91,7.49,1.21,3.74,6.18,10.79,16.68,0.19,0.1,half_ppr,2026-09-22 13:17,"Pre-kickoff snapshot locked 2026-09-22 (all Week 3 games 9/24-9/28, none yet played). Live data refreshed same day (Sleeper live API blocked by sandbox proxy 403, fell back to committed snapshot - see data/fallback/README). Manual weekly-out overrides applied for confirmed Week 3 absences: Jayden Daniels (WAS QB, elbow, Mariota starting), David Njoku and Charlie Kolar (both LAC TE, placed on IR after Week 2, min 4 games) - all via multi-source web confirmation (ESPN/CBS/NFL.com/Chargers.com), not yet reflected in Sleeper's live feed.",/home/user/ffcc/output/draft_rankings/draft_rankings_2026_half_ppr.csv
2026,3,00-0036407,Jerry Jeudy,WR,CLE,CAR,False,0.86,7.39,1.1,3.51,6.02,9.88,15.08,0.21,0.1,half_ppr,2026-09-22 13:17,"Pre-kickoff snapshot locked 2026-09-22 (all Week 3 games 9/24-9/28, none yet played). Live data refreshed same day (Sleeper live API blocked by sandbox proxy 403, fell back to committed snapshot - see data/fallback/README). Manual weekly-out overrides applied for confirmed Week 3 absences: Jayden Daniels (WAS QB, elbow, Mariota starting), David Njoku and Charlie Kolar (both LAC TE, placed on IR after Week 2, min 4 games) - all via multi-source web confirmation (ESPN/CBS/NFL.com/Chargers.com), not yet reflected in Sleeper's live feed.",/home/user/ffcc/output/draft_rankings/draft_rankings_2026_half_ppr.csv
2026,3,00-0039793,AJ Barner,TE,SEA,WAS,False,1.25,7.39,2.61,4.53,6.4,9.15,13.39,0.12,0.2,half_ppr,2026-09-22 13:17,"Pre-kickoff snapshot locked 2026-09-22 (all Week 3 games 9/24-9/28, none yet played). Live data refreshed same day (Sleeper live API blocked by sandbox proxy 403, fell back to committed snapshot - see data/fallback/README). Manual weekly-out overrides applied for confirmed Week 3 absences: Jayden Daniels (WAS QB, elbow, Mariota starting), David Njoku and Charlie Kolar (both LAC TE, placed on IR after Week 2, min 4 games) - all via multi-source web confirmation (ESPN/CBS/NFL.com/Chargers.com), not yet reflected in Sleeper's live feed.",/home/user/ffcc/output/draft_rankings/draft_rankings_2026_half_ppr.csv
2026,3,00-0031588,Stefon Diggs,WR,WAS,SEA,False,0.84,7.34,1.09,3.52,6.05,9.66,15.09,0.2,0.09,half_ppr,2026-09-22 13:17,"Pre-kickoff snapshot locked 2026-09-22 (all Week 3 games 9/24-9/28, none yet played). Live data refreshed same day (Sleeper live API blocked by sandbox proxy 403, fell back to committed snapshot - see data/fallback/README). Manual weekly-out overrides applied for confirmed Week 3 absences: Jayden Daniels (WAS QB, elbow, Mariota starting), David Njoku and Charlie Kolar (both LAC TE, placed on IR after Week 2, min 4 games) - all via multi-source web confirmation (ESPN/CBS/NFL.com/Chargers.com), not yet reflected in Sleeper's live feed.",/home/user/ffcc/output/draft_rankings/draft_rankings_2026_half_ppr.csv
2026,3,00-0038977,Tank Dell,WR,HOU,IND,False,1.16,7.31,1.09,3.47,5.9,9.78,15.13,0.21,0.1,half_ppr,2026-09-22 13:17,"Pre-kickoff snapshot locked 2026-09-22 (all Week 3 games 9/24-9/28, none yet played). Live data refreshed same day (Sleeper live API blocked by sandbox proxy 403, fell back to committed snapshot - see data/fallback/README). Manual weekly-out overrides applied for confirmed Week 3 absences: Jayden Daniels (WAS QB, elbow, Mariota starting), David Njoku and Charlie Kolar (both LAC TE, placed on IR after Week 2, min 4 games) - all via multi-source web confirmation (ESPN/CBS/NFL.com/Chargers.com), not yet reflected in Sleeper's live feed.",/home/user/ffcc/output/draft_rankings/draft_rankings_2026_half_ppr.csv
2026,3,00-0038997,Josh Downs,WR,IND,HOU,False,0.84,7.3,0.99,3.41,5.94,9.74,14.94,0.22,0.09,half_ppr,2026-09-22 13:17,"Pre-kickoff snapshot locked 2026-09-22 (all Week 3 games 9/24-9/28, none yet played). Live data refreshed same day (Sleeper live API blocked by sandbox proxy 403, fell back to committed snapshot - see data/fallback/README). Manual weekly-out overrides applied for confirmed Week 3 absences: Jayden Daniels (WAS QB, elbow, Mariota starting), David Njoku and Charlie Kolar (both LAC TE, placed on IR after Week 2, min 4 games) - all via multi-source web confirmation (ESPN/CBS/NFL.com/Chargers.com), not yet reflected in Sleeper's live feed.",/home/user/ffcc/output/draft_rankings/draft_rankings_2026_half_ppr.csv
2026,3,00-0036212,Tua Tagovailoa,QB,ATL,GB,False,0.92,7.29,-2.0,1.83,7.57,13.87,19.18,0.3,0.09,half_ppr,2026-09-22 13:17,"Pre-kickoff snapshot locked 2026-09-22 (all Week 3 games 9/24-9/28, none yet played). Live data refreshed same day (Sleeper live API blocked by sandbox proxy 403, fell back to committed snapshot - see data/fallback/README). Manual weekly-out overrides applied for confirmed Week 3 absences: Jayden Daniels (WAS QB, elbow, Mariota starting), David Njoku and Charlie Kolar (both LAC TE, placed on IR after Week 2, min 4 games) - all via multi-source web confirmation (ESPN/CBS/NFL.com/Chargers.com), not yet reflected in Sleeper's live feed.",/home/user/ffcc/output/draft_rankings/draft_rankings_2026_half_ppr.csv
2026,3,00-0036919,Kenny Gainwell,RB,TB,MIN,False,0.9,7.26,0.83,3.4,5.8,10.21,15.76,0.22,0.09,half_ppr,2026-09-22 13:17,"Pre-kickoff snapshot locked 2026-09-22 (all Week 3 games 9/24-9/28, none yet played). Live data refreshed same day (Sleeper live API blocked by sandbox proxy 403, fell back to committed snapshot - see data/fallback/README). Manual weekly-out overrides applied for confirmed Week 3 absences: Jayden Daniels (WAS QB, elbow, Mariota starting), David Njoku and Charlie Kolar (both LAC TE, placed on IR after Week 2, min 4 games) - all via multi-source web confirmation (ESPN/CBS/NFL.com/Chargers.com), not yet reflected in Sleeper's live feed.",/home/user/ffcc/output/draft_rankings/draft_rankings_2026_half_ppr.csv
2026,3,00-0031503,Jameis Winston,QB,NYG,TEN,False,1.17,7.25,-2.0,2.01,7.5,13.63,18.95,0.29,0.09,half_ppr,2026-09-22 13:17,"Pre-kickoff snapshot locked 2026-09-22 (all Week 3 games 9/24-9/28, none yet played). Live data refreshed same day (Sleeper live API blocked by sandbox proxy 403, fell back to committed snapshot - see data/fallback/README). Manual weekly-out overrides applied for confirmed Week 3 absences: Jayden Daniels (WAS QB, elbow, Mariota starting), David Njoku and Charlie Kolar (both LAC TE, placed on IR after Week 2, min 4 games) - all via multi-source web confirmation (ESPN/CBS/NFL.com/Chargers.com), not yet reflected in Sleeper's live feed.",/home/user/ffcc/output/draft_rankings/draft_rankings_2026_half_ppr.csv
2026,3,00-0039410,Ryan Flournoy,WR,DAL,BAL,False,1.17,6.99,0.69,3.12,5.66,9.19,14.7,0.24,0.09,half_ppr,2026-09-22 13:17,"Pre-kickoff snapshot locked 2026-09-22 (all Week 3 games 9/24-9/28, none yet played). Live data refreshed same day (Sleeper live API blocked by sandbox proxy 403, fell back to committed snapshot - see data/fallback/README). Manual weekly-out overrides applied for confirmed Week 3 absences: Jayden Daniels (WAS QB, elbow, Mariota starting), David Njoku and Charlie Kolar (both LAC TE, placed on IR after Week 2, min 4 games) - all via multi-source web confirmation (ESPN/CBS/NFL.com/Chargers.com), not yet reflected in Sleeper's live feed.",/home/user/ffcc/output/draft_rankings/draft_rankings_2026_half_ppr.csv
2026,3,00-0036970,Kyle Pitts,TE,ATL,GB,False,0.88,6.97,2.31,4.2,6.03,8.71,12.93,0.14,0.18,half_ppr,2026-09-22 13:17,"Pre-kickoff snapshot locked 2026-09-22 (all Week 3 games 9/24-9/28, none yet played). Live data refreshed same day (Sleeper live API blocked by sandbox proxy 403, fell back to committed snapshot - see data/fallback/README). Manual weekly-out overrides applied for confirmed Week 3 absences: Jayden Daniels (WAS QB, elbow, Mariota starting), David Njoku and Charlie Kolar (both LAC TE, placed on IR after Week 2, min 4 games) - all via multi-source web confirmation (ESPN/CBS/NFL.com/Chargers.com), not yet reflected in Sleeper's live feed.",/home/user/ffcc/output/draft_rankings/draft_rankings_2026_half_ppr.csv
2026,3,00-0039491,Jalen Coker,WR,CAR,CLE,False,0.89,6.97,0.7,3.2,5.65,9.38,14.69,0.23,0.09,half_ppr,2026-09-22 13:17,"Pre-kickoff snapshot locked 2026-09-22 (all Week 3 games 9/24-9/28, none yet played). Live data refreshed same day (Sleeper live API blocked by sandbox proxy 403, fell back to committed snapshot - see data/fallback/README). Manual weekly-out overrides applied for confirmed Week 3 absences: Jayden Daniels (WAS QB, elbow, Mariota starting), David Njoku and Charlie Kolar (both LAC TE, placed on IR after Week 2, min 4 games) - all via multi-source web confirmation (ESPN/CBS/NFL.com/Chargers.com), not yet reflected in Sleeper's live feed.",/home/user/ffcc/output/draft_rankings/draft_rankings_2026_half_ppr.csv
2026,3,00-0034753,Mark Andrews,TE,BAL,DAL,False,0.91,6.96,2.3,4.15,6.02,8.74,12.75,0.14,0.18,half_ppr,2026-09-22 13:17,"Pre-kickoff snapshot locked 2026-09-22 (all Week 3 games 9/24-9/28, none yet played). Live data refreshed same day (Sleeper live API blocked by sandbox proxy 403, fell back to committed snapshot - see data/fallback/README). Manual weekly-out overrides applied for confirmed Week 3 absences: Jayden Daniels (WAS QB, elbow, Mariota starting), David Njoku and Charlie Kolar (both LAC TE, placed on IR after Week 2, min 4 games) - all via multi-source web confirmation (ESPN/CBS/NFL.com/Chargers.com), not yet reflected in Sleeper's live feed.",/home/user/ffcc/output/draft_rankings/draft_rankings_2026_half_ppr.csv
2026,3,00-0038563,Tre Tucker,WR,LV,NO,False,0.91,6.95,0.73,3.15,5.68,9.55,15.18,0.24,0.1,half_ppr,2026-09-22 13:17,"Pre-kickoff snapshot locked 2026-09-22 (all Week 3 games 9/24-9/28, none yet played). Live data refreshed same day (Sleeper live API blocked by sandbox proxy 403, fell back to committed snapshot - see data/fallback/README). Manual weekly-out overrides applied for confirmed Week 3 absences: Jayden Daniels (WAS QB, elbow, Mariota starting), David Njoku and Charlie Kolar (both LAC TE, placed on IR after Week 2, min 4 games) - all via multi-source web confirmation (ESPN/CBS/NFL.com/Chargers.com), not yet reflected in Sleeper's live feed.",/home/user/ffcc/output/draft_rankings/draft_rankings_2026_half_ppr.csv
2026,3,00-0036309,Darnell Mooney,WR,NYG,TEN,False,1.17,6.92,0.75,3.1,5.69,9.46,14.87,0.24,0.09,half_ppr,2026-09-22 13:17,"Pre-kickoff snapshot locked 2026-09-22 (all Week 3 games 9/24-9/28, none yet played). Live data refreshed same day (Sleeper live API blocked by sandbox proxy 403, fell back to committed snapshot - see data/fallback/README). Manual weekly-out overrides applied for confirmed Week 3 absences: Jayden Daniels (WAS QB, elbow, Mariota starting), David Njoku and Charlie Kolar (both LAC TE, placed on IR after Week 2, min 4 games) - all via multi-source web confirmation (ESPN/CBS/NFL.com/Chargers.com), not yet reflected in Sleeper's live feed.",/home/user/ffcc/output/draft_rankings/draft_rankings_2026_half_ppr.csv
2026,3,00-0040735,Luther Burden III,WR,CHI,PHI,False,0.85,6.92,0.74,3.04,5.48,9.26,14.58,0.24,0.09,half_ppr,2026-09-22 13:17,"Pre-kickoff snapshot locked 2026-09-22 (all Week 3 games 9/24-9/28, none yet played). Live data refreshed same day (Sleeper live API blocked by sandbox proxy 403, fell back to committed snapshot - see data/fallback/README). Manual weekly-out overrides applied for confirmed Week 3 absences: Jayden Daniels (WAS QB, elbow, Mariota starting), David Njoku and Charlie Kolar (both LAC TE, placed on IR after Week 2, min 4 games) - all via multi-source web confirmation (ESPN/CBS/NFL.com/Chargers.com), not yet reflected in Sleeper's live feed.",/home/user/ffcc/output/draft_rankings/draft_rankings_2026_half_ppr.csv
2026,3,00-0040667,Matthew Golden,WR,GB,ATL,False,1.11,6.87,0.64,2.99,5.49,9.25,14.71,0.25,0.09,half_ppr,2026-09-22 13:17,"Pre-kickoff snapshot locked 2026-09-22 (all Week 3 games 9/24-9/28, none yet played). Live data refreshed same day (Sleeper live API blocked by sandbox proxy 403, fell back to committed snapshot - see data/fallback/README). Manual weekly-out overrides applied for confirmed Week 3 absences: Jayden Daniels (WAS QB, elbow, Mariota starting), David Njoku and Charlie Kolar (both LAC TE, placed on IR after Week 2, min 4 games) - all via multi-source web confirmation (ESPN/CBS/NFL.com/Chargers.com), not yet reflected in Sleeper's live feed.",/home/user/ffcc/output/draft_rankings/draft_rankings_2026_half_ppr.csv
2026,3,00-0034975,Justice Hill,RB,BAL,DAL,False,1.13,6.85,0.57,3.04,5.46,9.96,16.03,0.25,0.09,half_ppr,2026-09-22 13:17,"Pre-kickoff snapshot locked 2026-09-22 (all Week 3 games 9/24-9/28, none yet played). Live data refreshed same day (Sleeper live API blocked by sandbox proxy 403, fell back to committed snapshot - see data/fallback/README). Manual weekly-out overrides applied for confirmed Week 3 absences: Jayden Daniels (WAS QB, elbow, Mariota starting), David Njoku and Charlie Kolar (both LAC TE, placed on IR after Week 2, min 4 games) - all via multi-source web confirmation (ESPN/CBS/NFL.com/Chargers.com), not yet reflected in Sleeper's live feed.",/home/user/ffcc/output/draft_rankings/draft_rankings_2026_half_ppr.csv
2026,3,00-0038619,Andrei Iosivas,WR,CIN,PIT,False,1.15,6.79,0.55,2.93,5.44,9.34,14.81,0.26,0.09,half_ppr,2026-09-22 13:17,"Pre-kickoff snapshot locked 2026-09-22 (all Week 3 games 9/24-9/28, none yet played). Live data refreshed same day (Sleeper live API blocked by sandbox proxy 403, fell back to committed snapshot - see data/fallback/README). Manual weekly-out overrides applied for confirmed Week 3 absences: Jayden Daniels (WAS QB, elbow, Mariota starting), David Njoku and Charlie Kolar (both LAC TE, placed on IR after Week 2, min 4 games) - all via multi-source web confirmation (ESPN/CBS/NFL.com/Chargers.com), not yet reflected in Sleeper's live feed.",/home/user/ffcc/output/draft_rankings/draft_rankings_2026_half_ppr.csv
2026,3,00-0037112,Jake Tonges,TE,SF,ARI,False,1.29,6.77,2.06,3.96,5.84,8.54,12.7,0.16,0.18,half_ppr,2026-09-22 13:17,"Pre-kickoff snapshot locked 2026-09-22 (all Week 3 games 9/24-9/28, none yet played). Live data refreshed same day (Sleeper live API blocked by sandbox proxy 403, fell back to committed snapshot - see data/fallback/README). Manual weekly-out overrides applied for confirmed Week 3 absences: Jayden Daniels (WAS QB, elbow, Mariota starting), David Njoku and Charlie Kolar (both LAC TE, placed on IR after Week 2, min 4 games) - all via multi-source web confirmation (ESPN/CBS/NFL.com/Chargers.com), not yet reflected in Sleeper's live feed.",/home/user/ffcc/output/draft_rankings/draft_rankings_2026_half_ppr.csv
2026,3,00-0038976,Marvin Mims Jr.,WR,DEN,LA,False,1.03,6.69,0.46,2.82,5.34,9.1,14.49,0.26,0.09,half_ppr,2026-09-22 13:17,"Pre-kickoff snapshot locked 2026-09-22 (all Week 3 games 9/24-9/28, none yet played). Live data refreshed same day (Sleeper live API blocked by sandbox proxy 403, fell back to committed snapshot - see data/fallback/README). Manual weekly-out overrides applied for confirmed Week 3 absences: Jayden Daniels (WAS QB, elbow, Mariota starting), David Njoku and Charlie Kolar (both LAC TE, placed on IR after Week 2, min 4 games) - all via multi-source web confirmation (ESPN/CBS/NFL.com/Chargers.com), not yet reflected in Sleeper's live feed.",/home/user/ffcc/output/draft_rankings/draft_rankings_2026_half_ppr.csv
2026,3,00-0039384,Tyrone Tracy Jr.,RB,NYG,TEN,False,1.0,6.67,0.32,2.86,5.32,9.84,15.68,0.26,0.09,half_ppr,2026-09-22 13:17,"Pre-kickoff snapshot locked 2026-09-22 (all Week 3 games 9/24-9/28, none yet played). Live data refreshed same day (Sleeper live API blocked by sandbox proxy 403, fell back to committed snapshot - see data/fallback/README). Manual weekly-out overrides applied for confirmed Week 3 absences: Jayden Daniels (WAS QB, elbow, Mariota starting), David Njoku and Charlie Kolar (both LAC TE, placed on IR after Week 2, min 4 games) - all via multi-source web confirmation (ESPN/CBS/NFL.com/Chargers.com), not yet reflected in Sleeper's live feed.",/home/user/ffcc/output/draft_rankings/draft_rankings_2026_half_ppr.csv
2026,3,00-0041547,KC Concepcion,WR,CLE,CAR,False,0.86,6.61,0.34,2.81,5.27,8.99,14.41,0.27,0.08,half_ppr,2026-09-22 13:17,"Pre-kickoff snapshot locked 2026-09-22 (all Week 3 games 9/24-9/28, none yet played). Live data refreshed same day (Sleeper live API blocked by sandbox proxy 403, fell back to committed snapshot - see data/fallback/README). Manual weekly-out overrides applied for confirmed Week 3 absences: Jayden Daniels (WAS QB, elbow, Mariota starting), David Njoku and Charlie Kolar (both LAC TE, placed on IR after Week 2, min 4 games) - all via multi-source web confirmation (ESPN/CBS/NFL.com/Chargers.com), not yet reflected in Sleeper's live feed.",/home/user/ffcc/output/draft_rankings/draft_rankings_2026_half_ppr.csv
2026,3,00-0039890,Adonai Mitchell,WR,NYJ,DET,False,1.19,6.6,0.47,2.76,5.2,9.1,14.32,0.27,0.08,half_ppr,2026-09-22 13:17,"Pre-kickoff snapshot locked 2026-09-22 (all Week 3 games 9/24-9/28, none yet played). Live data refreshed same day (Sleeper live API blocked by sandbox proxy 403, fell back to committed snapshot - see data/fallback/README). Manual weekly-out overrides applied for confirmed Week 3 absences: Jayden Daniels (WAS QB, elbow, Mariota starting), David Njoku and Charlie Kolar (both LAC TE, placed on IR after Week 2, min 4 games) - all via multi-source web confirmation (ESPN/CBS/NFL.com/Chargers.com), not yet reflected in Sleeper's live feed.",/home/user/ffcc/output/draft_rankings/draft_rankings_2026_half_ppr.csv
2026,3,00-0039811,MarShawn Lloyd,RB,GB,ATL,False,0.98,6.59,0.19,2.69,5.22,9.69,15.31,0.28,0.08,half_ppr,2026-09-22 13:17,"Pre-kickoff snapshot locked 2026-09-22 (all Week 3 games 9/24-9/28, none yet played). Live data refreshed same day (Sleeper live API blocked by sandbox proxy 403, fell back to committed snapshot - see data/fallback/README). Manual weekly-out overrides applied for confirmed Week 3 absences: Jayden Daniels (WAS QB, elbow, Mariota starting), David Njoku and Charlie Kolar (both LAC TE, placed on IR after Week 2, min 4 games) - all via multi-source web confirmation (ESPN/CBS/NFL.com/Chargers.com), not yet reflected in Sleeper's live feed.",/home/user/ffcc/output/draft_rankings/draft_rankings_2026_half_ppr.csv
2026,3,00-0034829,Mike Gesicki,TE,CIN,PIT,False,1.27,6.56,1.84,3.72,5.62,8.37,12.48,0.18,0.17,half_ppr,2026-09-22 13:17,"Pre-kickoff snapshot locked 2026-09-22 (all Week 3 games 9/24-9/28, none yet played). Live data refreshed same day (Sleeper live API blocked by sandbox proxy 403, fell back to committed snapshot - see data/fallback/README). Manual weekly-out overrides applied for confirmed Week 3 absences: Jayden Daniels (WAS QB, elbow, Mariota starting), David Njoku and Charlie Kolar (both LAC TE, placed on IR after Week 2, min 4 games) - all via multi-source web confirmation (ESPN/CBS/NFL.com/Chargers.com), not yet reflected in Sleeper's live feed.",/home/user/ffcc/output/draft_rankings/draft_rankings_2026_half_ppr.csv
2026,3,00-0039901,Keon Coleman,WR,BUF,LAC,False,0.88,6.54,0.33,2.72,5.15,8.85,14.24,0.27,0.08,half_ppr,2026-09-22 13:17,"Pre-kickoff snapshot locked 2026-09-22 (all Week 3 games 9/24-9/28, none yet played). Live data refreshed same day (Sleeper live API blocked by sandbox proxy 403, fell back to committed snapshot - see data/fallback/README). Manual weekly-out overrides applied for confirmed Week 3 absences: Jayden Daniels (WAS QB, elbow, Mariota starting), David Njoku and Charlie Kolar (both LAC TE, placed on IR after Week 2, min 4 games) - all via multi-source web confirmation (ESPN/CBS/NFL.com/Chargers.com), not yet reflected in Sleeper's live feed.",/home/user/ffcc/output/draft_rankings/draft_rankings_2026_half_ppr.csv
2026,3,00-0041052,Kaelon Black,RB,SF,ARI,False,1.21,6.53,0.33,2.72,5.13,9.71,15.47,0.28,0.08,half_ppr,2026-09-22 13:17,"Pre-kickoff snapshot locked 2026-09-22 (all Week 3 games 9/24-9/28, none yet played). Live data refreshed same day (Sleeper live API blocked by sandbox proxy 403, fell back to committed snapshot - see data/fallback/README). Manual weekly-out overrides applied for confirmed Week 3 absences: Jayden Daniels (WAS QB, elbow, Mariota starting), David Njoku and Charlie Kolar (both LAC TE, placed on IR after Week 2, min 4 games) - all via multi-source web confirmation (ESPN/CBS/NFL.com/Chargers.com), not yet reflected in Sleeper's live feed.",/home/user/ffcc/output/draft_rankings/draft_rankings_2026_half_ppr.csv
2026,3,00-0033881,Evan Engram,TE,DEN,LA,False,0.98,6.5,1.89,3.71,5.61,8.32,12.43,0.17,0.17,half_ppr,2026-09-22 13:17,"Pre-kickoff snapshot locked 2026-09-22 (all Week 3 games 9/24-9/28, none yet played). Live data refreshed same day (Sleeper live API blocked by sandbox proxy 403, fell back to committed snapshot - see data/fallback/README). Manual weekly-out overrides applied for confirmed Week 3 absences: Jayden Daniels (WAS QB, elbow, Mariota starting), David Njoku and Charlie Kolar (both LAC TE, placed on IR after Week 2, min 4 games) - all via multi-source web confirmation (ESPN/CBS/NFL.com/Chargers.com), not yet reflected in Sleeper's live feed.",/home/user/ffcc/output/draft_rankings/draft_rankings_2026_half_ppr.csv
2026,3,00-0037197,Isiah Pacheco,RB,DET,NYJ,False,1.32,6.45,0.23,2.68,5.07,9.5,15.29,0.28,0.08,half_ppr,2026-09-22 13:17,"Pre-kickoff snapshot locked 2026-09-22 (all Week 3 games 9/24-9/28, none yet played). Live data refreshed same day (Sleeper live API blocked by sandbox proxy 403, fell back to committed snapshot - see data/fallback/README). Manual weekly-out overrides applied for confirmed Week 3 absences: Jayden Daniels (WAS QB, elbow, Mariota starting), David Njoku and Charlie Kolar (both LAC TE, placed on IR after Week 2, min 4 games) - all via multi-source web confirmation (ESPN/CBS/NFL.com/Chargers.com), not yet reflected in Sleeper's live feed.",/home/user/ffcc/output/draft_rankings/draft_rankings_2026_half_ppr.csv
2026,3,00-0039376,Spencer Rattler,QB,NO,LV,False,0.98,6.44,-2.0,1.19,6.92,12.98,18.44,0.33,0.08,half_ppr,2026-09-22 13:17,"Pre-kickoff snapshot locked 2026-09-22 (all Week 3 games 9/24-9/28, none yet played). Live data refreshed same day (Sleeper live API blocked by sandbox proxy 403, fell back to committed snapshot - see data/fallback/README). Manual weekly-out overrides applied for confirmed Week 3 absences: Jayden Daniels (WAS QB, elbow, Mariota starting), David Njoku and Charlie Kolar (both LAC TE, placed on IR after Week 2, min 4 games) - all via multi-source web confirmation (ESPN/CBS/NFL.com/Chargers.com), not yet reflected in Sleeper's live feed.",/home/user/ffcc/output/draft_rankings/draft_rankings_2026_half_ppr.csv
2026,3,00-0038935,Brenton Strange,TE,JAX,NE,False,1.09,6.41,1.66,3.63,5.5,8.16,12.65,0.19,0.17,half_ppr,2026-09-22 13:17,"Pre-kickoff snapshot locked 2026-09-22 (all Week 3 games 9/24-9/28, none yet played). Live data refreshed same day (Sleeper live API blocked by sandbox proxy 403, fell back to committed snapshot - see data/fallback/README). Manual weekly-out overrides applied for confirmed Week 3 absences: Jayden Daniels (WAS QB, elbow, Mariota starting), David Njoku and Charlie Kolar (both LAC TE, placed on IR after Week 2, min 4 games) - all via multi-source web confirmation (ESPN/CBS/NFL.com/Chargers.com), not yet reflected in Sleeper's live feed.",/home/user/ffcc/output/draft_rankings/draft_rankings_2026_half_ppr.csv
2026,3,00-0036898,Davis Mills,QB,HOU,IND,False,1.04,6.41,-2.0,0.99,6.71,12.98,18.25,0.34,0.08,half_ppr,2026-09-22 13:17,"Pre-kickoff snapshot locked 2026-09-22 (all Week 3 games 9/24-9/28, none yet played). Live data refreshed same day (Sleeper live API blocked by sandbox proxy 403, fell back to committed snapshot - see data/fallback/README). Manual weekly-out overrides applied for confirmed Week 3 absences: Jayden Daniels (WAS QB, elbow, Mariota starting), David Njoku and Charlie Kolar (both LAC TE, placed on IR after Week 2, min 4 games) - all via multi-source web confirmation (ESPN/CBS/NFL.com/Chargers.com), not yet reflected in Sleeper's live feed.",/home/user/ffcc/output/draft_rankings/draft_rankings_2026_half_ppr.csv
2026,3,00-0038621,DeMario Douglas,WR,NE,JAX,False,0.99,6.4,0.13,2.51,5.05,8.8,14.04,0.29,0.08,half_ppr,2026-09-22 13:17,"Pre-kickoff snapshot locked 2026-09-22 (all Week 3 games 9/24-9/28, none yet played). Live data refreshed same day (Sleeper live API blocked by sandbox proxy 403, fell back to committed snapshot - see data/fallback/README). Manual weekly-out overrides applied for confirmed Week 3 absences: Jayden Daniels (WAS QB, elbow, Mariota starting), David Njoku and Charlie Kolar (both LAC TE, placed on IR after Week 2, min 4 games) - all via multi-source web confirmation (ESPN/CBS/NFL.com/Chargers.com), not yet reflected in Sleeper's live feed.",/home/user/ffcc/output/draft_rankings/draft_rankings_2026_half_ppr.csv
2026,3,00-0039398,Joe Milton III,QB,DAL,BAL,False,1.08,6.4,-2.0,1.15,6.71,12.8,18.53,0.34,0.08,half_ppr,2026-09-22 13:17,"Pre-kickoff snapshot locked 2026-09-22 (all Week 3 games 9/24-9/28, none yet played). Live data refreshed same day (Sleeper live API blocked by sandbox proxy 403, fell back to committed snapshot - see data/fallback/README). Manual weekly-out overrides applied for confirmed Week 3 absences: Jayden Daniels (WAS QB, elbow, Mariota starting), David Njoku and Charlie Kolar (both LAC TE, placed on IR after Week 2, min 4 games) - all via multi-source web confirmation (ESPN/CBS/NFL.com/Chargers.com), not yet reflected in Sleeper's live feed.",/home/user/ffcc/output/draft_rankings/draft_rankings_2026_half_ppr.csv
2026,3,00-0033949,Joshua Dobbs,QB,DET,NYJ,False,1.22,6.37,-2.0,0.93,6.79,12.87,18.18,0.34,0.08,half_ppr,2026-09-22 13:17,"Pre-kickoff snapshot locked 2026-09-22 (all Week 3 games 9/24-9/28, none yet played). Live data refreshed same day (Sleeper live API blocked by sandbox proxy 403, fell back to committed snapshot - see data/fallback/README). Manual weekly-out overrides applied for confirmed Week 3 absences: Jayden Daniels (WAS QB, elbow, Mariota starting), David Njoku and Charlie Kolar (both LAC TE, placed on IR after Week 2, min 4 games) - all via multi-source web confirmation (ESPN/CBS/NFL.com/Chargers.com), not yet reflected in Sleeper's live feed.",/home/user/ffcc/output/draft_rankings/draft_rankings_2026_half_ppr.csv
2026,3,00-0041032,Kenyon Sadiq,TE,NYJ,DET,False,1.04,6.36,1.64,3.56,5.45,8.24,12.48,0.19,0.17,half_ppr,2026-09-22 13:17,"Pre-kickoff snapshot locked 2026-09-22 (all Week 3 games 9/24-9/28, none yet played). Live data refreshed same day (Sleeper live API blocked by sandbox proxy 403, fell back to committed snapshot - see data/fallback/README). Manual weekly-out overrides applied for confirmed Week 3 absences: Jayden Daniels (WAS QB, elbow, Mariota starting), David Njoku and Charlie Kolar (both LAC TE, placed on IR after Week 2, min 4 games) - all via multi-source web confirmation (ESPN/CBS/NFL.com/Chargers.com), not yet reflected in Sleeper's live feed.",/home/user/ffcc/output/draft_rankings/draft_rankings_2026_half_ppr.csv
2026,3,00-0038933,Dalton Kincaid,TE,BUF,LAC,False,0.79,6.3,1.56,3.44,5.37,8.07,12.23,0.21,0.16,half_ppr,2026-09-22 13:17,"Pre-kickoff snapshot locked 2026-09-22 (all Week 3 games 9/24-9/28, none yet played). Live data refreshed same day (Sleeper live API blocked by sandbox proxy 403, fell back to committed snapshot - see data/fallback/README). Manual weekly-out overrides applied for confirmed Week 3 absences: Jayden Daniels (WAS QB, elbow, Mariota starting), David Njoku and Charlie Kolar (both LAC TE, placed on IR after Week 2, min 4 games) - all via multi-source web confirmation (ESPN/CBS/NFL.com/Chargers.com), not yet reflected in Sleeper's live feed.",/home/user/ffcc/output/draft_rankings/draft_rankings_2026_half_ppr.csv
2026,3,00-0039424,Devaughn Vele,WR,NO,LV,False,1.08,6.27,0.09,2.41,4.91,8.67,13.92,0.31,0.08,half_ppr,2026-09-22 13:17,"Pre-kickoff snapshot locked 2026-09-22 (all Week 3 games 9/24-9/28, none yet played). Live data refreshed same day (Sleeper live API blocked by sandbox proxy 403, fell back to committed snapshot - see data/fallback/README). Manual weekly-out overrides applied for confirmed Week 3 absences: Jayden Daniels (WAS QB, elbow, Mariota starting), David Njoku and Charlie Kolar (both LAC TE, placed on IR after Week 2, min 4 games) - all via multi-source web confirmation (ESPN/CBS/NFL.com/Chargers.com), not yet reflected in Sleeper's live feed.",/home/user/ffcc/output/draft_rankings/draft_rankings_2026_half_ppr.csv
2026,3,00-0039792,Devontez Walker,WR,BAL,DAL,False,1.32,6.26,0.05,2.42,4.92,8.74,14.05,0.31,0.08,half_ppr,2026-09-22 13:17,"Pre-kickoff snapshot locked 2026-09-22 (all Week 3 games 9/24-9/28, none yet played). Live data refreshed same day (Sleeper live API blocked by sandbox proxy 403, fell back to committed snapshot - see data/fallback/README). Manual weekly-out overrides applied for confirmed Week 3 absences: Jayden Daniels (WAS QB, elbow, Mariota starting), David Njoku and Charlie Kolar (both LAC TE, placed on IR after Week 2, min 4 games) - all via multi-source web confirmation (ESPN/CBS/NFL.com/Chargers.com), not yet reflected in Sleeper's live feed.",/home/user/ffcc/output/draft_rankings/draft_rankings_2026_half_ppr.csv
2026,3,00-0041568,Ty Simpson,QB,LA,DEN,False,0.87,6.26,-2.0,1.01,6.68,12.68,17.81,0.34,0.07,half_ppr,2026-09-22 13:17,"Pre-kickoff snapshot locked 2026-09-22 (all Week 3 games 9/24-9/28, none yet played). Live data refreshed same day (Sleeper live API blocked by sandbox proxy 403, fell back to committed snapshot - see data/fallback/README). Manual weekly-out overrides applied for confirmed Week 3 absences: Jayden Daniels (WAS QB, elbow, Mariota starting), David Njoku and Charlie Kolar (both LAC TE, placed on IR after Week 2, min 4 games) - all via multi-source web confirmation (ESPN/CBS/NFL.com/Chargers.com), not yet reflected in Sleeper's live feed.",/home/user/ffcc/output/draft_rankings/draft_rankings_2026_half_ppr.csv
2026,3,00-0041511,Omar Cooper,WR,NYJ,DET,False,1.19,6.22,-0.04,2.32,4.84,8.71,14.16,0.31,0.08,half_ppr,2026-09-22 13:17,"Pre-kickoff snapshot locked 2026-09-22 (all Week 3 games 9/24-9/28, none yet played). Live data refreshed same day (Sleeper live API blocked by sandbox proxy 403, fell back to committed snapshot - see data/fallback/README). Manual weekly-out overrides applied for confirmed Week 3 absences: Jayden Daniels (WAS QB, elbow, Mariota starting), David Njoku and Charlie Kolar (both LAC TE, placed on IR after Week 2, min 4 games) - all via multi-source web confirmation (ESPN/CBS/NFL.com/Chargers.com), not yet reflected in Sleeper's live feed.",/home/user/ffcc/output/draft_rankings/draft_rankings_2026_half_ppr.csv
2026,3,00-0037256,Rachaad White,RB,WAS,SEA,False,0.79,6.22,-0.12,2.39,4.86,9.32,15.45,0.31,0.08,half_ppr,2026-09-22 13:17,"Pre-kickoff snapshot locked 2026-09-22 (all Week 3 games 9/24-9/28, none yet played). Live data refreshed same day (Sleeper live API blocked by sandbox proxy 403, fell back to committed snapshot - see data/fallback/README). Manual weekly-out overrides applied for confirmed Week 3 absences: Jayden Daniels (WAS QB, elbow, Mariota starting), David Njoku and Charlie Kolar (both LAC TE, placed on IR after Week 2, min 4 games) - all via multi-source web confirmation (ESPN/CBS/NFL.com/Chargers.com), not yet reflected in Sleeper's live feed.",/home/user/ffcc/output/draft_rankings/draft_rankings_2026_half_ppr.csv
2026,3,00-0038797,Emanuel Wilson,RB,SEA,WAS,False,1.2,6.17,-0.05,2.36,4.82,9.32,15.1,0.31,0.08,half_ppr,2026-09-22 13:17,"Pre-kickoff snapshot locked 2026-09-22 (all Week 3 games 9/24-9/28, none yet played). Live data refreshed same day (Sleeper live API blocked by sandbox proxy 403, fell back to committed snapshot - see data/fallback/README). Manual weekly-out overrides applied for confirmed Week 3 absences: Jayden Daniels (WAS QB, elbow, Mariota starting), David Njoku and Charlie Kolar (both LAC TE, placed on IR after Week 2, min 4 games) - all via multi-source web confirmation (ESPN/CBS/NFL.com/Chargers.com), not yet reflected in Sleeper's live feed.",/home/user/ffcc/output/draft_rankings/draft_rankings_2026_half_ppr.csv
2026,3,00-0039164,Anthony Richardson,QB,IND,HOU,False,0.78,6.16,-2.0,0.7,6.28,12.49,17.85,0.36,0.07,half_ppr,2026-09-22 13:17,"Pre-kickoff snapshot locked 2026-09-22 (all Week 3 games 9/24-9/28, none yet played). Live data refreshed same day (Sleeper live API blocked by sandbox proxy 403, fell back to committed snapshot - see data/fallback/README). Manual weekly-out overrides applied for confirmed Week 3 absences: Jayden Daniels (WAS QB, elbow, Mariota starting), David Njoku and Charlie Kolar (both LAC TE, placed on IR after Week 2, min 4 games) - all via multi-source web confirmation (ESPN/CBS/NFL.com/Chargers.com), not yet reflected in Sleeper's live feed.",/home/user/ffcc/output/draft_rankings/draft_rankings_2026_half_ppr.csv
2026,3,00-0038454,Keaton Mitchell,RB,LAC,BUF,False,1.11,6.13,-0.09,2.33,4.75,9.25,15.4,0.32,0.08,half_ppr,2026-09-22 13:17,"Pre-kickoff snapshot locked 2026-09-22 (all Week 3 games 9/24-9/28, none yet played). Live data refreshed same day (Sleeper live API blocked by sandbox proxy 403, fell back to committed snapshot - see data/fallback/README). Manual weekly-out overrides applied for confirmed Week 3 absences: Jayden Daniels (WAS QB, elbow, Mariota starting), David Njoku and Charlie Kolar (both LAC TE, placed on IR after Week 2, min 4 games) - all via multi-source web confirmation (ESPN/CBS/NFL.com/Chargers.com), not yet reflected in Sleeper's live feed.",/home/user/ffcc/output/draft_rankings/draft_rankings_2026_half_ppr.csv
2026,3,00-0028118,Tyrod Taylor,QB,GB,ATL,False,1.0,6.1,-2.0,0.93,6.59,12.57,17.97,0.34,0.07,half_ppr,2026-09-22 13:17,"Pre-kickoff snapshot locked 2026-09-22 (all Week 3 games 9/24-9/28, none yet played). Live data refreshed same day (Sleeper live API blocked by sandbox proxy 403, fell back to committed snapshot - see data/fallback/README). Manual weekly-out overrides applied for confirmed Week 3 absences: Jayden Daniels (WAS QB, elbow, Mariota starting), David Njoku and Charlie Kolar (both LAC TE, placed on IR after Week 2, min 4 games) - all via multi-source web confirmation (ESPN/CBS/NFL.com/Chargers.com), not yet reflected in Sleeper's live feed.",/home/user/ffcc/output/draft_rankings/draft_rankings_2026_half_ppr.csv
2026,3,00-0038558,Darnell Washington,TE,PIT,CIN,False,1.64,6.04,1.45,3.32,5.13,7.84,12.17,0.22,0.16,half_ppr,2026-09-22 13:17,"Pre-kickoff snapshot locked 2026-09-22 (all Week 3 games 9/24-9/28, none yet played). Live data refreshed same day (Sleeper live API blocked by sandbox proxy 403, fell back to committed snapshot - see data/fallback/README). Manual weekly-out overrides applied for confirmed Week 3 absences: Jayden Daniels (WAS QB, elbow, Mariota starting), David Njoku and Charlie Kolar (both LAC TE, placed on IR after Week 2, min 4 games) - all via multi-source web confirmation (ESPN/CBS/NFL.com/Chargers.com), not yet reflected in Sleeper's live feed.",/home/user/ffcc/output/draft_rankings/draft_rankings_2026_half_ppr.csv
2026,3,00-0037525,Jordan Mason,RB,MIN,TB,False,1.0,6.04,-0.25,2.23,4.67,9.14,15.09,0.33,0.08,half_ppr,2026-09-22 13:17,"Pre-kickoff snapshot locked 2026-09-22 (all Week 3 games 9/24-9/28, none yet played). Live data refreshed same day (Sleeper live API blocked by sandbox proxy 403, fell back to committed snapshot - see data/fallback/README). Manual weekly-out overrides applied for confirmed Week 3 absences: Jayden Daniels (WAS QB, elbow, Mariota starting), David Njoku and Charlie Kolar (both LAC TE, placed on IR after Week 2, min 4 games) - all via multi-source web confirmation (ESPN/CBS/NFL.com/Chargers.com), not yet reflected in Sleeper's live feed.",/home/user/ffcc/output/draft_rankings/draft_rankings_2026_half_ppr.csv
2026,3,00-0033869,Mitchell Trubisky,QB,TEN,NYG,False,1.12,5.98,-2.0,0.73,6.44,12.45,17.65,0.35,0.07,half_ppr,2026-09-22 13:17,"Pre-kickoff snapshot locked 2026-09-22 (all Week 3 games 9/24-9/28, none yet played). Live data refreshed same day (Sleeper live API blocked by sandbox proxy 403, fell back to committed snapshot - see data/fallback/README). Manual weekly-out overrides applied for confirmed Week 3 absences: Jayden Daniels (WAS QB, elbow, Mariota starting), David Njoku and Charlie Kolar (both LAC TE, placed on IR after Week 2, min 4 games) - all via multi-source web confirmation (ESPN/CBS/NFL.com/Chargers.com), not yet reflected in Sleeper's live feed.",/home/user/ffcc/output/draft_rankings/draft_rankings_2026_half_ppr.csv
2026,3,00-0038618,Xavier Hutchinson,WR,HOU,IND,False,1.16,5.98,-0.24,2.17,4.64,8.44,13.87,0.33,0.08,half_ppr,2026-09-22 13:17,"Pre-kickoff snapshot locked 2026-09-22 (all Week 3 games 9/24-9/28, none yet played). Live data refreshed same day (Sleeper live API blocked by sandbox proxy 403, fell back to committed snapshot - see data/fallback/README). Manual weekly-out overrides applied for confirmed Week 3 absences: Jayden Daniels (WAS QB, elbow, Mariota starting), David Njoku and Charlie Kolar (both LAC TE, placed on IR after Week 2, min 4 games) - all via multi-source web confirmation (ESPN/CBS/NFL.com/Chargers.com), not yet reflected in Sleeper's live feed.",/home/user/ffcc/output/draft_rankings/draft_rankings_2026_half_ppr.csv
2026,3,00-0040242,Jacory Croskey-Merritt,RB,WAS,SEA,False,0.79,5.98,-0.31,2.24,4.58,9.2,15.29,0.33,0.08,half_ppr,2026-09-22 13:17,"Pre-kickoff snapshot locked 2026-09-22 (all Week 3 games 9/24-9/28, none yet played). Live data refreshed same day (Sleeper live API blocked by sandbox proxy 403, fell back to committed snapshot - see data/fallback/README). Manual weekly-out overrides applied for confirmed Week 3 absences: Jayden Daniels (WAS QB, elbow, Mariota starting), David Njoku and Charlie Kolar (both LAC TE, placed on IR after Week 2, min 4 games) - all via multi-source web confirmation (ESPN/CBS/NFL.com/Chargers.com), not yet reflected in Sleeper's live feed.",/home/user/ffcc/output/draft_rankings/draft_rankings_2026_half_ppr.csv
2026,3,00-0038041,Jake Ferguson,TE,DAL,BAL,False,0.8,5.97,1.32,3.18,5.01,7.67,12.09,0.23,0.15,half_ppr,2026-09-22 13:17,"Pre-kickoff snapshot locked 2026-09-22 (all Week 3 games 9/24-9/28, none yet played). Live data refreshed same day (Sleeper live API blocked by sandbox proxy 403, fell back to committed snapshot - see data/fallback/README). Manual weekly-out overrides applied for confirmed Week 3 absences: Jayden Daniels (WAS QB, elbow, Mariota starting), David Njoku and Charlie Kolar (both LAC TE, placed on IR after Week 2, min 4 games) - all via multi-source web confirmation (ESPN/CBS/NFL.com/Chargers.com), not yet reflected in Sleeper's live feed.",/home/user/ffcc/output/draft_rankings/draft_rankings_2026_half_ppr.csv
2026,3,00-0038996,Tucker Kraft,TE,GB,ATL,False,0.76,5.97,1.24,3.14,5.04,7.75,12.05,0.23,0.15,half_ppr,2026-09-22 13:17,"Pre-kickoff snapshot locked 2026-09-22 (all Week 3 games 9/24-9/28, none yet played). Live data refreshed same day (Sleeper live API blocked by sandbox proxy 403, fell back to committed snapshot - see data/fallback/README). Manual weekly-out overrides applied for confirmed Week 3 absences: Jayden Daniels (WAS QB, elbow, Mariota starting), David Njoku and Charlie Kolar (both LAC TE, placed on IR after Week 2, min 4 games) - all via multi-source web confirmation (ESPN/CBS/NFL.com/Chargers.com), not yet reflected in Sleeper's live feed.",/home/user/ffcc/output/draft_rankings/draft_rankings_2026_half_ppr.csv
2026,3,00-0039391,Kimani Vidal,RB,LAC,BUF,False,1.11,5.93,-0.35,2.18,4.63,9.04,14.79,0.33,0.07,half_ppr,2026-09-22 13:17,"Pre-kickoff snapshot locked 2026-09-22 (all Week 3 games 9/24-9/28, none yet played). Live data refreshed same day (Sleeper live API blocked by sandbox proxy 403, fell back to committed snapshot - see data/fallback/README). Manual weekly-out overrides applied for confirmed Week 3 absences: Jayden Daniels (WAS QB, elbow, Mariota starting), David Njoku and Charlie Kolar (both LAC TE, placed on IR after Week 2, min 4 games) - all via multi-source web confirmation (ESPN/CBS/NFL.com/Chargers.com), not yet reflected in Sleeper's live feed.",/home/user/ffcc/output/draft_rankings/draft_rankings_2026_half_ppr.csv
2026,3,00-0030279,Keenan Allen,WR,IND,HOU,False,0.84,5.92,-0.4,2.07,4.62,8.45,13.9,0.34,0.08,half_ppr,2026-09-22 13:17,"Pre-kickoff snapshot locked 2026-09-22 (all Week 3 games 9/24-9/28, none yet played). Live data refreshed same day (Sleeper live API blocked by sandbox proxy 403, fell back to committed snapshot - see data/fallback/README). Manual weekly-out overrides applied for confirmed Week 3 absences: Jayden Daniels (WAS QB, elbow, Mariota starting), David Njoku and Charlie Kolar (both LAC TE, placed on IR after Week 2, min 4 games) - all via multi-source web confirmation (ESPN/CBS/NFL.com/Chargers.com), not yet reflected in Sleeper's live feed.",/home/user/ffcc/output/draft_rankings/draft_rankings_2026_half_ppr.csv
2026,3,00-0037809,Chig Okonkwo,TE,WAS,SEA,False,1.09,5.91,1.15,3.09,4.99,7.76,12.18,0.24,0.15,half_ppr,2026-09-22 13:17,"Pre-kickoff snapshot locked 2026-09-22 (all Week 3 games 9/24-9/28, none yet played). Live data refreshed same day (Sleeper live API blocked by sandbox proxy 403, fell back to committed snapshot - see data/fallback/README). Manual weekly-out overrides applied for confirmed Week 3 absences: Jayden Daniels (WAS QB, elbow, Mariota starting), David Njoku and Charlie Kolar (both LAC TE, placed on IR after Week 2, min 4 games) - all via multi-source web confirmation (ESPN/CBS/NFL.com/Chargers.com), not yet reflected in Sleeper's live feed.",/home/user/ffcc/output/draft_rankings/draft_rankings_2026_half_ppr.csv
2026,3,00-0036244,Colby Parkinson,TE,LA,DEN,False,1.02,5.89,1.22,3.05,5.0,7.74,12.08,0.24,0.15,half_ppr,2026-09-22 13:17,"Pre-kickoff snapshot locked 2026-09-22 (all Week 3 games 9/24-9/28, none yet played). Live data refreshed same day (Sleeper live API blocked by sandbox proxy 403, fell back to committed snapshot - see data/fallback/README). Manual weekly-out overrides applied for confirmed Week 3 absences: Jayden Daniels (WAS QB, elbow, Mariota starting), David Njoku and Charlie Kolar (both LAC TE, placed on IR after Week 2, min 4 games) - all via multi-source web confirmation (ESPN/CBS/NFL.com/Chargers.com), not yet reflected in Sleeper's live feed.",/home/user/ffcc/output/draft_rankings/draft_rankings_2026_half_ppr.csv
2026,3,00-0038393,Dontayvion Wicks,WR,PHI,CHI,False,1.21,5.87,-0.23,2.1,4.57,8.26,13.48,0.34,0.07,half_ppr,2026-09-22 13:17,"Pre-kickoff snapshot locked 2026-09-22 (all Week 3 games 9/24-9/28, none yet played). Live data refreshed same day (Sleeper live API blocked by sandbox proxy 403, fell back to committed snapshot - see data/fallback/README). Manual weekly-out overrides applied for confirmed Week 3 absences: Jayden Daniels (WAS QB, elbow, Mariota starting), David Njoku and Charlie Kolar (both LAC TE, placed on IR after Week 2, min 4 games) - all via multi-source web confirmation (ESPN/CBS/NFL.com/Chargers.com), not yet reflected in Sleeper's live feed.",/home/user/ffcc/output/draft_rankings/draft_rankings_2026_half_ppr.csv
2026,3,00-0036893,Najee Harris,RB,NYG,TEN,False,1.0,5.87,-0.44,2.02,4.43,9.09,14.91,0.35,0.07,half_ppr,2026-09-22 13:17,"Pre-kickoff snapshot locked 2026-09-22 (all Week 3 games 9/24-9/28, none yet played). Live data refreshed same day (Sleeper live API blocked by sandbox proxy 403, fell back to committed snapshot - see data/fallback/README). Manual weekly-out overrides applied for confirmed Week 3 absences: Jayden Daniels (WAS QB, elbow, Mariota starting), David Njoku and Charlie Kolar (both LAC TE, placed on IR after Week 2, min 4 games) - all via multi-source web confirmation (ESPN/CBS/NFL.com/Chargers.com), not yet reflected in Sleeper's live feed.",/home/user/ffcc/output/draft_rankings/draft_rankings_2026_half_ppr.csv
2026,3,00-0037746,Brian Robinson,RB,ATL,GB,False,0.97,5.83,-0.46,1.97,4.44,8.97,14.86,0.35,0.08,half_ppr,2026-09-22 13:17,"Pre-kickoff snapshot locked 2026-09-22 (all Week 3 games 9/24-9/28, none yet played). Live data refreshed same day (Sleeper live API blocked by sandbox proxy 403, fell back to committed snapshot - see data/fallback/README). Manual weekly-out overrides applied for confirmed Week 3 absences: Jayden Daniels (WAS QB, elbow, Mariota starting), David Njoku and Charlie Kolar (both LAC TE, placed on IR after Week 2, min 4 games) - all via multi-source web confirmation (ESPN/CBS/NFL.com/Chargers.com), not yet reflected in Sleeper's live feed.",/home/user/ffcc/output/draft_rankings/draft_rankings_2026_half_ppr.csv
2026,3,00-0035662,Marquise Brown,WR,PHI,CHI,False,1.21,5.78,-0.52,1.88,4.45,8.16,13.54,0.35,0.07,half_ppr,2026-09-22 13:17,"Pre-kickoff snapshot locked 2026-09-22 (all Week 3 games 9/24-9/28, none yet played). Live data refreshed same day (Sleeper live API blocked by sandbox proxy 403, fell back to committed snapshot - see data/fallback/README). Manual weekly-out overrides applied for confirmed Week 3 absences: Jayden Daniels (WAS QB, elbow, Mariota starting), David Njoku and Charlie Kolar (both LAC TE, placed on IR after Week 2, min 4 games) - all via multi-source web confirmation (ESPN/CBS/NFL.com/Chargers.com), not yet reflected in Sleeper's live feed.",/home/user/ffcc/output/draft_rankings/draft_rankings_2026_half_ppr.csv
2026,3,00-0035704,Drew Lock,QB,SEA,WAS,False,1.2,5.76,-2.0,0.34,6.03,12.26,17.53,0.37,0.06,half_ppr,2026-09-22 13:17,"Pre-kickoff snapshot locked 2026-09-22 (all Week 3 games 9/24-9/28, none yet played). Live data refreshed same day (Sleeper live API blocked by sandbox proxy 403, fell back to committed snapshot - see data/fallback/README). Manual weekly-out overrides applied for confirmed Week 3 absences: Jayden Daniels (WAS QB, elbow, Mariota starting), David Njoku and Charlie Kolar (both LAC TE, placed on IR after Week 2, min 4 games) - all via multi-source web confirmation (ESPN/CBS/NFL.com/Chargers.com), not yet reflected in Sleeper's live feed.",/home/user/ffcc/output/draft_rankings/draft_rankings_2026_half_ppr.csv
2026,3,00-0039342,Xavier Legette,WR,CAR,CLE,False,0.89,5.71,-0.53,1.92,4.39,8.17,13.48,0.36,0.07,half_ppr,2026-09-22 13:17,"Pre-kickoff snapshot locked 2026-09-22 (all Week 3 games 9/24-9/28, none yet played). Live data refreshed same day (Sleeper live API blocked by sandbox proxy 403, fell back to committed snapshot - see data/fallback/README). Manual weekly-out overrides applied for confirmed Week 3 absences: Jayden Daniels (WAS QB, elbow, Mariota starting), David Njoku and Charlie Kolar (both LAC TE, placed on IR after Week 2, min 4 games) - all via multi-source web confirmation (ESPN/CBS/NFL.com/Chargers.com), not yet reflected in Sleeper's live feed.",/home/user/ffcc/output/draft_rankings/draft_rankings_2026_half_ppr.csv
2026,3,00-0040021,Phil Mafah,RB,NYG,TEN,False,1.0,5.71,-0.61,1.95,4.34,8.87,14.82,0.36,0.07,half_ppr,2026-09-22 13:17,"Pre-kickoff snapshot locked 2026-09-22 (all Week 3 games 9/24-9/28, none yet played). Live data refreshed same day (Sleeper live API blocked by sandbox proxy 403, fell back to committed snapshot - see data/fallback/README). Manual weekly-out overrides applied for confirmed Week 3 absences: Jayden Daniels (WAS QB, elbow, Mariota starting), David Njoku and Charlie Kolar (both LAC TE, placed on IR after Week 2, min 4 games) - all via multi-source web confirmation (ESPN/CBS/NFL.com/Chargers.com), not yet reflected in Sleeper's live feed.",/home/user/ffcc/output/draft_rankings/draft_rankings_2026_half_ppr.csv
2026,3,00-0037838,Isaiah Likely,TE,NYG,TEN,False,1.07,5.63,1.0,2.86,4.73,7.5,11.95,0.27,0.15,half_ppr,2026-09-22 13:17,"Pre-kickoff snapshot locked 2026-09-22 (all Week 3 games 9/24-9/28, none yet played). Live data refreshed same day (Sleeper live API blocked by sandbox proxy 403, fell back to committed snapshot - see data/fallback/README). Manual weekly-out overrides applied for confirmed Week 3 absences: Jayden Daniels (WAS QB, elbow, Mariota starting), David Njoku and Charlie Kolar (both LAC TE, placed on IR after Week 2, min 4 games) - all via multi-source web confirmation (ESPN/CBS/NFL.com/Chargers.com), not yet reflected in Sleeper's live feed.",/home/user/ffcc/output/draft_rankings/draft_rankings_2026_half_ppr.csv
2026,3,00-0040648,Tory Horton,WR,SEA,WAS,False,1.14,5.62,-0.59,1.76,4.23,8.09,13.45,0.37,0.07,half_ppr,2026-09-22 13:17,"Pre-kickoff snapshot locked 2026-09-22 (all Week 3 games 9/24-9/28, none yet played). Live data refreshed same day (Sleeper live API blocked by sandbox proxy 403, fell back to committed snapshot - see data/fallback/README). Manual weekly-out overrides applied for confirmed Week 3 absences: Jayden Daniels (WAS QB, elbow, Mariota starting), David Njoku and Charlie Kolar (both LAC TE, placed on IR after Week 2, min 4 games) - all via multi-source web confirmation (ESPN/CBS/NFL.com/Chargers.com), not yet reflected in Sleeper's live feed.",/home/user/ffcc/output/draft_rankings/draft_rankings_2026_half_ppr.csv
2026,3,00-0040705,Chimere Dike,WR,TEN,NYG,False,1.11,5.6,-0.57,1.7,4.15,7.79,13.17,0.38,0.07,half_ppr,2026-09-22 13:17,"Pre-kickoff snapshot locked 2026-09-22 (all Week 3 games 9/24-9/28, none yet played). Live data refreshed same day (Sleeper live API blocked by sandbox proxy 403, fell back to committed snapshot - see data/fallback/README). Manual weekly-out overrides applied for confirmed Week 3 absences: Jayden Daniels (WAS QB, elbow, Mariota starting), David Njoku and Charlie Kolar (both LAC TE, placed on IR after Week 2, min 4 games) - all via multi-source web confirmation (ESPN/CBS/NFL.com/Chargers.com), not yet reflected in Sleeper's live feed.",/home/user/ffcc/output/draft_rankings/draft_rankings_2026_half_ppr.csv
2026,3,00-0040669,Isaac TeSlaa,WR,DET,NYJ,False,0.99,5.59,-0.55,1.75,4.13,7.89,13.19,0.37,0.07,half_ppr,2026-09-22 13:17,"Pre-kickoff snapshot locked 2026-09-22 (all Week 3 games 9/24-9/28, none yet played). Live data refreshed same day (Sleeper live API blocked by sandbox proxy 403, fell back to committed snapshot - see data/fallback/README). Manual weekly-out overrides applied for confirmed Week 3 absences: Jayden Daniels (WAS QB, elbow, Mariota starting), David Njoku and Charlie Kolar (both LAC TE, placed on IR after Week 2, min 4 games) - all via multi-source web confirmation (ESPN/CBS/NFL.com/Chargers.com), not yet reflected in Sleeper's live feed.",/home/user/ffcc/output/draft_rankings/draft_rankings_2026_half_ppr.csv
2026,3,00-0038555,Tank Bigsby,RB,PHI,CHI,False,0.97,5.57,-0.71,1.69,4.15,8.56,14.76,0.38,0.07,half_ppr,2026-09-22 13:17,"Pre-kickoff snapshot locked 2026-09-22 (all Week 3 games 9/24-9/28, none yet played). Live data refreshed same day (Sleeper live API blocked by sandbox proxy 403, fell back to committed snapshot - see data/fallback/README). Manual weekly-out overrides applied for confirmed Week 3 absences: Jayden Daniels (WAS QB, elbow, Mariota starting), David Njoku and Charlie Kolar (both LAC TE, placed on IR after Week 2, min 4 games) - all via multi-source web confirmation (ESPN/CBS/NFL.com/Chargers.com), not yet reflected in Sleeper's live feed.",/home/user/ffcc/output/draft_rankings/draft_rankings_2026_half_ppr.csv
2026,3,00-0038400,Tanner McKee,QB,PHI,CHI,False,1.11,5.56,-2.0,0.28,5.94,11.89,17.17,0.37,0.06,half_ppr,2026-09-22 13:17,"Pre-kickoff snapshot locked 2026-09-22 (all Week 3 games 9/24-9/28, none yet played). Live data refreshed same day (Sleeper live API blocked by sandbox proxy 403, fell back to committed snapshot - see data/fallback/README). Manual weekly-out overrides applied for confirmed Week 3 absences: Jayden Daniels (WAS QB, elbow, Mariota starting), David Njoku and Charlie Kolar (both LAC TE, placed on IR after Week 2, min 4 games) - all via multi-source web confirmation (ESPN/CBS/NFL.com/Chargers.com), not yet reflected in Sleeper's live feed.",/home/user/ffcc/output/draft_rankings/draft_rankings_2026_half_ppr.csv
2026,3,00-0040126,Colston Loveland,TE,CHI,PHI,False,0.6,5.55,0.89,2.7,4.56,7.22,11.45,0.28,0.13,half_ppr,2026-09-22 13:17,"Pre-kickoff snapshot locked 2026-09-22 (all Week 3 games 9/24-9/28, none yet played). Live data refreshed same day (Sleeper live API blocked by sandbox proxy 403, fell back to committed snapshot - see data/fallback/README). Manual weekly-out overrides applied for confirmed Week 3 absences: Jayden Daniels (WAS QB, elbow, Mariota starting), David Njoku and Charlie Kolar (both LAC TE, placed on IR after Week 2, min 4 games) - all via multi-source web confirmation (ESPN/CBS/NFL.com/Chargers.com), not yet reflected in Sleeper's live feed.",/home/user/ffcc/output/draft_rankings/draft_rankings_2026_half_ppr.csv
2026,3,00-0040719,Bhayshul Tuten,RB,JAX,NE,False,0.82,5.52,-0.8,1.67,4.16,8.69,14.29,0.38,0.07,half_ppr,2026-09-22 13:17,"Pre-kickoff snapshot locked 2026-09-22 (all Week 3 games 9/24-9/28, none yet played). Live data refreshed same day (Sleeper live API blocked by sandbox proxy 403, fell back to committed snapshot - see data/fallback/README). Manual weekly-out overrides applied for confirmed Week 3 absences: Jayden Daniels (WAS QB, elbow, Mariota starting), David Njoku and Charlie Kolar (both LAC TE, placed on IR after Week 2, min 4 games) - all via multi-source web confirmation (ESPN/CBS/NFL.com/Chargers.com), not yet reflected in Sleeper's live feed.",/home/user/ffcc/output/draft_rankings/draft_rankings_2026_half_ppr.csv
2026,3,00-0033555,Mack Hollins,WR,NE,JAX,False,0.99,5.51,-0.72,1.67,4.12,7.82,13.31,0.38,0.07,half_ppr,2026-09-22 13:17,"Pre-kickoff snapshot locked 2026-09-22 (all Week 3 games 9/24-9/28, none yet played). Live data refreshed same day (Sleeper live API blocked by sandbox proxy 403, fell back to committed snapshot - see data/fallback/README). Manual weekly-out overrides applied for confirmed Week 3 absences: Jayden Daniels (WAS QB, elbow, Mariota starting), David Njoku and Charlie Kolar (both LAC TE, placed on IR after Week 2, min 4 games) - all via multi-source web confirmation (ESPN/CBS/NFL.com/Chargers.com), not yet reflected in Sleeper's live feed.",/home/user/ffcc/output/draft_rankings/draft_rankings_2026_half_ppr.csv
2026,3,00-0036040,Juwan Johnson,TE,NO,LV,False,0.75,5.51,0.85,2.72,4.63,7.43,11.58,0.28,0.14,half_ppr,2026-09-22 13:17,"Pre-kickoff snapshot locked 2026-09-22 (all Week 3 games 9/24-9/28, none yet played). Live data refreshed same day (Sleeper live API blocked by sandbox proxy 403, fell back to committed snapshot - see data/fallback/README). Manual weekly-out overrides applied for confirmed Week 3 absences: Jayden Daniels (WAS QB, elbow, Mariota starting), David Njoku and Charlie Kolar (both LAC TE, placed on IR after Week 2, min 4 games) - all via multi-source web confirmation (ESPN/CBS/NFL.com/Chargers.com), not yet reflected in Sleeper's live feed.",/home/user/ffcc/output/draft_rankings/draft_rankings_2026_half_ppr.csv
2026,3,00-0041037,Denzel Boston,WR,CLE,CAR,False,0.86,5.42,-0.86,1.54,4.09,7.86,13.15,0.39,0.07,half_ppr,2026-09-22 13:17,"Pre-kickoff snapshot locked 2026-09-22 (all Week 3 games 9/24-9/28, none yet played). Live data refreshed same day (Sleeper live API blocked by sandbox proxy 403, fell back to committed snapshot - see data/fallback/README). Manual weekly-out overrides applied for confirmed Week 3 absences: Jayden Daniels (WAS QB, elbow, Mariota starting), David Njoku and Charlie Kolar (both LAC TE, placed on IR after Week 2, min 4 games) - all via multi-source web confirmation (ESPN/CBS/NFL.com/Chargers.com), not yet reflected in Sleeper's live feed.",/home/user/ffcc/output/draft_rankings/draft_rankings_2026_half_ppr.csv
2026,3,00-0037263,Tyler Allgeier,RB,ARI,SF,False,1.05,5.41,-0.86,1.73,4.09,8.47,14.52,0.39,0.07,half_ppr,2026-09-22 13:17,"Pre-kickoff snapshot locked 2026-09-22 (all Week 3 games 9/24-9/28, none yet played). Live data refreshed same day (Sleeper live API blocked by sandbox proxy 403, fell back to committed snapshot - see data/fallback/README). Manual weekly-out overrides applied for confirmed Week 3 absences: Jayden Daniels (WAS QB, elbow, Mariota starting), David Njoku and Charlie Kolar (both LAC TE, placed on IR after Week 2, min 4 games) - all via multi-source web confirmation (ESPN/CBS/NFL.com/Chargers.com), not yet reflected in Sleeper's live feed.",/home/user/ffcc/output/draft_rankings/draft_rankings_2026_half_ppr.csv
2026,3,00-0037077,Sam Howell,QB,DAL,BAL,False,1.08,5.36,-2.0,0.11,5.82,11.86,17.22,0.37,0.06,half_ppr,2026-09-22 13:17,"Pre-kickoff snapshot locked 2026-09-22 (all Week 3 games 9/24-9/28, none yet played). Live data refreshed same day (Sleeper live API blocked by sandbox proxy 403, fell back to committed snapshot - see data/fallback/README). Manual weekly-out overrides applied for confirmed Week 3 absences: Jayden Daniels (WAS QB, elbow, Mariota starting), David Njoku and Charlie Kolar (both LAC TE, placed on IR after Week 2, min 4 games) - all via multi-source web confirmation (ESPN/CBS/NFL.com/Chargers.com), not yet reflected in Sleeper's live feed.",/home/user/ffcc/output/draft_rankings/draft_rankings_2026_half_ppr.csv
2026,3,00-0041042,Malachi Fields,WR,NYG,TEN,False,1.17,5.33,-0.93,1.45,3.94,7.61,13.17,0.4,0.07,half_ppr,2026-09-22 13:17,"Pre-kickoff snapshot locked 2026-09-22 (all Week 3 games 9/24-9/28, none yet played). Live data refreshed same day (Sleeper live API blocked by sandbox proxy 403, fell back to committed snapshot - see data/fallback/README). Manual weekly-out overrides applied for confirmed Week 3 absences: Jayden Daniels (WAS QB, elbow, Mariota starting), David Njoku and Charlie Kolar (both LAC TE, placed on IR after Week 2, min 4 games) - all via multi-source web confirmation (ESPN/CBS/NFL.com/Chargers.com), not yet reflected in Sleeper's live feed.",/home/user/ffcc/output/draft_rankings/draft_rankings_2026_half_ppr.csv
2026,3,00-0039855,Jalen McMillan,WR,TB,MIN,False,0.76,5.32,-0.98,1.43,3.94,7.58,12.95,0.4,0.06,half_ppr,2026-09-22 13:17,"Pre-kickoff snapshot locked 2026-09-22 (all Week 3 games 9/24-9/28, none yet played). Live data refreshed same day (Sleeper live API blocked by sandbox proxy 403, fell back to committed snapshot - see data/fallback/README). Manual weekly-out overrides applied for confirmed Week 3 absences: Jayden Daniels (WAS QB, elbow, Mariota starting), David Njoku and Charlie Kolar (both LAC TE, placed on IR after Week 2, min 4 games) - all via multi-source web confirmation (ESPN/CBS/NFL.com/Chargers.com), not yet reflected in Sleeper's live feed.",/home/user/ffcc/output/draft_rankings/draft_rankings_2026_half_ppr.csv
2026,3,00-0040170,Elic Ayomanor,WR,TEN,NYG,False,1.11,5.29,-0.94,1.45,3.94,7.52,12.86,0.4,0.06,half_ppr,2026-09-22 13:17,"Pre-kickoff snapshot locked 2026-09-22 (all Week 3 games 9/24-9/28, none yet played). Live data refreshed same day (Sleeper live API blocked by sandbox proxy 403, fell back to committed snapshot - see data/fallback/README). Manual weekly-out overrides applied for confirmed Week 3 absences: Jayden Daniels (WAS QB, elbow, Mariota starting), David Njoku and Charlie Kolar (both LAC TE, placed on IR after Week 2, min 4 games) - all via multi-source web confirmation (ESPN/CBS/NFL.com/Chargers.com), not yet reflected in Sleeper's live feed.",/home/user/ffcc/output/draft_rankings/draft_rankings_2026_half_ppr.csv
2026,3,00-0039868,Troy Franklin,WR,DEN,LA,False,1.03,5.27,-1.0,1.41,3.88,7.63,13.07,0.41,0.07,half_ppr,2026-09-22 13:17,"Pre-kickoff snapshot locked 2026-09-22 (all Week 3 games 9/24-9/28, none yet played). Live data refreshed same day (Sleeper live API blocked by sandbox proxy 403, fell back to committed snapshot - see data/fallback/README). Manual weekly-out overrides applied for confirmed Week 3 absences: Jayden Daniels (WAS QB, elbow, Mariota starting), David Njoku and Charlie Kolar (both LAC TE, placed on IR after Week 2, min 4 games) - all via multi-source web confirmation (ESPN/CBS/NFL.com/Chargers.com), not yet reflected in Sleeper's live feed.",/home/user/ffcc/output/draft_rankings/draft_rankings_2026_half_ppr.csv
2026,3,00-0041035,De'Zhaun Stribling,WR,SF,ARI,False,0.97,5.25,-1.1,1.34,3.86,7.65,13.12,0.41,0.07,half_ppr,2026-09-22 13:17,"Pre-kickoff snapshot locked 2026-09-22 (all Week 3 games 9/24-9/28, none yet played). Live data refreshed same day (Sleeper live API blocked by sandbox proxy 403, fell back to committed snapshot - see data/fallback/README). Manual weekly-out overrides applied for confirmed Week 3 absences: Jayden Daniels (WAS QB, elbow, Mariota starting), David Njoku and Charlie Kolar (both LAC TE, placed on IR after Week 2, min 4 games) - all via multi-source web confirmation (ESPN/CBS/NFL.com/Chargers.com), not yet reflected in Sleeper's live feed.",/home/user/ffcc/output/draft_rankings/draft_rankings_2026_half_ppr.csv
2026,3,00-0038104,Tyquan Thornton,WR,KC,MIA,False,0.97,5.22,-1.08,1.26,3.79,7.53,13.02,0.42,0.07,half_ppr,2026-09-22 13:17,"Pre-kickoff snapshot locked 2026-09-22 (all Week 3 games 9/24-9/28, none yet played). Live data refreshed same day (Sleeper live API blocked by sandbox proxy 403, fell back to committed snapshot - see data/fallback/README). Manual weekly-out overrides applied for confirmed Week 3 absences: Jayden Daniels (WAS QB, elbow, Mariota starting), David Njoku and Charlie Kolar (both LAC TE, placed on IR after Week 2, min 4 games) - all via multi-source web confirmation (ESPN/CBS/NFL.com/Chargers.com), not yet reflected in Sleeper's live feed.",/home/user/ffcc/output/draft_rankings/draft_rankings_2026_half_ppr.csv
2026,3,00-0033307,Kendrick Bourne,WR,ARI,SF,False,1.04,5.2,-0.99,1.43,3.83,7.52,12.92,0.41,0.07,half_ppr,2026-09-22 13:17,"Pre-kickoff snapshot locked 2026-09-22 (all Week 3 games 9/24-9/28, none yet played). Live data refreshed same day (Sleeper live API blocked by sandbox proxy 403, fell back to committed snapshot - see data/fallback/README). Manual weekly-out overrides applied for confirmed Week 3 absences: Jayden Daniels (WAS QB, elbow, Mariota starting), David Njoku and Charlie Kolar (both LAC TE, placed on IR after Week 2, min 4 games) - all via multi-source web confirmation (ESPN/CBS/NFL.com/Chargers.com), not yet reflected in Sleeper's live feed.",/home/user/ffcc/output/draft_rankings/draft_rankings_2026_half_ppr.csv
2026,3,00-0038611,Chris Rodriguez Jr.,RB,JAX,NE,False,0.82,5.19,-1.02,1.36,3.84,8.36,14.38,0.42,0.07,half_ppr,2026-09-22 13:17,"Pre-kickoff snapshot locked 2026-09-22 (all Week 3 games 9/24-9/28, none yet played). Live data refreshed same day (Sleeper live API blocked by sandbox proxy 403, fell back to committed snapshot - see data/fallback/README). Manual weekly-out overrides applied for confirmed Week 3 absences: Jayden Daniels (WAS QB, elbow, Mariota starting), David Njoku and Charlie Kolar (both LAC TE, placed on IR after Week 2, min 4 games) - all via multi-source web confirmation (ESPN/CBS/NFL.com/Chargers.com), not yet reflected in Sleeper's live feed.",/home/user/ffcc/output/draft_rankings/draft_rankings_2026_half_ppr.csv
2026,3,00-0040668,Shedeur Sanders,QB,CLE,CAR,False,0.85,5.18,-2.0,0.01,5.46,11.57,16.77,0.38,0.06,half_ppr,2026-09-22 13:17,"Pre-kickoff snapshot locked 2026-09-22 (all Week 3 games 9/24-9/28, none yet played). Live data refreshed same day (Sleeper live API blocked by sandbox proxy 403, fell back to committed snapshot - see data/fallback/README). Manual weekly-out overrides applied for confirmed Week 3 absences: Jayden Daniels (WAS QB, elbow, Mariota starting), David Njoku and Charlie Kolar (both LAC TE, placed on IR after Week 2, min 4 games) - all via multi-source web confirmation (ESPN/CBS/NFL.com/Chargers.com), not yet reflected in Sleeper's live feed.",/home/user/ffcc/output/draft_rankings/draft_rankings_2026_half_ppr.csv
2026,3,00-0040704,Dillon Gabriel,QB,CLE,CAR,False,0.85,5.17,-2.0,-0.16,5.53,11.54,16.88,0.38,0.06,half_ppr,2026-09-22 13:17,"Pre-kickoff snapshot locked 2026-09-22 (all Week 3 games 9/24-9/28, none yet played). Live data refreshed same day (Sleeper live API blocked by sandbox proxy 403, fell back to committed snapshot - see data/fallback/README). Manual weekly-out overrides applied for confirmed Week 3 absences: Jayden Daniels (WAS QB, elbow, Mariota starting), David Njoku and Charlie Kolar (both LAC TE, placed on IR after Week 2, min 4 games) - all via multi-source web confirmation (ESPN/CBS/NFL.com/Chargers.com), not yet reflected in Sleeper's live feed.",/home/user/ffcc/output/draft_rankings/draft_rankings_2026_half_ppr.csv
2026,3,00-0039738,Blake Corum,RB,LA,DEN,False,0.78,5.17,-1.1,1.4,3.81,8.24,14.11,0.42,0.06,half_ppr,2026-09-22 13:17,"Pre-kickoff snapshot locked 2026-09-22 (all Week 3 games 9/24-9/28, none yet played). Live data refreshed same day (Sleeper live API blocked by sandbox proxy 403, fell back to committed snapshot - see data/fallback/README). Manual weekly-out overrides applied for confirmed Week 3 absences: Jayden Daniels (WAS QB, elbow, Mariota starting), David Njoku and Charlie Kolar (both LAC TE, placed on IR after Week 2, min 4 games) - all via multi-source web confirmation (ESPN/CBS/NFL.com/Chargers.com), not yet reflected in Sleeper's live feed.",/home/user/ffcc/output/draft_rankings/draft_rankings_2026_half_ppr.csv
2026,3,00-0037291,Jalen Nailor,WR,LV,NO,False,0.91,5.15,-1.08,1.27,3.79,7.68,12.98,0.42,0.07,half_ppr,2026-09-22 13:17,"Pre-kickoff snapshot locked 2026-09-22 (all Week 3 games 9/24-9/28, none yet played). Live data refreshed same day (Sleeper live API blocked by sandbox proxy 403, fell back to committed snapshot - see data/fallback/README). Manual weekly-out overrides applied for confirmed Week 3 absences: Jayden Daniels (WAS QB, elbow, Mariota starting), David Njoku and Charlie Kolar (both LAC TE, placed on IR after Week 2, min 4 games) - all via multi-source web confirmation (ESPN/CBS/NFL.com/Chargers.com), not yet reflected in Sleeper's live feed.",/home/user/ffcc/output/draft_rankings/draft_rankings_2026_half_ppr.csv
2026,3,00-0039880,Malik Washington,WR,MIA,KC,False,0.87,5.15,-1.09,1.33,3.83,7.6,13.08,0.41,0.07,half_ppr,2026-09-22 13:17,"Pre-kickoff snapshot locked 2026-09-22 (all Week 3 games 9/24-9/28, none yet played). Live data refreshed same day (Sleeper live API blocked by sandbox proxy 403, fell back to committed snapshot - see data/fallback/README). Manual weekly-out overrides applied for confirmed Week 3 absences: Jayden Daniels (WAS QB, elbow, Mariota starting), David Njoku and Charlie Kolar (both LAC TE, placed on IR after Week 2, min 4 games) - all via multi-source web confirmation (ESPN/CBS/NFL.com/Chargers.com), not yet reflected in Sleeper's live feed.",/home/user/ffcc/output/draft_rankings/draft_rankings_2026_half_ppr.csv
2026,3,00-0035289,Gardner Minshew,QB,ARI,SF,False,1.05,5.12,-2.0,-0.34,5.37,11.67,17.05,0.39,0.06,half_ppr,2026-09-22 13:17,"Pre-kickoff snapshot locked 2026-09-22 (all Week 3 games 9/24-9/28, none yet played). Live data refreshed same day (Sleeper live API blocked by sandbox proxy 403, fell back to committed snapshot - see data/fallback/README). Manual weekly-out overrides applied for confirmed Week 3 absences: Jayden Daniels (WAS QB, elbow, Mariota starting), David Njoku and Charlie Kolar (both LAC TE, placed on IR after Week 2, min 4 games) - all via multi-source web confirmation (ESPN/CBS/NFL.com/Chargers.com), not yet reflected in Sleeper's live feed.",/home/user/ffcc/output/draft_rankings/draft_rankings_2026_half_ppr.csv
2026,3,00-0037801,KaVontae Turpin,WR,DAL,BAL,False,1.17,5.09,-1.11,1.23,3.77,7.71,13.23,0.42,0.07,half_ppr,2026-09-22 13:17,"Pre-kickoff snapshot locked 2026-09-22 (all Week 3 games 9/24-9/28, none yet played). Live data refreshed same day (Sleeper live API blocked by sandbox proxy 403, fell back to committed snapshot - see data/fallback/README). Manual weekly-out overrides applied for confirmed Week 3 absences: Jayden Daniels (WAS QB, elbow, Mariota starting), David Njoku and Charlie Kolar (both LAC TE, placed on IR after Week 2, min 4 games) - all via multi-source web confirmation (ESPN/CBS/NFL.com/Chargers.com), not yet reflected in Sleeper's live feed.",/home/user/ffcc/output/draft_rankings/draft_rankings_2026_half_ppr.csv
2026,3,00-0039344,Jonathon Brooks,RB,CAR,CLE,False,1.0,5.09,-1.1,1.34,3.76,8.4,14.27,0.42,0.07,half_ppr,2026-09-22 13:17,"Pre-kickoff snapshot locked 2026-09-22 (all Week 3 games 9/24-9/28, none yet played). Live data refreshed same day (Sleeper live API blocked by sandbox proxy 403, fell back to committed snapshot - see data/fallback/README). Manual weekly-out overrides applied for confirmed Week 3 absences: Jayden Daniels (WAS QB, elbow, Mariota starting), David Njoku and Charlie Kolar (both LAC TE, placed on IR after Week 2, min 4 games) - all via multi-source web confirmation (ESPN/CBS/NFL.com/Chargers.com), not yet reflected in Sleeper's live feed.",/home/user/ffcc/output/draft_rankings/draft_rankings_2026_half_ppr.csv
2026,3,00-0040466,Raheim Sanders,RB,CLE,CAR,False,1.1,5.06,-1.32,1.25,3.7,8.29,14.29,0.43,0.07,half_ppr,2026-09-22 13:17,"Pre-kickoff snapshot locked 2026-09-22 (all Week 3 games 9/24-9/28, none yet played). Live data refreshed same day (Sleeper live API blocked by sandbox proxy 403, fell back to committed snapshot - see data/fallback/README). Manual weekly-out overrides applied for confirmed Week 3 absences: Jayden Daniels (WAS QB, elbow, Mariota starting), David Njoku and Charlie Kolar (both LAC TE, placed on IR after Week 2, min 4 games) - all via multi-source web confirmation (ESPN/CBS/NFL.com/Chargers.com), not yet reflected in Sleeper's live feed.",/home/user/ffcc/output/draft_rankings/draft_rankings_2026_half_ppr.csv
2026,3,00-0032775,Demarcus Robinson,WR,SF,ARI,False,0.97,5.05,-1.23,1.19,3.71,7.43,12.79,0.42,0.06,half_ppr,2026-09-22 13:17,"Pre-kickoff snapshot locked 2026-09-22 (all Week 3 games 9/24-9/28, none yet played). Live data refreshed same day (Sleeper live API blocked by sandbox proxy 403, fell back to committed snapshot - see data/fallback/README). Manual weekly-out overrides applied for confirmed Week 3 absences: Jayden Daniels (WAS QB, elbow, Mariota starting), David Njoku and Charlie Kolar (both LAC TE, placed on IR after Week 2, min 4 games) - all via multi-source web confirmation (ESPN/CBS/NFL.com/Chargers.com), not yet reflected in Sleeper's live feed.",/home/user/ffcc/output/draft_rankings/draft_rankings_2026_half_ppr.csv
2026,3,00-0035264,Jarrett Stidham,QB,DEN,LA,False,0.93,5.0,-2.0,-0.14,5.54,11.58,16.93,0.39,0.06,half_ppr,2026-09-22 13:17,"Pre-kickoff snapshot locked 2026-09-22 (all Week 3 games 9/24-9/28, none yet played). Live data refreshed same day (Sleeper live API blocked by sandbox proxy 403, fell back to committed snapshot - see data/fallback/README). Manual weekly-out overrides applied for confirmed Week 3 absences: Jayden Daniels (WAS QB, elbow, Mariota starting), David Njoku and Charlie Kolar (both LAC TE, placed on IR after Week 2, min 4 games) - all via multi-source web confirmation (ESPN/CBS/NFL.com/Chargers.com), not yet reflected in Sleeper's live feed.",/home/user/ffcc/output/draft_rankings/draft_rankings_2026_half_ppr.csv
2026,3,00-0029892,Kyle Juszczyk,RB,SF,ARI,False,1.21,4.97,-1.25,1.12,3.5,8.03,14.12,0.45,0.06,half_ppr,2026-09-22 13:17,"Pre-kickoff snapshot locked 2026-09-22 (all Week 3 games 9/24-9/28, none yet played). Live data refreshed same day (Sleeper live API blocked by sandbox proxy 403, fell back to committed snapshot - see data/fallback/README). Manual weekly-out overrides applied for confirmed Week 3 absences: Jayden Daniels (WAS QB, elbow, Mariota starting), David Njoku and Charlie Kolar (both LAC TE, placed on IR after Week 2, min 4 games) - all via multi-source web confirmation (ESPN/CBS/NFL.com/Chargers.com), not yet reflected in Sleeper's live feed.",/home/user/ffcc/output/draft_rankings/draft_rankings_2026_half_ppr.csv
2026,3,00-0026300,Josh Johnson,QB,CIN,PIT,False,1.15,4.89,-2.0,-0.4,5.15,11.27,16.78,0.4,0.06,half_ppr,2026-09-22 13:17,"Pre-kickoff snapshot locked 2026-09-22 (all Week 3 games 9/24-9/28, none yet played). Live data refreshed same day (Sleeper live API blocked by sandbox proxy 403, fell back to committed snapshot - see data/fallback/README). Manual weekly-out overrides applied for confirmed Week 3 absences: Jayden Daniels (WAS QB, elbow, Mariota starting), David Njoku and Charlie Kolar (both LAC TE, placed on IR after Week 2, min 4 games) - all via multi-source web confirmation (ESPN/CBS/NFL.com/Chargers.com), not yet reflected in Sleeper's live feed.",/home/user/ffcc/output/draft_rankings/draft_rankings_2026_half_ppr.csv
2026,3,00-0040736,Mason Taylor,TE,NYJ,DET,False,1.04,4.87,0.23,2.08,3.96,6.74,11.01,0.36,0.12,half_ppr,2026-09-22 13:17,"Pre-kickoff snapshot locked 2026-09-22 (all Week 3 games 9/24-9/28, none yet played). Live data refreshed same day (Sleeper live API blocked by sandbox proxy 403, fell back to committed snapshot - see data/fallback/README). Manual weekly-out overrides applied for confirmed Week 3 absences: Jayden Daniels (WAS QB, elbow, Mariota starting), David Njoku and Charlie Kolar (both LAC TE, placed on IR after Week 2, min 4 games) - all via multi-source web confirmation (ESPN/CBS/NFL.com/Chargers.com), not yet reflected in Sleeper's live feed.",/home/user/ffcc/output/draft_rankings/draft_rankings_2026_half_ppr.csv
2026,3,00-0038579,Aidan O'Connell,QB,LV,NO,False,0.86,4.86,-2.0,-0.52,5.46,11.51,16.98,0.4,0.06,half_ppr,2026-09-22 13:17,"Pre-kickoff snapshot locked 2026-09-22 (all Week 3 games 9/24-9/28, none yet played). Live data refreshed same day (Sleeper live API blocked by sandbox proxy 403, fell back to committed snapshot - see data/fallback/README). Manual weekly-out overrides applied for confirmed Week 3 absences: Jayden Daniels (WAS QB, elbow, Mariota starting), David Njoku and Charlie Kolar (both LAC TE, placed on IR after Week 2, min 4 games) - all via multi-source web confirmation (ESPN/CBS/NFL.com/Chargers.com), not yet reflected in Sleeper's live feed.",/home/user/ffcc/output/draft_rankings/draft_rankings_2026_half_ppr.csv
2026,3,00-0033319,Nick Mullens,QB,JAX,NE,False,0.9,4.85,-2.0,-0.44,5.3,11.32,16.66,0.4,0.06,half_ppr,2026-09-22 13:17,"Pre-kickoff snapshot locked 2026-09-22 (all Week 3 games 9/24-9/28, none yet played). Live data refreshed same day (Sleeper live API blocked by sandbox proxy 403, fell back to committed snapshot - see data/fallback/README). Manual weekly-out overrides applied for confirmed Week 3 absences: Jayden Daniels (WAS QB, elbow, Mariota starting), David Njoku and Charlie Kolar (both LAC TE, placed on IR after Week 2, min 4 games) - all via multi-source web confirmation (ESPN/CBS/NFL.com/Chargers.com), not yet reflected in Sleeper's live feed.",/home/user/ffcc/output/draft_rankings/draft_rankings_2026_half_ppr.csv
2026,3,00-0040202,Devin Neal,RB,NO,LV,False,1.04,4.84,-1.35,1.02,3.45,7.83,13.88,0.46,0.06,half_ppr,2026-09-22 13:17,"Pre-kickoff snapshot locked 2026-09-22 (all Week 3 games 9/24-9/28, none yet played). Live data refreshed same day (Sleeper live API blocked by sandbox proxy 403, fell back to committed snapshot - see data/fallback/README). Manual weekly-out overrides applied for confirmed Week 3 absences: Jayden Daniels (WAS QB, elbow, Mariota starting), David Njoku and Charlie Kolar (both LAC TE, placed on IR after Week 2, min 4 games) - all via multi-source web confirmation (ESPN/CBS/NFL.com/Chargers.com), not yet reflected in Sleeper's live feed.",/home/user/ffcc/output/draft_rankings/draft_rankings_2026_half_ppr.csv
2026,3,00-0035208,Olamide Zaccheaus,WR,ATL,GB,False,1.02,4.75,-1.49,0.85,3.4,7.14,12.54,0.46,0.06,half_ppr,2026-09-22 13:17,"Pre-kickoff snapshot locked 2026-09-22 (all Week 3 games 9/24-9/28, none yet played). Live data refreshed same day (Sleeper live API blocked by sandbox proxy 403, fell back to committed snapshot - see data/fallback/README). Manual weekly-out overrides applied for confirmed Week 3 absences: Jayden Daniels (WAS QB, elbow, Mariota starting), David Njoku and Charlie Kolar (both LAC TE, placed on IR after Week 2, min 4 games) - all via multi-source web confirmation (ESPN/CBS/NFL.com/Chargers.com), not yet reflected in Sleeper's live feed.",/home/user/ffcc/output/draft_rankings/draft_rankings_2026_half_ppr.csv
2026,3,00-0040727,Tre Harris,WR,LAC,BUF,False,0.86,4.74,-1.45,0.85,3.35,7.2,12.54,0.46,0.06,half_ppr,2026-09-22 13:17,"Pre-kickoff snapshot locked 2026-09-22 (all Week 3 games 9/24-9/28, none yet played). Live data refreshed same day (Sleeper live API blocked by sandbox proxy 403, fell back to committed snapshot - see data/fallback/README). Manual weekly-out overrides applied for confirmed Week 3 absences: Jayden Daniels (WAS QB, elbow, Mariota starting), David Njoku and Charlie Kolar (both LAC TE, placed on IR after Week 2, min 4 games) - all via multi-source web confirmation (ESPN/CBS/NFL.com/Chargers.com), not yet reflected in Sleeper's live feed.",/home/user/ffcc/output/draft_rankings/draft_rankings_2026_half_ppr.csv
2026,3,00-0038129,Cade Otton,TE,TB,MIN,False,0.79,4.73,-0.03,1.86,3.74,6.3,10.59,0.39,0.11,half_ppr,2026-09-22 13:17,"Pre-kickoff snapshot locked 2026-09-22 (all Week 3 games 9/24-9/28, none yet played). Live data refreshed same day (Sleeper live API blocked by sandbox proxy 403, fell back to committed snapshot - see data/fallback/README). Manual weekly-out overrides applied for confirmed Week 3 absences: Jayden Daniels (WAS QB, elbow, Mariota starting), David Njoku and Charlie Kolar (both LAC TE, placed on IR after Week 2, min 4 games) - all via multi-source web confirmation (ESPN/CBS/NFL.com/Chargers.com), not yet reflected in Sleeper's live feed.",/home/user/ffcc/output/draft_rankings/draft_rankings_2026_half_ppr.csv
2026,3,00-0039875,Ray Davis,RB,BUF,LAC,False,0.85,4.67,-1.55,0.87,3.21,7.52,13.51,0.48,0.06,half_ppr,2026-09-22 13:17,"Pre-kickoff snapshot locked 2026-09-22 (all Week 3 games 9/24-9/28, none yet played). Live data refreshed same day (Sleeper live API blocked by sandbox proxy 403, fell back to committed snapshot - see data/fallback/README). Manual weekly-out overrides applied for confirmed Week 3 absences: Jayden Daniels (WAS QB, elbow, Mariota starting), David Njoku and Charlie Kolar (both LAC TE, placed on IR after Week 2, min 4 games) - all via multi-source web confirmation (ESPN/CBS/NFL.com/Chargers.com), not yet reflected in Sleeper's live feed.",/home/user/ffcc/output/draft_rankings/draft_rankings_2026_half_ppr.csv
2026,3,00-0037005,Tommy Tremble,TE,CAR,CLE,False,0.9,4.66,0.01,1.85,3.74,6.44,10.79,0.39,0.11,half_ppr,2026-09-22 13:17,"Pre-kickoff snapshot locked 2026-09-22 (all Week 3 games 9/24-9/28, none yet played). Live data refreshed same day (Sleeper live API blocked by sandbox proxy 403, fell back to committed snapshot - see data/fallback/README). Manual weekly-out overrides applied for confirmed Week 3 absences: Jayden Daniels (WAS QB, elbow, Mariota starting), David Njoku and Charlie Kolar (both LAC TE, placed on IR after Week 2, min 4 games) - all via multi-source web confirmation (ESPN/CBS/NFL.com/Chargers.com), not yet reflected in Sleeper's live feed.",/home/user/ffcc/output/draft_rankings/draft_rankings_2026_half_ppr.csv
2026,3,00-0038476,Tommy DeVito,QB,NE,JAX,False,0.97,4.66,-2.0,-0.73,4.91,11.16,16.29,0.41,0.05,half_ppr,2026-09-22 13:17,"Pre-kickoff snapshot locked 2026-09-22 (all Week 3 games 9/24-9/28, none yet played). Live data refreshed same day (Sleeper live API blocked by sandbox proxy 403, fell back to committed snapshot - see data/fallback/README). Manual weekly-out overrides applied for confirmed Week 3 absences: Jayden Daniels (WAS QB, elbow, Mariota starting), David Njoku and Charlie Kolar (both LAC TE, placed on IR after Week 2, min 4 games) - all via multi-source web confirmation (ESPN/CBS/NFL.com/Chargers.com), not yet reflected in Sleeper's live feed.",/home/user/ffcc/output/draft_rankings/draft_rankings_2026_half_ppr.csv
2026,3,00-0040134,Pat Bryant,WR,DEN,LA,False,1.03,4.65,-1.61,0.83,3.24,7.05,12.32,0.47,0.06,half_ppr,2026-09-22 13:17,"Pre-kickoff snapshot locked 2026-09-22 (all Week 3 games 9/24-9/28, none yet played). Live data refreshed same day (Sleeper live API blocked by sandbox proxy 403, fell back to committed snapshot - see data/fallback/README). Manual weekly-out overrides applied for confirmed Week 3 absences: Jayden Daniels (WAS QB, elbow, Mariota starting), David Njoku and Charlie Kolar (both LAC TE, placed on IR after Week 2, min 4 games) - all via multi-source web confirmation (ESPN/CBS/NFL.com/Chargers.com), not yet reflected in Sleeper's live feed.",/home/user/ffcc/output/draft_rankings/draft_rankings_2026_half_ppr.csv
2026,3,00-0035250,Devin Singletary,RB,NYG,TEN,False,1.0,4.61,-1.79,0.8,3.22,7.76,13.64,0.48,0.06,half_ppr,2026-09-22 13:17,"Pre-kickoff snapshot locked 2026-09-22 (all Week 3 games 9/24-9/28, none yet played). Live data refreshed same day (Sleeper live API blocked by sandbox proxy 403, fell back to committed snapshot - see data/fallback/README). Manual weekly-out overrides applied for confirmed Week 3 absences: Jayden Daniels (WAS QB, elbow, Mariota starting), David Njoku and Charlie Kolar (both LAC TE, placed on IR after Week 2, min 4 games) - all via multi-source web confirmation (ESPN/CBS/NFL.com/Chargers.com), not yet reflected in Sleeper's live feed.",/home/user/ffcc/output/draft_rankings/draft_rankings_2026_half_ppr.csv
2026,3,00-0038738,Hunter Luepke,RB,DAL,BAL,False,1.03,4.61,-1.8,0.74,3.22,7.72,13.64,0.48,0.06,half_ppr,2026-09-22 13:17,"Pre-kickoff snapshot locked 2026-09-22 (all Week 3 games 9/24-9/28, none yet played). Live data refreshed same day (Sleeper live API blocked by sandbox proxy 403, fell back to committed snapshot - see data/fallback/README). Manual weekly-out overrides applied for confirmed Week 3 absences: Jayden Daniels (WAS QB, elbow, Mariota starting), David Njoku and Charlie Kolar (both LAC TE, placed on IR after Week 2, min 4 games) - all via multi-source web confirmation (ESPN/CBS/NFL.com/Chargers.com), not yet reflected in Sleeper's live feed.",/home/user/ffcc/output/draft_rankings/draft_rankings_2026_half_ppr.csv
2026,3,00-0039847,Theo Johnson,TE,NYG,TEN,False,1.07,4.6,-0.06,1.83,3.71,6.39,10.8,0.4,0.11,half_ppr,2026-09-22 13:17,"Pre-kickoff snapshot locked 2026-09-22 (all Week 3 games 9/24-9/28, none yet played). Live data refreshed same day (Sleeper live API blocked by sandbox proxy 403, fell back to committed snapshot - see data/fallback/README). Manual weekly-out overrides applied for confirmed Week 3 absences: Jayden Daniels (WAS QB, elbow, Mariota starting), David Njoku and Charlie Kolar (both LAC TE, placed on IR after Week 2, min 4 games) - all via multi-source web confirmation (ESPN/CBS/NFL.com/Chargers.com), not yet reflected in Sleeper's live feed.",/home/user/ffcc/output/draft_rankings/draft_rankings_2026_half_ppr.csv
2026,3,00-0040870,Ja'Kobi Lane,WR,BAL,DAL,False,1.32,4.56,-1.7,0.7,3.24,7.06,12.46,0.48,0.06,half_ppr,2026-09-22 13:17,"Pre-kickoff snapshot locked 2026-09-22 (all Week 3 games 9/24-9/28, none yet played). Live data refreshed same day (Sleeper live API blocked by sandbox proxy 403, fell back to committed snapshot - see data/fallback/README). Manual weekly-out overrides applied for confirmed Week 3 absences: Jayden Daniels (WAS QB, elbow, Mariota starting), David Njoku and Charlie Kolar (both LAC TE, placed on IR after Week 2, min 4 games) - all via multi-source web confirmation (ESPN/CBS/NFL.com/Chargers.com), not yet reflected in Sleeper's live feed.",/home/user/ffcc/output/draft_rankings/draft_rankings_2026_half_ppr.csv
2026,3,00-0038685,Chris Brooks,RB,GB,ATL,False,0.98,4.53,-1.71,0.77,3.18,7.69,13.72,0.48,0.06,half_ppr,2026-09-22 13:17,"Pre-kickoff snapshot locked 2026-09-22 (all Week 3 games 9/24-9/28, none yet played). Live data refreshed same day (Sleeper live API blocked by sandbox proxy 403, fell back to committed snapshot - see data/fallback/README). Manual weekly-out overrides applied for confirmed Week 3 absences: Jayden Daniels (WAS QB, elbow, Mariota starting), David Njoku and Charlie Kolar (both LAC TE, placed on IR after Week 2, min 4 games) - all via multi-source web confirmation (ESPN/CBS/NFL.com/Chargers.com), not yet reflected in Sleeper's live feed.",/home/user/ffcc/output/draft_rankings/draft_rankings_2026_half_ppr.csv
2026,3,00-0027973,Andy Dalton,QB,PHI,CHI,False,1.11,4.52,-2.0,-0.65,5.03,11.08,16.34,0.41,0.05,half_ppr,2026-09-22 13:17,"Pre-kickoff snapshot locked 2026-09-22 (all Week 3 games 9/24-9/28, none yet played). Live data refreshed same day (Sleeper live API blocked by sandbox proxy 403, fell back to committed snapshot - see data/fallback/README). Manual weekly-out overrides applied for confirmed Week 3 absences: Jayden Daniels (WAS QB, elbow, Mariota starting), David Njoku and Charlie Kolar (both LAC TE, placed on IR after Week 2, min 4 games) - all via multi-source web confirmation (ESPN/CBS/NFL.com/Chargers.com), not yet reflected in Sleeper's live feed.",/home/user/ffcc/output/draft_rankings/draft_rankings_2026_half_ppr.csv
2026,3,00-0040878,Mike Washington Jr.,RB,LV,NO,False,0.96,4.49,-1.64,0.7,3.13,7.48,13.32,0.49,0.06,half_ppr,2026-09-22 13:17,"Pre-kickoff snapshot locked 2026-09-22 (all Week 3 games 9/24-9/28, none yet played). Live data refreshed same day (Sleeper live API blocked by sandbox proxy 403, fell back to committed snapshot - see data/fallback/README). Manual weekly-out overrides applied for confirmed Week 3 absences: Jayden Daniels (WAS QB, elbow, Mariota starting), David Njoku and Charlie Kolar (both LAC TE, placed on IR after Week 2, min 4 games) - all via multi-source web confirmation (ESPN/CBS/NFL.com/Chargers.com), not yet reflected in Sleeper's live feed.",/home/user/ffcc/output/draft_rankings/draft_rankings_2026_half_ppr.csv
2026,3,00-0035249,Josh Oliver,TE,MIN,TB,False,1.21,4.49,-0.15,1.67,3.56,6.22,10.58,0.43,0.11,half_ppr,2026-09-22 13:17,"Pre-kickoff snapshot locked 2026-09-22 (all Week 3 games 9/24-9/28, none yet played). Live data refreshed same day (Sleeper live API blocked by sandbox proxy 403, fell back to committed snapshot - see data/fallback/README). Manual weekly-out overrides applied for confirmed Week 3 absences: Jayden Daniels (WAS QB, elbow, Mariota starting), David Njoku and Charlie Kolar (both LAC TE, placed on IR after Week 2, min 4 games) - all via multi-source web confirmation (ESPN/CBS/NFL.com/Chargers.com), not yet reflected in Sleeper's live feed.",/home/user/ffcc/output/draft_rankings/draft_rankings_2026_half_ppr.csv
2026,3,00-0036924,Michael Carter,RB,TEN,NYG,False,1.18,4.48,-1.74,0.67,3.11,7.58,13.41,0.49,0.06,half_ppr,2026-09-22 13:17,"Pre-kickoff snapshot locked 2026-09-22 (all Week 3 games 9/24-9/28, none yet played). Live data refreshed same day (Sleeper live API blocked by sandbox proxy 403, fell back to committed snapshot - see data/fallback/README). Manual weekly-out overrides applied for confirmed Week 3 absences: Jayden Daniels (WAS QB, elbow, Mariota starting), David Njoku and Charlie Kolar (both LAC TE, placed on IR after Week 2, min 4 games) - all via multi-source web confirmation (ESPN/CBS/NFL.com/Chargers.com), not yet reflected in Sleeper's live feed.",/home/user/ffcc/output/draft_rankings/draft_rankings_2026_half_ppr.csv
2026,3,00-0040162,Dylan Sampson,RB,CLE,CAR,False,1.1,4.46,-1.84,0.63,3.1,7.57,13.53,0.49,0.06,half_ppr,2026-09-22 13:17,"Pre-kickoff snapshot locked 2026-09-22 (all Week 3 games 9/24-9/28, none yet played). Live data refreshed same day (Sleeper live API blocked by sandbox proxy 403, fell back to committed snapshot - see data/fallback/README). Manual weekly-out overrides applied for confirmed Week 3 absences: Jayden Daniels (WAS QB, elbow, Mariota starting), David Njoku and Charlie Kolar (both LAC TE, placed on IR after Week 2, min 4 games) - all via multi-source web confirmation (ESPN/CBS/NFL.com/Chargers.com), not yet reflected in Sleeper's live feed.",/home/user/ffcc/output/draft_rankings/draft_rankings_2026_half_ppr.csv
2026,3,00-0033110,Tyler Higbee,TE,LA,DEN,False,1.02,4.41,-0.39,1.54,3.48,6.16,10.51,0.43,0.11,half_ppr,2026-09-22 13:17,"Pre-kickoff snapshot locked 2026-09-22 (all Week 3 games 9/24-9/28, none yet played). Live data refreshed same day (Sleeper live API blocked by sandbox proxy 403, fell back to committed snapshot - see data/fallback/README). Manual weekly-out overrides applied for confirmed Week 3 absences: Jayden Daniels (WAS QB, elbow, Mariota starting), David Njoku and Charlie Kolar (both LAC TE, placed on IR after Week 2, min 4 games) - all via multi-source web confirmation (ESPN/CBS/NFL.com/Chargers.com), not yet reflected in Sleeper's live feed.",/home/user/ffcc/output/draft_rankings/draft_rankings_2026_half_ppr.csv
2026,3,00-0039794,Braelon Allen,RB,NYJ,DET,False,0.89,4.39,-1.99,0.47,2.92,7.38,13.47,0.51,0.06,half_ppr,2026-09-22 13:17,"Pre-kickoff snapshot locked 2026-09-22 (all Week 3 games 9/24-9/28, none yet played). Live data refreshed same day (Sleeper live API blocked by sandbox proxy 403, fell back to committed snapshot - see data/fallback/README). Manual weekly-out overrides applied for confirmed Week 3 absences: Jayden Daniels (WAS QB, elbow, Mariota starting), David Njoku and Charlie Kolar (both LAC TE, placed on IR after Week 2, min 4 games) - all via multi-source web confirmation (ESPN/CBS/NFL.com/Chargers.com), not yet reflected in Sleeper's live feed.",/home/user/ffcc/output/draft_rankings/draft_rankings_2026_half_ppr.csv
2026,3,00-0038705,Emari Demercado,RB,DAL,BAL,False,1.03,4.39,-2.0,0.51,2.91,7.34,13.17,0.51,0.06,half_ppr,2026-09-22 13:17,"Pre-kickoff snapshot locked 2026-09-22 (all Week 3 games 9/24-9/28, none yet played). Live data refreshed same day (Sleeper live API blocked by sandbox proxy 403, fell back to committed snapshot - see data/fallback/README). Manual weekly-out overrides applied for confirmed Week 3 absences: Jayden Daniels (WAS QB, elbow, Mariota starting), David Njoku and Charlie Kolar (both LAC TE, placed on IR after Week 2, min 4 games) - all via multi-source web confirmation (ESPN/CBS/NFL.com/Chargers.com), not yet reflected in Sleeper's live feed.",/home/user/ffcc/output/draft_rankings/draft_rankings_2026_half_ppr.csv
2026,3,00-0035282,Easton Stick,QB,TB,MIN,False,0.68,4.35,-2.0,-1.07,4.61,10.73,15.99,0.43,0.05,half_ppr,2026-09-22 13:17,"Pre-kickoff snapshot locked 2026-09-22 (all Week 3 games 9/24-9/28, none yet played). Live data refreshed same day (Sleeper live API blocked by sandbox proxy 403, fell back to committed snapshot - see data/fallback/README). Manual weekly-out overrides applied for confirmed Week 3 absences: Jayden Daniels (WAS QB, elbow, Mariota starting), David Njoku and Charlie Kolar (both LAC TE, placed on IR after Week 2, min 4 games) - all via multi-source web confirmation (ESPN/CBS/NFL.com/Chargers.com), not yet reflected in Sleeper's live feed.",/home/user/ffcc/output/draft_rankings/draft_rankings_2026_half_ppr.csv
2026,3,00-0036988,Josh Palmer,WR,BUF,LAC,False,0.88,4.35,-1.88,0.54,2.97,6.75,12.21,0.5,0.05,half_ppr,2026-09-22 13:17,"Pre-kickoff snapshot locked 2026-09-22 (all Week 3 games 9/24-9/28, none yet played). Live data refreshed same day (Sleeper live API blocked by sandbox proxy 403, fell back to committed snapshot - see data/fallback/README). Manual weekly-out overrides applied for confirmed Week 3 absences: Jayden Daniels (WAS QB, elbow, Mariota starting), David Njoku and Charlie Kolar (both LAC TE, placed on IR after Week 2, min 4 games) - all via multi-source web confirmation (ESPN/CBS/NFL.com/Chargers.com), not yet reflected in Sleeper's live feed.",/home/user/ffcc/output/draft_rankings/draft_rankings_2026_half_ppr.csv
2026,3,00-0039405,Jawhar Jordan,RB,HOU,IND,False,0.91,4.34,-2.0,0.49,2.97,7.61,13.53,0.5,0.06,half_ppr,2026-09-22 13:17,"Pre-kickoff snapshot locked 2026-09-22 (all Week 3 games 9/24-9/28, none yet played). Live data refreshed same day (Sleeper live API blocked by sandbox proxy 403, fell back to committed snapshot - see data/fallback/README). Manual weekly-out overrides applied for confirmed Week 3 absences: Jayden Daniels (WAS QB, elbow, Mariota starting), David Njoku and Charlie Kolar (both LAC TE, placed on IR after Week 2, min 4 games) - all via multi-source web confirmation (ESPN/CBS/NFL.com/Chargers.com), not yet reflected in Sleeper's live feed.",/home/user/ffcc/output/draft_rankings/draft_rankings_2026_half_ppr.csv
2026,3,00-0038551,Kendre Miller,RB,NO,LV,False,1.04,4.33,-1.94,0.49,2.95,7.71,13.43,0.51,0.06,half_ppr,2026-09-22 13:17,"Pre-kickoff snapshot locked 2026-09-22 (all Week 3 games 9/24-9/28, none yet played). Live data refreshed same day (Sleeper live API blocked by sandbox proxy 403, fell back to committed snapshot - see data/fallback/README). Manual weekly-out overrides applied for confirmed Week 3 absences: Jayden Daniels (WAS QB, elbow, Mariota starting), David Njoku and Charlie Kolar (both LAC TE, placed on IR after Week 2, min 4 games) - all via multi-source web confirmation (ESPN/CBS/NFL.com/Chargers.com), not yet reflected in Sleeper's live feed.",/home/user/ffcc/output/draft_rankings/draft_rankings_2026_half_ppr.csv
2026,3,00-0036637,Noah Gray,TE,KC,MIA,False,1.23,4.33,-0.32,1.55,3.42,6.0,10.36,0.44,0.1,half_ppr,2026-09-22 13:17,"Pre-kickoff snapshot locked 2026-09-22 (all Week 3 games 9/24-9/28, none yet played). Live data refreshed same day (Sleeper live API blocked by sandbox proxy 403, fell back to committed snapshot - see data/fallback/README). Manual weekly-out overrides applied for confirmed Week 3 absences: Jayden Daniels (WAS QB, elbow, Mariota starting), David Njoku and Charlie Kolar (both LAC TE, placed on IR after Week 2, min 4 games) - all via multi-source web confirmation (ESPN/CBS/NFL.com/Chargers.com), not yet reflected in Sleeper's live feed.",/home/user/ffcc/output/draft_rankings/draft_rankings_2026_half_ppr.csv
2026,3,00-0038951,Sean Tucker,RB,TB,MIN,False,0.9,4.33,-1.91,0.55,2.97,7.44,13.18,0.5,0.06,half_ppr,2026-09-22 13:17,"Pre-kickoff snapshot locked 2026-09-22 (all Week 3 games 9/24-9/28, none yet played). Live data refreshed same day (Sleeper live API blocked by sandbox proxy 403, fell back to committed snapshot - see data/fallback/README). Manual weekly-out overrides applied for confirmed Week 3 absences: Jayden Daniels (WAS QB, elbow, Mariota starting), David Njoku and Charlie Kolar (both LAC TE, placed on IR after Week 2, min 4 games) - all via multi-source web confirmation (ESPN/CBS/NFL.com/Chargers.com), not yet reflected in Sleeper's live feed.",/home/user/ffcc/output/draft_rankings/draft_rankings_2026_half_ppr.csv
2026,3,00-0040138,Jaylin Noel,WR,HOU,IND,False,1.16,4.27,-2.0,0.5,2.94,6.78,12.15,0.51,0.06,half_ppr,2026-09-22 13:17,"Pre-kickoff snapshot locked 2026-09-22 (all Week 3 games 9/24-9/28, none yet played). Live data refreshed same day (Sleeper live API blocked by sandbox proxy 403, fell back to committed snapshot - see data/fallback/README). Manual weekly-out overrides applied for confirmed Week 3 absences: Jayden Daniels (WAS QB, elbow, Mariota starting), David Njoku and Charlie Kolar (both LAC TE, placed on IR after Week 2, min 4 games) - all via multi-source web confirmation (ESPN/CBS/NFL.com/Chargers.com), not yet reflected in Sleeper's live feed.",/home/user/ffcc/output/draft_rankings/draft_rankings_2026_half_ppr.csv
2026,3,00-0037837,Calvin Austin III,WR,NYG,TEN,False,1.17,4.27,-2.0,0.42,2.86,6.68,11.98,0.52,0.05,half_ppr,2026-09-22 13:17,"Pre-kickoff snapshot locked 2026-09-22 (all Week 3 games 9/24-9/28, none yet played). Live data refreshed same day (Sleeper live API blocked by sandbox proxy 403, fell back to committed snapshot - see data/fallback/README). Manual weekly-out overrides applied for confirmed Week 3 absences: Jayden Daniels (WAS QB, elbow, Mariota starting), David Njoku and Charlie Kolar (both LAC TE, placed on IR after Week 2, min 4 games) - all via multi-source web confirmation (ESPN/CBS/NFL.com/Chargers.com), not yet reflected in Sleeper's live feed.",/home/user/ffcc/output/draft_rankings/draft_rankings_2026_half_ppr.csv
2026,3,00-0039373,Audric Estimé,RB,NO,LV,False,1.04,4.24,-2.0,0.46,2.79,7.33,13.27,0.52,0.06,half_ppr,2026-09-22 13:17,"Pre-kickoff snapshot locked 2026-09-22 (all Week 3 games 9/24-9/28, none yet played). Live data refreshed same day (Sleeper live API blocked by sandbox proxy 403, fell back to committed snapshot - see data/fallback/README). Manual weekly-out overrides applied for confirmed Week 3 absences: Jayden Daniels (WAS QB, elbow, Mariota starting), David Njoku and Charlie Kolar (both LAC TE, placed on IR after Week 2, min 4 games) - all via multi-source web confirmation (ESPN/CBS/NFL.com/Chargers.com), not yet reflected in Sleeper's live feed.",/home/user/ffcc/output/draft_rankings/draft_rankings_2026_half_ppr.csv
2026,3,00-0037509,Sincere McCormick,RB,SF,ARI,False,1.21,4.22,-2.0,0.45,2.85,7.4,13.18,0.52,0.06,half_ppr,2026-09-22 13:17,"Pre-kickoff snapshot locked 2026-09-22 (all Week 3 games 9/24-9/28, none yet played). Live data refreshed same day (Sleeper live API blocked by sandbox proxy 403, fell back to committed snapshot - see data/fallback/README). Manual weekly-out overrides applied for confirmed Week 3 absences: Jayden Daniels (WAS QB, elbow, Mariota starting), David Njoku and Charlie Kolar (both LAC TE, placed on IR after Week 2, min 4 games) - all via multi-source web confirmation (ESPN/CBS/NFL.com/Chargers.com), not yet reflected in Sleeper's live feed.",/home/user/ffcc/output/draft_rankings/draft_rankings_2026_half_ppr.csv
2026,3,00-0040494,Max Brosmer,QB,MIN,TB,False,1.19,4.18,-2.0,-1.1,4.61,10.77,15.85,0.43,0.05,half_ppr,2026-09-22 13:17,"Pre-kickoff snapshot locked 2026-09-22 (all Week 3 games 9/24-9/28, none yet played). Live data refreshed same day (Sleeper live API blocked by sandbox proxy 403, fell back to committed snapshot - see data/fallback/README). Manual weekly-out overrides applied for confirmed Week 3 absences: Jayden Daniels (WAS QB, elbow, Mariota starting), David Njoku and Charlie Kolar (both LAC TE, placed on IR after Week 2, min 4 games) - all via multi-source web confirmation (ESPN/CBS/NFL.com/Chargers.com), not yet reflected in Sleeper's live feed.",/home/user/ffcc/output/draft_rankings/draft_rankings_2026_half_ppr.csv
2026,3,00-0036887,Luke Farrell,TE,SF,ARI,False,1.29,4.15,-0.7,1.3,3.19,5.88,10.17,0.47,0.1,half_ppr,2026-09-22 13:17,"Pre-kickoff snapshot locked 2026-09-22 (all Week 3 games 9/24-9/28, none yet played). Live data refreshed same day (Sleeper live API blocked by sandbox proxy 403, fell back to committed snapshot - see data/fallback/README). Manual weekly-out overrides applied for confirmed Week 3 absences: Jayden Daniels (WAS QB, elbow, Mariota starting), David Njoku and Charlie Kolar (both LAC TE, placed on IR after Week 2, min 4 games) - all via multi-source web confirmation (ESPN/CBS/NFL.com/Chargers.com), not yet reflected in Sleeper's live feed.",/home/user/ffcc/output/draft_rankings/draft_rankings_2026_half_ppr.csv
2026,3,00-0041561,Carson Beck,QB,ARI,SF,False,1.05,4.15,-2.0,-1.44,4.29,10.41,15.85,0.44,0.05,half_ppr,2026-09-22 13:17,"Pre-kickoff snapshot locked 2026-09-22 (all Week 3 games 9/24-9/28, none yet played). Live data refreshed same day (Sleeper live API blocked by sandbox proxy 403, fell back to committed snapshot - see data/fallback/README). Manual weekly-out overrides applied for confirmed Week 3 absences: Jayden Daniels (WAS QB, elbow, Mariota starting), David Njoku and Charlie Kolar (both LAC TE, placed on IR after Week 2, min 4 games) - all via multi-source web confirmation (ESPN/CBS/NFL.com/Chargers.com), not yet reflected in Sleeper's live feed.",/home/user/ffcc/output/draft_rankings/draft_rankings_2026_half_ppr.csv
2026,3,00-0040737,Terrance Ferguson,TE,LA,DEN,False,1.02,4.13,-0.55,1.34,3.22,5.95,10.24,0.47,0.1,half_ppr,2026-09-22 13:17,"Pre-kickoff snapshot locked 2026-09-22 (all Week 3 games 9/24-9/28, none yet played). Live data refreshed same day (Sleeper live API blocked by sandbox proxy 403, fell back to committed snapshot - see data/fallback/README). Manual weekly-out overrides applied for confirmed Week 3 absences: Jayden Daniels (WAS QB, elbow, Mariota starting), David Njoku and Charlie Kolar (both LAC TE, placed on IR after Week 2, min 4 games) - all via multi-source web confirmation (ESPN/CBS/NFL.com/Chargers.com), not yet reflected in Sleeper's live feed.",/home/user/ffcc/output/draft_rankings/draft_rankings_2026_half_ppr.csv
2026,3,00-0040189,Oronde Gadsden II,TE,LAC,BUF,False,0.62,4.12,-0.51,1.35,3.23,5.84,10.14,0.47,0.1,half_ppr,2026-09-22 13:17,"Pre-kickoff snapshot locked 2026-09-22 (all Week 3 games 9/24-9/28, none yet played). Live data refreshed same day (Sleeper live API blocked by sandbox proxy 403, fell back to committed snapshot - see data/fallback/README). Manual weekly-out overrides applied for confirmed Week 3 absences: Jayden Daniels (WAS QB, elbow, Mariota starting), David Njoku and Charlie Kolar (both LAC TE, placed on IR after Week 2, min 4 games) - all via multi-source web confirmation (ESPN/CBS/NFL.com/Chargers.com), not yet reflected in Sleeper's live feed.",/home/user/ffcc/output/draft_rankings/draft_rankings_2026_half_ppr.csv
2026,3,00-0039451,Isaiah Williams,WR,NYJ,DET,False,1.19,4.11,-2.0,0.29,2.74,6.54,11.82,0.53,0.05,half_ppr,2026-09-22 13:17,"Pre-kickoff snapshot locked 2026-09-22 (all Week 3 games 9/24-9/28, none yet played). Live data refreshed same day (Sleeper live API blocked by sandbox proxy 403, fell back to committed snapshot - see data/fallback/README). Manual weekly-out overrides applied for confirmed Week 3 absences: Jayden Daniels (WAS QB, elbow, Mariota starting), David Njoku and Charlie Kolar (both LAC TE, placed on IR after Week 2, min 4 games) - all via multi-source web confirmation (ESPN/CBS/NFL.com/Chargers.com), not yet reflected in Sleeper's live feed.",/home/user/ffcc/output/draft_rankings/draft_rankings_2026_half_ppr.csv
2026,3,00-0041565,Drew Allar,QB,PIT,CIN,False,1.13,4.1,-2.0,-1.18,4.41,10.53,15.99,0.44,0.05,half_ppr,2026-09-22 13:17,"Pre-kickoff snapshot locked 2026-09-22 (all Week 3 games 9/24-9/28, none yet played). Live data refreshed same day (Sleeper live API blocked by sandbox proxy 403, fell back to committed snapshot - see data/fallback/README). Manual weekly-out overrides applied for confirmed Week 3 absences: Jayden Daniels (WAS QB, elbow, Mariota starting), David Njoku and Charlie Kolar (both LAC TE, placed on IR after Week 2, min 4 games) - all via multi-source web confirmation (ESPN/CBS/NFL.com/Chargers.com), not yet reflected in Sleeper's live feed.",/home/user/ffcc/output/draft_rankings/draft_rankings_2026_half_ppr.csv
2026,3,00-0037741,Jahan Dotson,WR,ATL,GB,False,1.02,4.07,-2.0,0.23,2.71,6.51,11.93,0.53,0.05,half_ppr,2026-09-22 13:17,"Pre-kickoff snapshot locked 2026-09-22 (all Week 3 games 9/24-9/28, none yet played). Live data refreshed same day (Sleeper live API blocked by sandbox proxy 403, fell back to committed snapshot - see data/fallback/README). Manual weekly-out overrides applied for confirmed Week 3 absences: Jayden Daniels (WAS QB, elbow, Mariota starting), David Njoku and Charlie Kolar (both LAC TE, placed on IR after Week 2, min 4 games) - all via multi-source web confirmation (ESPN/CBS/NFL.com/Chargers.com), not yet reflected in Sleeper's live feed.",/home/user/ffcc/output/draft_rankings/draft_rankings_2026_half_ppr.csv
2026,3,00-0040729,Jack Bech,WR,LV,NO,False,0.91,4.06,-2.0,0.18,2.78,6.58,11.89,0.52,0.05,half_ppr,2026-09-22 13:17,"Pre-kickoff snapshot locked 2026-09-22 (all Week 3 games 9/24-9/28, none yet played). Live data refreshed same day (Sleeper live API blocked by sandbox proxy 403, fell back to committed snapshot - see data/fallback/README). Manual weekly-out overrides applied for confirmed Week 3 absences: Jayden Daniels (WAS QB, elbow, Mariota starting), David Njoku and Charlie Kolar (both LAC TE, placed on IR after Week 2, min 4 games) - all via multi-source web confirmation (ESPN/CBS/NFL.com/Chargers.com), not yet reflected in Sleeper's live feed.",/home/user/ffcc/output/draft_rankings/draft_rankings_2026_half_ppr.csv
2026,3,00-0039874,Jaylen Wright,RB,MIA,KC,False,0.87,4.02,-2.0,0.22,2.61,7.19,13.35,0.54,0.06,half_ppr,2026-09-22 13:17,"Pre-kickoff snapshot locked 2026-09-22 (all Week 3 games 9/24-9/28, none yet played). Live data refreshed same day (Sleeper live API blocked by sandbox proxy 403, fell back to committed snapshot - see data/fallback/README). Manual weekly-out overrides applied for confirmed Week 3 absences: Jayden Daniels (WAS QB, elbow, Mariota starting), David Njoku and Charlie Kolar (both LAC TE, placed on IR after Week 2, min 4 games) - all via multi-source web confirmation (ESPN/CBS/NFL.com/Chargers.com), not yet reflected in Sleeper's live feed.",/home/user/ffcc/output/draft_rankings/draft_rankings_2026_half_ppr.csv
2026,3,00-0041013,Emmett Johnson,RB,KC,MIA,False,1.13,3.99,-2.0,0.21,2.58,6.86,13.1,0.54,0.06,half_ppr,2026-09-22 13:17,"Pre-kickoff snapshot locked 2026-09-22 (all Week 3 games 9/24-9/28, none yet played). Live data refreshed same day (Sleeper live API blocked by sandbox proxy 403, fell back to committed snapshot - see data/fallback/README). Manual weekly-out overrides applied for confirmed Week 3 absences: Jayden Daniels (WAS QB, elbow, Mariota starting), David Njoku and Charlie Kolar (both LAC TE, placed on IR after Week 2, min 4 games) - all via multi-source web confirmation (ESPN/CBS/NFL.com/Chargers.com), not yet reflected in Sleeper's live feed.",/home/user/ffcc/output/draft_rankings/draft_rankings_2026_half_ppr.csv
2026,3,00-0039363,Isaac Guerendo,RB,SF,ARI,False,1.21,3.99,-2.0,0.18,2.55,6.89,12.79,0.54,0.05,half_ppr,2026-09-22 13:17,"Pre-kickoff snapshot locked 2026-09-22 (all Week 3 games 9/24-9/28, none yet played). Live data refreshed same day (Sleeper live API blocked by sandbox proxy 403, fell back to committed snapshot - see data/fallback/README). Manual weekly-out overrides applied for confirmed Week 3 absences: Jayden Daniels (WAS QB, elbow, Mariota starting), David Njoku and Charlie Kolar (both LAC TE, placed on IR after Week 2, min 4 games) - all via multi-source web confirmation (ESPN/CBS/NFL.com/Chargers.com), not yet reflected in Sleeper's live feed.",/home/user/ffcc/output/draft_rankings/draft_rankings_2026_half_ppr.csv
2026,3,00-0033526,Samaje Perine,RB,CIN,PIT,False,0.87,3.98,-2.0,0.21,2.57,6.93,12.84,0.54,0.06,half_ppr,2026-09-22 13:17,"Pre-kickoff snapshot locked 2026-09-22 (all Week 3 games 9/24-9/28, none yet played). Live data refreshed same day (Sleeper live API blocked by sandbox proxy 403, fell back to committed snapshot - see data/fallback/README). Manual weekly-out overrides applied for confirmed Week 3 absences: Jayden Daniels (WAS QB, elbow, Mariota starting), David Njoku and Charlie Kolar (both LAC TE, placed on IR after Week 2, min 4 games) - all via multi-source web confirmation (ESPN/CBS/NFL.com/Chargers.com), not yet reflected in Sleeper's live feed.",/home/user/ffcc/output/draft_rankings/draft_rankings_2026_half_ppr.csv
2026,3,00-0041523,Caleb Douglas,WR,MIA,KC,False,0.87,3.98,-2.0,0.1,2.57,6.31,11.8,0.55,0.05,half_ppr,2026-09-22 13:17,"Pre-kickoff snapshot locked 2026-09-22 (all Week 3 games 9/24-9/28, none yet played). Live data refreshed same day (Sleeper live API blocked by sandbox proxy 403, fell back to committed snapshot - see data/fallback/README). Manual weekly-out overrides applied for confirmed Week 3 absences: Jayden Daniels (WAS QB, elbow, Mariota starting), David Njoku and Charlie Kolar (both LAC TE, placed on IR after Week 2, min 4 games) - all via multi-source web confirmation (ESPN/CBS/NFL.com/Chargers.com), not yet reflected in Sleeper's live feed.",/home/user/ffcc/output/draft_rankings/draft_rankings_2026_half_ppr.csv
2026,3,00-0039739,Roman Wilson,WR,PIT,CIN,False,0.83,3.94,-2.0,0.04,2.56,6.32,11.76,0.55,0.05,half_ppr,2026-09-22 13:17,"Pre-kickoff snapshot locked 2026-09-22 (all Week 3 games 9/24-9/28, none yet played). Live data refreshed same day (Sleeper live API blocked by sandbox proxy 403, fell back to committed snapshot - see data/fallback/README). Manual weekly-out overrides applied for confirmed Week 3 absences: Jayden Daniels (WAS QB, elbow, Mariota starting), David Njoku and Charlie Kolar (both LAC TE, placed on IR after Week 2, min 4 games) - all via multi-source web confirmation (ESPN/CBS/NFL.com/Chargers.com), not yet reflected in Sleeper's live feed.",/home/user/ffcc/output/draft_rankings/draft_rankings_2026_half_ppr.csv
2026,3,00-0031610,Darren Waller,TE,CAR,CLE,False,0.9,3.92,-0.76,1.14,3.01,5.7,9.99,0.5,0.09,half_ppr,2026-09-22 13:17,"Pre-kickoff snapshot locked 2026-09-22 (all Week 3 games 9/24-9/28, none yet played). Live data refreshed same day (Sleeper live API blocked by sandbox proxy 403, fell back to committed snapshot - see data/fallback/README). Manual weekly-out overrides applied for confirmed Week 3 absences: Jayden Daniels (WAS QB, elbow, Mariota starting), David Njoku and Charlie Kolar (both LAC TE, placed on IR after Week 2, min 4 games) - all via multi-source web confirmation (ESPN/CBS/NFL.com/Chargers.com), not yet reflected in Sleeper's live feed.",/home/user/ffcc/output/draft_rankings/draft_rankings_2026_half_ppr.csv
2026,3,00-0041040,Antonio Williams,WR,WAS,SEA,False,0.84,3.84,-2.0,-0.02,2.43,6.11,11.77,0.56,0.05,half_ppr,2026-09-22 13:17,"Pre-kickoff snapshot locked 2026-09-22 (all Week 3 games 9/24-9/28, none yet played). Live data refreshed same day (Sleeper live API blocked by sandbox proxy 403, fell back to committed snapshot - see data/fallback/README). Manual weekly-out overrides applied for confirmed Week 3 absences: Jayden Daniels (WAS QB, elbow, Mariota starting), David Njoku and Charlie Kolar (both LAC TE, placed on IR after Week 2, min 4 games) - all via multi-source web confirmation (ESPN/CBS/NFL.com/Chargers.com), not yet reflected in Sleeper's live feed.",/home/user/ffcc/output/draft_rankings/draft_rankings_2026_half_ppr.csv
2026,3,00-0040311,Theo Wease Jr.,WR,LAC,BUF,False,0.86,3.83,-2.0,0.01,2.61,6.46,11.9,0.54,0.05,half_ppr,2026-09-22 13:17,"Pre-kickoff snapshot locked 2026-09-22 (all Week 3 games 9/24-9/28, none yet played). Live data refreshed same day (Sleeper live API blocked by sandbox proxy 403, fell back to committed snapshot - see data/fallback/README). Manual weekly-out overrides applied for confirmed Week 3 absences: Jayden Daniels (WAS QB, elbow, Mariota starting), David Njoku and Charlie Kolar (both LAC TE, placed on IR after Week 2, min 4 games) - all via multi-source web confirmation (ESPN/CBS/NFL.com/Chargers.com), not yet reflected in Sleeper's live feed.",/home/user/ffcc/output/draft_rankings/draft_rankings_2026_half_ppr.csv
2026,3,00-0037252,Greg Dulcich,TE,MIA,KC,False,0.81,3.82,-0.9,1.05,2.95,5.73,10.06,0.51,0.1,half_ppr,2026-09-22 13:17,"Pre-kickoff snapshot locked 2026-09-22 (all Week 3 games 9/24-9/28, none yet played). Live data refreshed same day (Sleeper live API blocked by sandbox proxy 403, fell back to committed snapshot - see data/fallback/README). Manual weekly-out overrides applied for confirmed Week 3 absences: Jayden Daniels (WAS QB, elbow, Mariota starting), David Njoku and Charlie Kolar (both LAC TE, placed on IR after Week 2, min 4 games) - all via multi-source web confirmation (ESPN/CBS/NFL.com/Chargers.com), not yet reflected in Sleeper's live feed.",/home/user/ffcc/output/draft_rankings/draft_rankings_2026_half_ppr.csv
2026,3,00-0040584,Gunnar Helm,TE,TEN,NYG,False,0.84,3.8,-0.91,0.98,2.86,5.6,9.7,0.52,0.09,half_ppr,2026-09-22 13:17,"Pre-kickoff snapshot locked 2026-09-22 (all Week 3 games 9/24-9/28, none yet played). Live data refreshed same day (Sleeper live API blocked by sandbox proxy 403, fell back to committed snapshot - see data/fallback/README). Manual weekly-out overrides applied for confirmed Week 3 absences: Jayden Daniels (WAS QB, elbow, Mariota starting), David Njoku and Charlie Kolar (both LAC TE, placed on IR after Week 2, min 4 games) - all via multi-source web confirmation (ESPN/CBS/NFL.com/Chargers.com), not yet reflected in Sleeper's live feed.",/home/user/ffcc/output/draft_rankings/draft_rankings_2026_half_ppr.csv
2026,3,00-0038416,Tyson Bagent,QB,CHI,PHI,False,0.89,3.77,-2.0,-1.47,4.07,10.14,15.55,0.45,0.04,half_ppr,2026-09-22 13:17,"Pre-kickoff snapshot locked 2026-09-22 (all Week 3 games 9/24-9/28, none yet played). Live data refreshed same day (Sleeper live API blocked by sandbox proxy 403, fell back to committed snapshot - see data/fallback/README). Manual weekly-out overrides applied for confirmed Week 3 absences: Jayden Daniels (WAS QB, elbow, Mariota starting), David Njoku and Charlie Kolar (both LAC TE, placed on IR after Week 2, min 4 games) - all via multi-source web confirmation (ESPN/CBS/NFL.com/Chargers.com), not yet reflected in Sleeper's live feed.",/home/user/ffcc/output/draft_rankings/draft_rankings_2026_half_ppr.csv
2026,3,00-0039364,Sione Vaki,RB,DET,NYJ,False,1.32,3.74,-2.0,-0.01,2.38,6.86,12.77,0.55,0.05,half_ppr,2026-09-22 13:17,"Pre-kickoff snapshot locked 2026-09-22 (all Week 3 games 9/24-9/28, none yet played). Live data refreshed same day (Sleeper live API blocked by sandbox proxy 403, fell back to committed snapshot - see data/fallback/README). Manual weekly-out overrides applied for confirmed Week 3 absences: Jayden Daniels (WAS QB, elbow, Mariota starting), David Njoku and Charlie Kolar (both LAC TE, placed on IR after Week 2, min 4 games) - all via multi-source web confirmation (ESPN/CBS/NFL.com/Chargers.com), not yet reflected in Sleeper's live feed.",/home/user/ffcc/output/draft_rankings/draft_rankings_2026_half_ppr.csv
2026,3,00-0035537,Ty Johnson,RB,BUF,LAC,False,0.85,3.72,-2.0,-0.08,2.37,6.83,12.73,0.56,0.05,half_ppr,2026-09-22 13:17,"Pre-kickoff snapshot locked 2026-09-22 (all Week 3 games 9/24-9/28, none yet played). Live data refreshed same day (Sleeper live API blocked by sandbox proxy 403, fell back to committed snapshot - see data/fallback/README). Manual weekly-out overrides applied for confirmed Week 3 absences: Jayden Daniels (WAS QB, elbow, Mariota starting), David Njoku and Charlie Kolar (both LAC TE, placed on IR after Week 2, min 4 games) - all via multi-source web confirmation (ESPN/CBS/NFL.com/Chargers.com), not yet reflected in Sleeper's live feed.",/home/user/ffcc/output/draft_rankings/draft_rankings_2026_half_ppr.csv
2026,3,00-0037324,Chris Oladokun,QB,KC,MIA,False,1.11,3.72,-2.0,-1.62,4.02,10.26,15.64,0.45,0.04,half_ppr,2026-09-22 13:17,"Pre-kickoff snapshot locked 2026-09-22 (all Week 3 games 9/24-9/28, none yet played). Live data refreshed same day (Sleeper live API blocked by sandbox proxy 403, fell back to committed snapshot - see data/fallback/README). Manual weekly-out overrides applied for confirmed Week 3 absences: Jayden Daniels (WAS QB, elbow, Mariota starting), David Njoku and Charlie Kolar (both LAC TE, placed on IR after Week 2, min 4 games) - all via multi-source web confirmation (ESPN/CBS/NFL.com/Chargers.com), not yet reflected in Sleeper's live feed.",/home/user/ffcc/output/draft_rankings/draft_rankings_2026_half_ppr.csv
2026,3,00-0037157,Bam Knight,RB,ARI,SF,False,1.05,3.72,-2.0,-0.06,2.34,6.96,12.79,0.56,0.06,half_ppr,2026-09-22 13:17,"Pre-kickoff snapshot locked 2026-09-22 (all Week 3 games 9/24-9/28, none yet played). Live data refreshed same day (Sleeper live API blocked by sandbox proxy 403, fell back to committed snapshot - see data/fallback/README). Manual weekly-out overrides applied for confirmed Week 3 absences: Jayden Daniels (WAS QB, elbow, Mariota starting), David Njoku and Charlie Kolar (both LAC TE, placed on IR after Week 2, min 4 games) - all via multi-source web confirmation (ESPN/CBS/NFL.com/Chargers.com), not yet reflected in Sleeper's live feed.",/home/user/ffcc/output/draft_rankings/draft_rankings_2026_half_ppr.csv
2026,3,00-0040234,Quinn Ewers,QB,JAX,NE,False,0.9,3.72,-2.0,-1.75,3.97,10.08,15.29,0.46,0.04,half_ppr,2026-09-22 13:17,"Pre-kickoff snapshot locked 2026-09-22 (all Week 3 games 9/24-9/28, none yet played). Live data refreshed same day (Sleeper live API blocked by sandbox proxy 403, fell back to committed snapshot - see data/fallback/README). Manual weekly-out overrides applied for confirmed Week 3 absences: Jayden Daniels (WAS QB, elbow, Mariota starting), David Njoku and Charlie Kolar (both LAC TE, placed on IR after Week 2, min 4 games) - all via multi-source web confirmation (ESPN/CBS/NFL.com/Chargers.com), not yet reflected in Sleeper's live feed.",/home/user/ffcc/output/draft_rankings/draft_rankings_2026_half_ppr.csv
2026,3,00-0040078,Brashard Smith,RB,KC,MIA,False,1.13,3.72,-2.0,-0.06,2.34,6.98,12.93,0.56,0.05,half_ppr,2026-09-22 13:17,"Pre-kickoff snapshot locked 2026-09-22 (all Week 3 games 9/24-9/28, none yet played). Live data refreshed same day (Sleeper live API blocked by sandbox proxy 403, fell back to committed snapshot - see data/fallback/README). Manual weekly-out overrides applied for confirmed Week 3 absences: Jayden Daniels (WAS QB, elbow, Mariota starting), David Njoku and Charlie Kolar (both LAC TE, placed on IR after Week 2, min 4 games) - all via multi-source web confirmation (ESPN/CBS/NFL.com/Chargers.com), not yet reflected in Sleeper's live feed.",/home/user/ffcc/output/draft_rankings/draft_rankings_2026_half_ppr.csv
2026,3,00-0034613,Tanner Hudson,TE,CIN,PIT,False,1.27,3.68,-1.0,0.85,2.75,5.4,9.54,0.54,0.09,half_ppr,2026-09-22 13:17,"Pre-kickoff snapshot locked 2026-09-22 (all Week 3 games 9/24-9/28, none yet played). Live data refreshed same day (Sleeper live API blocked by sandbox proxy 403, fell back to committed snapshot - see data/fallback/README). Manual weekly-out overrides applied for confirmed Week 3 absences: Jayden Daniels (WAS QB, elbow, Mariota starting), David Njoku and Charlie Kolar (both LAC TE, placed on IR after Week 2, min 4 games) - all via multi-source web confirmation (ESPN/CBS/NFL.com/Chargers.com), not yet reflected in Sleeper's live feed.",/home/user/ffcc/output/draft_rankings/draft_rankings_2026_half_ppr.csv
2026,3,00-0039021,Roschon Johnson,RB,CHI,PHI,False,1.05,3.66,-2.0,-0.1,2.33,6.93,12.97,0.56,0.06,half_ppr,2026-09-22 13:17,"Pre-kickoff snapshot locked 2026-09-22 (all Week 3 games 9/24-9/28, none yet played). Live data refreshed same day (Sleeper live API blocked by sandbox proxy 403, fell back to committed snapshot - see data/fallback/README). Manual weekly-out overrides applied for confirmed Week 3 absences: Jayden Daniels (WAS QB, elbow, Mariota starting), David Njoku and Charlie Kolar (both LAC TE, placed on IR after Week 2, min 4 games) - all via multi-source web confirmation (ESPN/CBS/NFL.com/Chargers.com), not yet reflected in Sleeper's live feed.",/home/user/ffcc/output/draft_rankings/draft_rankings_2026_half_ppr.csv
2026,3,00-0038488,Brady Russell,RB,SEA,WAS,False,1.2,3.65,-2.0,-0.09,2.25,6.48,12.48,0.57,0.05,half_ppr,2026-09-22 13:17,"Pre-kickoff snapshot locked 2026-09-22 (all Week 3 games 9/24-9/28, none yet played). Live data refreshed same day (Sleeper live API blocked by sandbox proxy 403, fell back to committed snapshot - see data/fallback/README). Manual weekly-out overrides applied for confirmed Week 3 absences: Jayden Daniels (WAS QB, elbow, Mariota starting), David Njoku and Charlie Kolar (both LAC TE, placed on IR after Week 2, min 4 games) - all via multi-source web confirmation (ESPN/CBS/NFL.com/Chargers.com), not yet reflected in Sleeper's live feed.",/home/user/ffcc/output/draft_rankings/draft_rankings_2026_half_ppr.csv
2026,3,00-0041483,Eli Stowers,TE,PHI,CHI,False,0.96,3.64,-1.11,0.85,2.75,5.55,9.87,0.54,0.09,half_ppr,2026-09-22 13:17,"Pre-kickoff snapshot locked 2026-09-22 (all Week 3 games 9/24-9/28, none yet played). Live data refreshed same day (Sleeper live API blocked by sandbox proxy 403, fell back to committed snapshot - see data/fallback/README). Manual weekly-out overrides applied for confirmed Week 3 absences: Jayden Daniels (WAS QB, elbow, Mariota starting), David Njoku and Charlie Kolar (both LAC TE, placed on IR after Week 2, min 4 games) - all via multi-source web confirmation (ESPN/CBS/NFL.com/Chargers.com), not yet reflected in Sleeper's live feed.",/home/user/ffcc/output/draft_rankings/draft_rankings_2026_half_ppr.csv
2026,3,00-0041472,Marlin Klein,TE,HOU,IND,False,1.15,3.63,-1.2,0.78,2.72,5.38,9.56,0.54,0.09,half_ppr,2026-09-22 13:17,"Pre-kickoff snapshot locked 2026-09-22 (all Week 3 games 9/24-9/28, none yet played). Live data refreshed same day (Sleeper live API blocked by sandbox proxy 403, fell back to committed snapshot - see data/fallback/README). Manual weekly-out overrides applied for confirmed Week 3 absences: Jayden Daniels (WAS QB, elbow, Mariota starting), David Njoku and Charlie Kolar (both LAC TE, placed on IR after Week 2, min 4 games) - all via multi-source web confirmation (ESPN/CBS/NFL.com/Chargers.com), not yet reflected in Sleeper's live feed.",/home/user/ffcc/output/draft_rankings/draft_rankings_2026_half_ppr.csv
2026,3,00-0036980,Elijah Moore,WR,PHI,CHI,False,1.21,3.59,-2.0,-0.21,2.23,6.19,11.56,0.58,0.05,half_ppr,2026-09-22 13:17,"Pre-kickoff snapshot locked 2026-09-22 (all Week 3 games 9/24-9/28, none yet played). Live data refreshed same day (Sleeper live API blocked by sandbox proxy 403, fell back to committed snapshot - see data/fallback/README). Manual weekly-out overrides applied for confirmed Week 3 absences: Jayden Daniels (WAS QB, elbow, Mariota starting), David Njoku and Charlie Kolar (both LAC TE, placed on IR after Week 2, min 4 games) - all via multi-source web confirmation (ESPN/CBS/NFL.com/Chargers.com), not yet reflected in Sleeper's live feed.",/home/user/ffcc/output/draft_rankings/draft_rankings_2026_half_ppr.csv
2026,3,00-0041496,Jonah Coleman,RB,DEN,LA,False,0.9,3.59,-2.0,-0.33,2.19,6.66,12.89,0.57,0.06,half_ppr,2026-09-22 13:17,"Pre-kickoff snapshot locked 2026-09-22 (all Week 3 games 9/24-9/28, none yet played). Live data refreshed same day (Sleeper live API blocked by sandbox proxy 403, fell back to committed snapshot - see data/fallback/README). Manual weekly-out overrides applied for confirmed Week 3 absences: Jayden Daniels (WAS QB, elbow, Mariota starting), David Njoku and Charlie Kolar (both LAC TE, placed on IR after Week 2, min 4 games) - all via multi-source web confirmation (ESPN/CBS/NFL.com/Chargers.com), not yet reflected in Sleeper's live feed.",/home/user/ffcc/output/draft_rankings/draft_rankings_2026_half_ppr.csv
2026,3,00-0038391,Sean Clifford,QB,CIN,PIT,False,1.15,3.56,-2.0,-1.73,4.12,10.2,15.41,0.45,0.04,half_ppr,2026-09-22 13:17,"Pre-kickoff snapshot locked 2026-09-22 (all Week 3 games 9/24-9/28, none yet played). Live data refreshed same day (Sleeper live API blocked by sandbox proxy 403, fell back to committed snapshot - see data/fallback/README). Manual weekly-out overrides applied for confirmed Week 3 absences: Jayden Daniels (WAS QB, elbow, Mariota starting), David Njoku and Charlie Kolar (both LAC TE, placed on IR after Week 2, min 4 games) - all via multi-source web confirmation (ESPN/CBS/NFL.com/Chargers.com), not yet reflected in Sleeper's live feed.",/home/user/ffcc/output/draft_rankings/draft_rankings_2026_half_ppr.csv
2026,3,00-0038102,Kenny Pickett,QB,CAR,CLE,False,0.82,3.55,-2.0,-1.7,3.92,10.13,15.47,0.46,0.04,half_ppr,2026-09-22 13:17,"Pre-kickoff snapshot locked 2026-09-22 (all Week 3 games 9/24-9/28, none yet played). Live data refreshed same day (Sleeper live API blocked by sandbox proxy 403, fell back to committed snapshot - see data/fallback/README). Manual weekly-out overrides applied for confirmed Week 3 absences: Jayden Daniels (WAS QB, elbow, Mariota starting), David Njoku and Charlie Kolar (both LAC TE, placed on IR after Week 2, min 4 games) - all via multi-source web confirmation (ESPN/CBS/NFL.com/Chargers.com), not yet reflected in Sleeper's live feed.",/home/user/ffcc/output/draft_rankings/draft_rankings_2026_half_ppr.csv
2026,3,00-0041489,Germie Bernard,WR,PIT,CIN,False,0.83,3.54,-2.0,-0.2,2.2,6.11,11.26,0.58,0.04,half_ppr,2026-09-22 13:17,"Pre-kickoff snapshot locked 2026-09-22 (all Week 3 games 9/24-9/28, none yet played). Live data refreshed same day (Sleeper live API blocked by sandbox proxy 403, fell back to committed snapshot - see data/fallback/README). Manual weekly-out overrides applied for confirmed Week 3 absences: Jayden Daniels (WAS QB, elbow, Mariota starting), David Njoku and Charlie Kolar (both LAC TE, placed on IR after Week 2, min 4 games) - all via multi-source web confirmation (ESPN/CBS/NFL.com/Chargers.com), not yet reflected in Sleeper's live feed.",/home/user/ffcc/output/draft_rankings/draft_rankings_2026_half_ppr.csv
2026,3,00-0040206,Riley Leonard,QB,IND,HOU,False,0.78,3.53,-2.0,-1.84,3.95,10.04,15.43,0.46,0.04,half_ppr,2026-09-22 13:17,"Pre-kickoff snapshot locked 2026-09-22 (all Week 3 games 9/24-9/28, none yet played). Live data refreshed same day (Sleeper live API blocked by sandbox proxy 403, fell back to committed snapshot - see data/fallback/README). Manual weekly-out overrides applied for confirmed Week 3 absences: Jayden Daniels (WAS QB, elbow, Mariota starting), David Njoku and Charlie Kolar (both LAC TE, placed on IR after Week 2, min 4 games) - all via multi-source web confirmation (ESPN/CBS/NFL.com/Chargers.com), not yet reflected in Sleeper's live feed.",/home/user/ffcc/output/draft_rankings/draft_rankings_2026_half_ppr.csv
2026,3,00-0037267,Jerome Ford,RB,MIN,TB,False,1.0,3.52,-2.0,-0.22,2.21,6.67,12.64,0.57,0.05,half_ppr,2026-09-22 13:17,"Pre-kickoff snapshot locked 2026-09-22 (all Week 3 games 9/24-9/28, none yet played). Live data refreshed same day (Sleeper live API blocked by sandbox proxy 403, fell back to committed snapshot - see data/fallback/README). Manual weekly-out overrides applied for confirmed Week 3 absences: Jayden Daniels (WAS QB, elbow, Mariota starting), David Njoku and Charlie Kolar (both LAC TE, placed on IR after Week 2, min 4 games) - all via multi-source web confirmation (ESPN/CBS/NFL.com/Chargers.com), not yet reflected in Sleeper's live feed.",/home/user/ffcc/output/draft_rankings/draft_rankings_2026_half_ppr.csv
2026,3,00-0037231,Kevin Austin Jr.,WR,NO,LV,False,1.08,3.51,-2.0,-0.35,2.18,5.94,11.34,0.58,0.04,half_ppr,2026-09-22 13:17,"Pre-kickoff snapshot locked 2026-09-22 (all Week 3 games 9/24-9/28, none yet played). Live data refreshed same day (Sleeper live API blocked by sandbox proxy 403, fell back to committed snapshot - see data/fallback/README). Manual weekly-out overrides applied for confirmed Week 3 absences: Jayden Daniels (WAS QB, elbow, Mariota starting), David Njoku and Charlie Kolar (both LAC TE, placed on IR after Week 2, min 4 games) - all via multi-source web confirmation (ESPN/CBS/NFL.com/Chargers.com), not yet reflected in Sleeper's live feed.",/home/user/ffcc/output/draft_rankings/draft_rankings_2026_half_ppr.csv
2026,3,00-0039041,Elijah Higgins,TE,ARI,SF,False,1.12,3.51,-1.22,0.68,2.6,5.31,9.35,0.56,0.08,half_ppr,2026-09-22 13:17,"Pre-kickoff snapshot locked 2026-09-22 (all Week 3 games 9/24-9/28, none yet played). Live data refreshed same day (Sleeper live API blocked by sandbox proxy 403, fell back to committed snapshot - see data/fallback/README). Manual weekly-out overrides applied for confirmed Week 3 absences: Jayden Daniels (WAS QB, elbow, Mariota starting), David Njoku and Charlie Kolar (both LAC TE, placed on IR after Week 2, min 4 games) - all via multi-source web confirmation (ESPN/CBS/NFL.com/Chargers.com), not yet reflected in Sleeper's live feed.",/home/user/ffcc/output/draft_rankings/draft_rankings_2026_half_ppr.csv
2026,3,00-0035406,Lil'Jordan Humphrey,WR,DEN,LA,False,1.03,3.5,-2.0,-0.22,2.17,6.05,11.41,0.58,0.05,half_ppr,2026-09-22 13:17,"Pre-kickoff snapshot locked 2026-09-22 (all Week 3 games 9/24-9/28, none yet played). Live data refreshed same day (Sleeper live API blocked by sandbox proxy 403, fell back to committed snapshot - see data/fallback/README). Manual weekly-out overrides applied for confirmed Week 3 absences: Jayden Daniels (WAS QB, elbow, Mariota starting), David Njoku and Charlie Kolar (both LAC TE, placed on IR after Week 2, min 4 games) - all via multi-source web confirmation (ESPN/CBS/NFL.com/Chargers.com), not yet reflected in Sleeper's live feed.",/home/user/ffcc/output/draft_rankings/draft_rankings_2026_half_ppr.csv
2026,3,00-0040131,Kyle Williams,WR,NE,JAX,False,0.99,3.49,-2.0,-0.33,2.19,5.98,11.38,0.58,0.04,half_ppr,2026-09-22 13:17,"Pre-kickoff snapshot locked 2026-09-22 (all Week 3 games 9/24-9/28, none yet played). Live data refreshed same day (Sleeper live API blocked by sandbox proxy 403, fell back to committed snapshot - see data/fallback/README). Manual weekly-out overrides applied for confirmed Week 3 absences: Jayden Daniels (WAS QB, elbow, Mariota starting), David Njoku and Charlie Kolar (both LAC TE, placed on IR after Week 2, min 4 games) - all via multi-source web confirmation (ESPN/CBS/NFL.com/Chargers.com), not yet reflected in Sleeper's live feed.",/home/user/ffcc/output/draft_rankings/draft_rankings_2026_half_ppr.csv
2026,3,00-0039386,Bub Means,WR,CLE,CAR,False,0.86,3.48,-2.0,-0.36,2.13,5.89,11.35,0.59,0.04,half_ppr,2026-09-22 13:17,"Pre-kickoff snapshot locked 2026-09-22 (all Week 3 games 9/24-9/28, none yet played). Live data refreshed same day (Sleeper live API blocked by sandbox proxy 403, fell back to committed snapshot - see data/fallback/README). Manual weekly-out overrides applied for confirmed Week 3 absences: Jayden Daniels (WAS QB, elbow, Mariota starting), David Njoku and Charlie Kolar (both LAC TE, placed on IR after Week 2, min 4 games) - all via multi-source web confirmation (ESPN/CBS/NFL.com/Chargers.com), not yet reflected in Sleeper's live feed.",/home/user/ffcc/output/draft_rankings/draft_rankings_2026_half_ppr.csv
2026,3,00-0041525,Chris Bell,WR,MIA,KC,False,0.87,3.47,-2.0,-0.42,2.07,5.6,11.23,0.59,0.04,half_ppr,2026-09-22 13:17,"Pre-kickoff snapshot locked 2026-09-22 (all Week 3 games 9/24-9/28, none yet played). Live data refreshed same day (Sleeper live API blocked by sandbox proxy 403, fell back to committed snapshot - see data/fallback/README). Manual weekly-out overrides applied for confirmed Week 3 absences: Jayden Daniels (WAS QB, elbow, Mariota starting), David Njoku and Charlie Kolar (both LAC TE, placed on IR after Week 2, min 4 games) - all via multi-source web confirmation (ESPN/CBS/NFL.com/Chargers.com), not yet reflected in Sleeper's live feed.",/home/user/ffcc/output/draft_rankings/draft_rankings_2026_half_ppr.csv
2026,3,00-0041044,Zachariah Branch,WR,ATL,GB,False,1.02,3.46,-2.0,-0.42,2.17,5.94,11.29,0.58,0.04,half_ppr,2026-09-22 13:17,"Pre-kickoff snapshot locked 2026-09-22 (all Week 3 games 9/24-9/28, none yet played). Live data refreshed same day (Sleeper live API blocked by sandbox proxy 403, fell back to committed snapshot - see data/fallback/README). Manual weekly-out overrides applied for confirmed Week 3 absences: Jayden Daniels (WAS QB, elbow, Mariota starting), David Njoku and Charlie Kolar (both LAC TE, placed on IR after Week 2, min 4 games) - all via multi-source web confirmation (ESPN/CBS/NFL.com/Chargers.com), not yet reflected in Sleeper's live feed.",/home/user/ffcc/output/draft_rankings/draft_rankings_2026_half_ppr.csv
2026,3,00-0040876,Elijah Sarratt,WR,BAL,DAL,False,1.32,3.46,-2.0,-0.34,2.11,5.81,11.47,0.59,0.05,half_ppr,2026-09-22 13:17,"Pre-kickoff snapshot locked 2026-09-22 (all Week 3 games 9/24-9/28, none yet played). Live data refreshed same day (Sleeper live API blocked by sandbox proxy 403, fell back to committed snapshot - see data/fallback/README). Manual weekly-out overrides applied for confirmed Week 3 absences: Jayden Daniels (WAS QB, elbow, Mariota starting), David Njoku and Charlie Kolar (both LAC TE, placed on IR after Week 2, min 4 games) - all via multi-source web confirmation (ESPN/CBS/NFL.com/Chargers.com), not yet reflected in Sleeper's live feed.",/home/user/ffcc/output/draft_rankings/draft_rankings_2026_half_ppr.csv
2026,3,00-0039921,Trey Benson,RB,ARI,SF,False,1.05,3.46,-2.0,-0.4,2.07,6.7,12.64,0.58,0.05,half_ppr,2026-09-22 13:17,"Pre-kickoff snapshot locked 2026-09-22 (all Week 3 games 9/24-9/28, none yet played). Live data refreshed same day (Sleeper live API blocked by sandbox proxy 403, fell back to committed snapshot - see data/fallback/README). Manual weekly-out overrides applied for confirmed Week 3 absences: Jayden Daniels (WAS QB, elbow, Mariota starting), David Njoku and Charlie Kolar (both LAC TE, placed on IR after Week 2, min 4 games) - all via multi-source web confirmation (ESPN/CBS/NFL.com/Chargers.com), not yet reflected in Sleeper's live feed.",/home/user/ffcc/output/draft_rankings/draft_rankings_2026_half_ppr.csv
2026,3,00-0036427,Tyler Johnson,WR,NYJ,DET,False,1.19,3.46,-2.0,-0.43,2.03,5.82,11.13,0.6,0.04,half_ppr,2026-09-22 13:17,"Pre-kickoff snapshot locked 2026-09-22 (all Week 3 games 9/24-9/28, none yet played). Live data refreshed same day (Sleeper live API blocked by sandbox proxy 403, fell back to committed snapshot - see data/fallback/README). Manual weekly-out overrides applied for confirmed Week 3 absences: Jayden Daniels (WAS QB, elbow, Mariota starting), David Njoku and Charlie Kolar (both LAC TE, placed on IR after Week 2, min 4 games) - all via multi-source web confirmation (ESPN/CBS/NFL.com/Chargers.com), not yet reflected in Sleeper's live feed.",/home/user/ffcc/output/draft_rankings/draft_rankings_2026_half_ppr.csv
2026,3,00-0035689,Dawson Knox,TE,BUF,LAC,False,0.79,3.45,-1.11,0.67,2.55,5.21,9.69,0.56,0.09,half_ppr,2026-09-22 13:17,"Pre-kickoff snapshot locked 2026-09-22 (all Week 3 games 9/24-9/28, none yet played). Live data refreshed same day (Sleeper live API blocked by sandbox proxy 403, fell back to committed snapshot - see data/fallback/README). Manual weekly-out overrides applied for confirmed Week 3 absences: Jayden Daniels (WAS QB, elbow, Mariota starting), David Njoku and Charlie Kolar (both LAC TE, placed on IR after Week 2, min 4 games) - all via multi-source web confirmation (ESPN/CBS/NFL.com/Chargers.com), not yet reflected in Sleeper's live feed.",/home/user/ffcc/output/draft_rankings/draft_rankings_2026_half_ppr.csv
2026,3,00-0040739,Elijah Arroyo,TE,SEA,WAS,False,1.25,3.44,-1.2,0.66,2.56,5.26,9.56,0.56,0.08,half_ppr,2026-09-22 13:17,"Pre-kickoff snapshot locked 2026-09-22 (all Week 3 games 9/24-9/28, none yet played). Live data refreshed same day (Sleeper live API blocked by sandbox proxy 403, fell back to committed snapshot - see data/fallback/README). Manual weekly-out overrides applied for confirmed Week 3 absences: Jayden Daniels (WAS QB, elbow, Mariota starting), David Njoku and Charlie Kolar (both LAC TE, placed on IR after Week 2, min 4 games) - all via multi-source web confirmation (ESPN/CBS/NFL.com/Chargers.com), not yet reflected in Sleeper's live feed.",/home/user/ffcc/output/draft_rankings/draft_rankings_2026_half_ppr.csv
2026,3,00-0033858,Jonnu Smith,TE,GB,ATL,False,0.76,3.43,-1.26,0.64,2.54,5.32,9.73,0.56,0.09,half_ppr,2026-09-22 13:17,"Pre-kickoff snapshot locked 2026-09-22 (all Week 3 games 9/24-9/28, none yet played). Live data refreshed same day (Sleeper live API blocked by sandbox proxy 403, fell back to committed snapshot - see data/fallback/README). Manual weekly-out overrides applied for confirmed Week 3 absences: Jayden Daniels (WAS QB, elbow, Mariota starting), David Njoku and Charlie Kolar (both LAC TE, placed on IR after Week 2, min 4 games) - all via multi-source web confirmation (ESPN/CBS/NFL.com/Chargers.com), not yet reflected in Sleeper's live feed.",/home/user/ffcc/output/draft_rankings/draft_rankings_2026_half_ppr.csv
2026,3,00-0040673,Jalen Milroe,QB,SEA,WAS,False,1.2,3.42,-2.0,-1.75,3.84,9.83,15.19,0.46,0.04,half_ppr,2026-09-22 13:17,"Pre-kickoff snapshot locked 2026-09-22 (all Week 3 games 9/24-9/28, none yet played). Live data refreshed same day (Sleeper live API blocked by sandbox proxy 403, fell back to committed snapshot - see data/fallback/README). Manual weekly-out overrides applied for confirmed Week 3 absences: Jayden Daniels (WAS QB, elbow, Mariota starting), David Njoku and Charlie Kolar (both LAC TE, placed on IR after Week 2, min 4 games) - all via multi-source web confirmation (ESPN/CBS/NFL.com/Chargers.com), not yet reflected in Sleeper's live feed.",/home/user/ffcc/output/draft_rankings/draft_rankings_2026_half_ppr.csv
2026,3,00-0039066,Michael Mayer,TE,LV,NO,False,0.93,3.41,-1.2,0.65,2.49,5.18,9.07,0.57,0.08,half_ppr,2026-09-22 13:17,"Pre-kickoff snapshot locked 2026-09-22 (all Week 3 games 9/24-9/28, none yet played). Live data refreshed same day (Sleeper live API blocked by sandbox proxy 403, fell back to committed snapshot - see data/fallback/README). Manual weekly-out overrides applied for confirmed Week 3 absences: Jayden Daniels (WAS QB, elbow, Mariota starting), David Njoku and Charlie Kolar (both LAC TE, placed on IR after Week 2, min 4 games) - all via multi-source web confirmation (ESPN/CBS/NFL.com/Chargers.com), not yet reflected in Sleeper's live feed.",/home/user/ffcc/output/draft_rankings/draft_rankings_2026_half_ppr.csv
2026,3,00-0041510,Max Klare,TE,LA,DEN,False,1.02,3.4,-1.25,0.63,2.54,5.42,9.5,0.56,0.08,half_ppr,2026-09-22 13:17,"Pre-kickoff snapshot locked 2026-09-22 (all Week 3 games 9/24-9/28, none yet played). Live data refreshed same day (Sleeper live API blocked by sandbox proxy 403, fell back to committed snapshot - see data/fallback/README). Manual weekly-out overrides applied for confirmed Week 3 absences: Jayden Daniels (WAS QB, elbow, Mariota starting), David Njoku and Charlie Kolar (both LAC TE, placed on IR after Week 2, min 4 games) - all via multi-source web confirmation (ESPN/CBS/NFL.com/Chargers.com), not yet reflected in Sleeper's live feed.",/home/user/ffcc/output/draft_rankings/draft_rankings_2026_half_ppr.csv
2026,3,00-0037563,Malik Davis,RB,DAL,BAL,False,1.03,3.4,-2.0,-0.47,2.02,6.56,12.7,0.58,0.05,half_ppr,2026-09-22 13:17,"Pre-kickoff snapshot locked 2026-09-22 (all Week 3 games 9/24-9/28, none yet played). Live data refreshed same day (Sleeper live API blocked by sandbox proxy 403, fell back to committed snapshot - see data/fallback/README). Manual weekly-out overrides applied for confirmed Week 3 absences: Jayden Daniels (WAS QB, elbow, Mariota starting), David Njoku and Charlie Kolar (both LAC TE, placed on IR after Week 2, min 4 games) - all via multi-source web confirmation (ESPN/CBS/NFL.com/Chargers.com), not yet reflected in Sleeper's live feed.",/home/user/ffcc/output/draft_rankings/draft_rankings_2026_half_ppr.csv
2026,3,00-0040692,Jarquez Hunter,RB,LA,DEN,False,0.78,3.39,-2.0,-0.48,2.0,6.54,12.58,0.58,0.05,half_ppr,2026-09-22 13:17,"Pre-kickoff snapshot locked 2026-09-22 (all Week 3 games 9/24-9/28, none yet played). Live data refreshed same day (Sleeper live API blocked by sandbox proxy 403, fell back to committed snapshot - see data/fallback/README). Manual weekly-out overrides applied for confirmed Week 3 absences: Jayden Daniels (WAS QB, elbow, Mariota starting), David Njoku and Charlie Kolar (both LAC TE, placed on IR after Week 2, min 4 games) - all via multi-source web confirmation (ESPN/CBS/NFL.com/Chargers.com), not yet reflected in Sleeper's live feed.",/home/user/ffcc/output/draft_rankings/draft_rankings_2026_half_ppr.csv
2026,3,00-0039798,Isaiah Davis,RB,NYJ,DET,False,0.89,3.38,-2.0,-0.47,1.93,6.48,12.43,0.59,0.05,half_ppr,2026-09-22 13:17,"Pre-kickoff snapshot locked 2026-09-22 (all Week 3 games 9/24-9/28, none yet played). Live data refreshed same day (Sleeper live API blocked by sandbox proxy 403, fell back to committed snapshot - see data/fallback/README). Manual weekly-out overrides applied for confirmed Week 3 absences: Jayden Daniels (WAS QB, elbow, Mariota starting), David Njoku and Charlie Kolar (both LAC TE, placed on IR after Week 2, min 4 games) - all via multi-source web confirmation (ESPN/CBS/NFL.com/Chargers.com), not yet reflected in Sleeper's live feed.",/home/user/ffcc/output/draft_rankings/draft_rankings_2026_half_ppr.csv
2026,3,00-0040522,Xavier Restrepo,WR,TEN,NYG,False,1.11,3.38,-2.0,-0.49,2.01,5.78,11.22,0.6,0.05,half_ppr,2026-09-22 13:17,"Pre-kickoff snapshot locked 2026-09-22 (all Week 3 games 9/24-9/28, none yet played). Live data refreshed same day (Sleeper live API blocked by sandbox proxy 403, fell back to committed snapshot - see data/fallback/README). Manual weekly-out overrides applied for confirmed Week 3 absences: Jayden Daniels (WAS QB, elbow, Mariota starting), David Njoku and Charlie Kolar (both LAC TE, placed on IR after Week 2, min 4 games) - all via multi-source web confirmation (ESPN/CBS/NFL.com/Chargers.com), not yet reflected in Sleeper's live feed.",/home/user/ffcc/output/draft_rankings/draft_rankings_2026_half_ppr.csv
2026,3,00-0041503,Nate Boerkircher,TE,JAX,NE,False,1.09,3.36,-1.37,0.53,2.39,5.13,9.45,0.58,0.08,half_ppr,2026-09-22 13:17,"Pre-kickoff snapshot locked 2026-09-22 (all Week 3 games 9/24-9/28, none yet played). Live data refreshed same day (Sleeper live API blocked by sandbox proxy 403, fell back to committed snapshot - see data/fallback/README). Manual weekly-out overrides applied for confirmed Week 3 absences: Jayden Daniels (WAS QB, elbow, Mariota starting), David Njoku and Charlie Kolar (both LAC TE, placed on IR after Week 2, min 4 games) - all via multi-source web confirmation (ESPN/CBS/NFL.com/Chargers.com), not yet reflected in Sleeper's live feed.",/home/user/ffcc/output/draft_rankings/draft_rankings_2026_half_ppr.csv
2026,3,00-0038979,Cedric Tillman,WR,NO,LV,False,1.08,3.31,-2.0,-0.47,2.03,5.92,11.36,0.59,0.05,half_ppr,2026-09-22 13:17,"Pre-kickoff snapshot locked 2026-09-22 (all Week 3 games 9/24-9/28, none yet played). Live data refreshed same day (Sleeper live API blocked by sandbox proxy 403, fell back to committed snapshot - see data/fallback/README). Manual weekly-out overrides applied for confirmed Week 3 absences: Jayden Daniels (WAS QB, elbow, Mariota starting), David Njoku and Charlie Kolar (both LAC TE, placed on IR after Week 2, min 4 games) - all via multi-source web confirmation (ESPN/CBS/NFL.com/Chargers.com), not yet reflected in Sleeper's live feed.",/home/user/ffcc/output/draft_rankings/draft_rankings_2026_half_ppr.csv
2026,3,00-0037012,Trey Lance,QB,LAC,BUF,False,0.8,3.29,-2.0,-1.9,3.67,9.67,15.07,0.47,0.04,half_ppr,2026-09-22 13:17,"Pre-kickoff snapshot locked 2026-09-22 (all Week 3 games 9/24-9/28, none yet played). Live data refreshed same day (Sleeper live API blocked by sandbox proxy 403, fell back to committed snapshot - see data/fallback/README). Manual weekly-out overrides applied for confirmed Week 3 absences: Jayden Daniels (WAS QB, elbow, Mariota starting), David Njoku and Charlie Kolar (both LAC TE, placed on IR after Week 2, min 4 games) - all via multi-source web confirmation (ESPN/CBS/NFL.com/Chargers.com), not yet reflected in Sleeper's live feed.",/home/user/ffcc/output/draft_rankings/draft_rankings_2026_half_ppr.csv
2026,3,00-0037013,Zach Wilson,QB,NO,LV,False,0.98,3.26,-2.0,-1.84,3.74,9.84,15.1,0.46,0.04,half_ppr,2026-09-22 13:17,"Pre-kickoff snapshot locked 2026-09-22 (all Week 3 games 9/24-9/28, none yet played). Live data refreshed same day (Sleeper live API blocked by sandbox proxy 403, fell back to committed snapshot - see data/fallback/README). Manual weekly-out overrides applied for confirmed Week 3 absences: Jayden Daniels (WAS QB, elbow, Mariota starting), David Njoku and Charlie Kolar (both LAC TE, placed on IR after Week 2, min 4 games) - all via multi-source web confirmation (ESPN/CBS/NFL.com/Chargers.com), not yet reflected in Sleeper's live feed.",/home/user/ffcc/output/draft_rankings/draft_rankings_2026_half_ppr.csv
2026,3,00-0041056,Cade Klubnik,QB,NYJ,DET,False,1.12,3.24,-2.0,-2.0,3.64,9.66,14.81,0.47,0.04,half_ppr,2026-09-22 13:17,"Pre-kickoff snapshot locked 2026-09-22 (all Week 3 games 9/24-9/28, none yet played). Live data refreshed same day (Sleeper live API blocked by sandbox proxy 403, fell back to committed snapshot - see data/fallback/README). Manual weekly-out overrides applied for confirmed Week 3 absences: Jayden Daniels (WAS QB, elbow, Mariota starting), David Njoku and Charlie Kolar (both LAC TE, placed on IR after Week 2, min 4 games) - all via multi-source web confirmation (ESPN/CBS/NFL.com/Chargers.com), not yet reflected in Sleeper's live feed.",/home/user/ffcc/output/draft_rankings/draft_rankings_2026_half_ppr.csv
2026,3,00-0038108,Bailey Zappe,QB,NYJ,DET,False,1.12,3.19,-2.0,-2.0,3.48,9.58,15.02,0.48,0.04,half_ppr,2026-09-22 13:17,"Pre-kickoff snapshot locked 2026-09-22 (all Week 3 games 9/24-9/28, none yet played). Live data refreshed same day (Sleeper live API blocked by sandbox proxy 403, fell back to committed snapshot - see data/fallback/README). Manual weekly-out overrides applied for confirmed Week 3 absences: Jayden Daniels (WAS QB, elbow, Mariota starting), David Njoku and Charlie Kolar (both LAC TE, placed on IR after Week 2, min 4 games) - all via multi-source web confirmation (ESPN/CBS/NFL.com/Chargers.com), not yet reflected in Sleeper's live feed.",/home/user/ffcc/output/draft_rankings/draft_rankings_2026_half_ppr.csv
2026,3,00-0039299,George Holani,RB,SEA,WAS,False,1.2,3.18,-2.0,-0.58,1.77,6.3,12.02,0.6,0.05,half_ppr,2026-09-22 13:17,"Pre-kickoff snapshot locked 2026-09-22 (all Week 3 games 9/24-9/28, none yet played). Live data refreshed same day (Sleeper live API blocked by sandbox proxy 403, fell back to committed snapshot - see data/fallback/README). Manual weekly-out overrides applied for confirmed Week 3 absences: Jayden Daniels (WAS QB, elbow, Mariota starting), David Njoku and Charlie Kolar (both LAC TE, placed on IR after Week 2, min 4 games) - all via multi-source web confirmation (ESPN/CBS/NFL.com/Chargers.com), not yet reflected in Sleeper's live feed.",/home/user/ffcc/output/draft_rankings/draft_rankings_2026_half_ppr.csv
2026,3,00-0040177,Jordan James,RB,SF,ARI,False,1.21,3.17,-2.0,-0.63,1.82,6.33,12.18,0.6,0.05,half_ppr,2026-09-22 13:17,"Pre-kickoff snapshot locked 2026-09-22 (all Week 3 games 9/24-9/28, none yet played). Live data refreshed same day (Sleeper live API blocked by sandbox proxy 403, fell back to committed snapshot - see data/fallback/README). Manual weekly-out overrides applied for confirmed Week 3 absences: Jayden Daniels (WAS QB, elbow, Mariota starting), David Njoku and Charlie Kolar (both LAC TE, placed on IR after Week 2, min 4 games) - all via multi-source web confirmation (ESPN/CBS/NFL.com/Chargers.com), not yet reflected in Sleeper's live feed.",/home/user/ffcc/output/draft_rankings/draft_rankings_2026_half_ppr.csv
2026,3,00-0039052,Trey Palmer,WR,NO,LV,False,1.08,3.17,-2.0,-0.78,1.65,5.36,10.81,0.62,0.04,half_ppr,2026-09-22 13:17,"Pre-kickoff snapshot locked 2026-09-22 (all Week 3 games 9/24-9/28, none yet played). Live data refreshed same day (Sleeper live API blocked by sandbox proxy 403, fell back to committed snapshot - see data/fallback/README). Manual weekly-out overrides applied for confirmed Week 3 absences: Jayden Daniels (WAS QB, elbow, Mariota starting), David Njoku and Charlie Kolar (both LAC TE, placed on IR after Week 2, min 4 games) - all via multi-source web confirmation (ESPN/CBS/NFL.com/Chargers.com), not yet reflected in Sleeper's live feed.",/home/user/ffcc/output/draft_rankings/draft_rankings_2026_half_ppr.csv
2026,3,00-0036345,K.J. Osborn,WR,TEN,NYG,False,1.11,3.17,-2.0,-0.55,1.88,5.83,11.04,0.6,0.04,half_ppr,2026-09-22 13:17,"Pre-kickoff snapshot locked 2026-09-22 (all Week 3 games 9/24-9/28, none yet played). Live data refreshed same day (Sleeper live API blocked by sandbox proxy 403, fell back to committed snapshot - see data/fallback/README). Manual weekly-out overrides applied for confirmed Week 3 absences: Jayden Daniels (WAS QB, elbow, Mariota starting), David Njoku and Charlie Kolar (both LAC TE, placed on IR after Week 2, min 4 games) - all via multi-source web confirmation (ESPN/CBS/NFL.com/Chargers.com), not yet reflected in Sleeper's live feed.",/home/user/ffcc/output/draft_rankings/draft_rankings_2026_half_ppr.csv
2026,3,00-0038752,Jake Bobo,WR,SEA,WAS,False,1.14,3.16,-2.0,-0.69,1.8,5.81,11.01,0.61,0.04,half_ppr,2026-09-22 13:17,"Pre-kickoff snapshot locked 2026-09-22 (all Week 3 games 9/24-9/28, none yet played). Live data refreshed same day (Sleeper live API blocked by sandbox proxy 403, fell back to committed snapshot - see data/fallback/README). Manual weekly-out overrides applied for confirmed Week 3 absences: Jayden Daniels (WAS QB, elbow, Mariota starting), David Njoku and Charlie Kolar (both LAC TE, placed on IR after Week 2, min 4 games) - all via multi-source web confirmation (ESPN/CBS/NFL.com/Chargers.com), not yet reflected in Sleeper's live feed.",/home/user/ffcc/output/draft_rankings/draft_rankings_2026_half_ppr.csv
2026,3,00-0040586,Jaydon Blue,RB,PHI,CHI,False,0.97,3.16,-2.0,-0.66,1.8,6.28,12.41,0.6,0.05,half_ppr,2026-09-22 13:17,"Pre-kickoff snapshot locked 2026-09-22 (all Week 3 games 9/24-9/28, none yet played). Live data refreshed same day (Sleeper live API blocked by sandbox proxy 403, fell back to committed snapshot - see data/fallback/README). Manual weekly-out overrides applied for confirmed Week 3 absences: Jayden Daniels (WAS QB, elbow, Mariota starting), David Njoku and Charlie Kolar (both LAC TE, placed on IR after Week 2, min 4 games) - all via multi-source web confirmation (ESPN/CBS/NFL.com/Chargers.com), not yet reflected in Sleeper's live feed.",/home/user/ffcc/output/draft_rankings/draft_rankings_2026_half_ppr.csv
2026,3,00-0033662,Cooper Rush,QB,ATL,GB,False,0.92,3.14,-2.0,-2.0,3.49,9.65,14.96,0.48,0.04,half_ppr,2026-09-22 13:17,"Pre-kickoff snapshot locked 2026-09-22 (all Week 3 games 9/24-9/28, none yet played). Live data refreshed same day (Sleeper live API blocked by sandbox proxy 403, fell back to committed snapshot - see data/fallback/README). Manual weekly-out overrides applied for confirmed Week 3 absences: Jayden Daniels (WAS QB, elbow, Mariota starting), David Njoku and Charlie Kolar (both LAC TE, placed on IR after Week 2, min 4 games) - all via multi-source web confirmation (ESPN/CBS/NFL.com/Chargers.com), not yet reflected in Sleeper's live feed.",/home/user/ffcc/output/draft_rankings/draft_rankings_2026_half_ppr.csv
2026,3,00-0039796,Rasheen Ali,RB,BAL,DAL,False,1.13,3.13,-2.0,-0.72,1.76,6.29,12.18,0.6,0.05,half_ppr,2026-09-22 13:17,"Pre-kickoff snapshot locked 2026-09-22 (all Week 3 games 9/24-9/28, none yet played). Live data refreshed same day (Sleeper live API blocked by sandbox proxy 403, fell back to committed snapshot - see data/fallback/README). Manual weekly-out overrides applied for confirmed Week 3 absences: Jayden Daniels (WAS QB, elbow, Mariota starting), David Njoku and Charlie Kolar (both LAC TE, placed on IR after Week 2, min 4 games) - all via multi-source web confirmation (ESPN/CBS/NFL.com/Chargers.com), not yet reflected in Sleeper's live feed.",/home/user/ffcc/output/draft_rankings/draft_rankings_2026_half_ppr.csv
2026,3,00-0039751,Jordan Whittington,WR,LA,DEN,False,0.84,3.12,-2.0,-0.77,1.77,5.53,10.89,0.61,0.04,half_ppr,2026-09-22 13:17,"Pre-kickoff snapshot locked 2026-09-22 (all Week 3 games 9/24-9/28, none yet played). Live data refreshed same day (Sleeper live API blocked by sandbox proxy 403, fell back to committed snapshot - see data/fallback/README). Manual weekly-out overrides applied for confirmed Week 3 absences: Jayden Daniels (WAS QB, elbow, Mariota starting), David Njoku and Charlie Kolar (both LAC TE, placed on IR after Week 2, min 4 games) - all via multi-source web confirmation (ESPN/CBS/NFL.com/Chargers.com), not yet reflected in Sleeper's live feed.",/home/user/ffcc/output/draft_rankings/draft_rankings_2026_half_ppr.csv
2026,3,00-0041395,Eli Raridon,TE,NE,JAX,False,1.1,3.1,-1.6,0.26,2.17,4.81,9.13,0.61,0.08,half_ppr,2026-09-22 13:17,"Pre-kickoff snapshot locked 2026-09-22 (all Week 3 games 9/24-9/28, none yet played). Live data refreshed same day (Sleeper live API blocked by sandbox proxy 403, fell back to committed snapshot - see data/fallback/README). Manual weekly-out overrides applied for confirmed Week 3 absences: Jayden Daniels (WAS QB, elbow, Mariota starting), David Njoku and Charlie Kolar (both LAC TE, placed on IR after Week 2, min 4 games) - all via multi-source web confirmation (ESPN/CBS/NFL.com/Chargers.com), not yet reflected in Sleeper's live feed.",/home/user/ffcc/output/draft_rankings/draft_rankings_2026_half_ppr.csv
2026,3,00-0038794,Jaleel McLaughlin,RB,CLE,CAR,False,1.1,3.06,-2.0,-0.75,1.63,6.05,12.02,0.61,0.05,half_ppr,2026-09-22 13:17,"Pre-kickoff snapshot locked 2026-09-22 (all Week 3 games 9/24-9/28, none yet played). Live data refreshed same day (Sleeper live API blocked by sandbox proxy 403, fell back to committed snapshot - see data/fallback/README). Manual weekly-out overrides applied for confirmed Week 3 absences: Jayden Daniels (WAS QB, elbow, Mariota starting), David Njoku and Charlie Kolar (both LAC TE, placed on IR after Week 2, min 4 games) - all via multi-source web confirmation (ESPN/CBS/NFL.com/Chargers.com), not yet reflected in Sleeper's live feed.",/home/user/ffcc/output/draft_rankings/draft_rankings_2026_half_ppr.csv
2026,3,00-0035631,Drew Sample,TE,CIN,PIT,False,1.27,3.05,-1.63,0.26,2.14,4.84,9.25,0.61,0.08,half_ppr,2026-09-22 13:17,"Pre-kickoff snapshot locked 2026-09-22 (all Week 3 games 9/24-9/28, none yet played). Live data refreshed same day (Sleeper live API blocked by sandbox proxy 403, fell back to committed snapshot - see data/fallback/README). Manual weekly-out overrides applied for confirmed Week 3 absences: Jayden Daniels (WAS QB, elbow, Mariota starting), David Njoku and Charlie Kolar (both LAC TE, placed on IR after Week 2, min 4 games) - all via multi-source web confirmation (ESPN/CBS/NFL.com/Chargers.com), not yet reflected in Sleeper's live feed.",/home/user/ffcc/output/draft_rankings/draft_rankings_2026_half_ppr.csv
2026,3,00-0040886,Nicholas Singleton,RB,TEN,NYG,False,1.18,3.05,-2.0,-0.77,1.68,6.31,12.17,0.6,0.05,half_ppr,2026-09-22 13:17,"Pre-kickoff snapshot locked 2026-09-22 (all Week 3 games 9/24-9/28, none yet played). Live data refreshed same day (Sleeper live API blocked by sandbox proxy 403, fell back to committed snapshot - see data/fallback/README). Manual weekly-out overrides applied for confirmed Week 3 absences: Jayden Daniels (WAS QB, elbow, Mariota starting), David Njoku and Charlie Kolar (both LAC TE, placed on IR after Week 2, min 4 games) - all via multi-source web confirmation (ESPN/CBS/NFL.com/Chargers.com), not yet reflected in Sleeper's live feed.",/home/user/ffcc/output/draft_rankings/draft_rankings_2026_half_ppr.csv
2026,3,00-0040237,Tez Johnson,WR,TB,MIN,False,0.76,3.04,-2.0,-0.77,1.62,5.43,10.82,0.62,0.04,half_ppr,2026-09-22 13:17,"Pre-kickoff snapshot locked 2026-09-22 (all Week 3 games 9/24-9/28, none yet played). Live data refreshed same day (Sleeper live API blocked by sandbox proxy 403, fell back to committed snapshot - see data/fallback/README). Manual weekly-out overrides applied for confirmed Week 3 absences: Jayden Daniels (WAS QB, elbow, Mariota starting), David Njoku and Charlie Kolar (both LAC TE, placed on IR after Week 2, min 4 games) - all via multi-source web confirmation (ESPN/CBS/NFL.com/Chargers.com), not yet reflected in Sleeper's live feed.",/home/user/ffcc/output/draft_rankings/draft_rankings_2026_half_ppr.csv
2026,3,00-0039814,Erick All,TE,CIN,PIT,False,1.27,3.04,-1.65,0.25,2.15,4.86,9.18,0.61,0.07,half_ppr,2026-09-22 13:17,"Pre-kickoff snapshot locked 2026-09-22 (all Week 3 games 9/24-9/28, none yet played). Live data refreshed same day (Sleeper live API blocked by sandbox proxy 403, fell back to committed snapshot - see data/fallback/README). Manual weekly-out overrides applied for confirmed Week 3 absences: Jayden Daniels (WAS QB, elbow, Mariota starting), David Njoku and Charlie Kolar (both LAC TE, placed on IR after Week 2, min 4 games) - all via multi-source web confirmation (ESPN/CBS/NFL.com/Chargers.com), not yet reflected in Sleeper's live feed.",/home/user/ffcc/output/draft_rankings/draft_rankings_2026_half_ppr.csv
2026,3,00-0036754,Brock Wright,TE,DET,NYJ,False,1.17,3.02,-1.72,0.14,2.09,4.85,9.14,0.62,0.08,half_ppr,2026-09-22 13:17,"Pre-kickoff snapshot locked 2026-09-22 (all Week 3 games 9/24-9/28, none yet played). Live data refreshed same day (Sleeper live API blocked by sandbox proxy 403, fell back to committed snapshot - see data/fallback/README). Manual weekly-out overrides applied for confirmed Week 3 absences: Jayden Daniels (WAS QB, elbow, Mariota starting), David Njoku and Charlie Kolar (both LAC TE, placed on IR after Week 2, min 4 games) - all via multi-source web confirmation (ESPN/CBS/NFL.com/Chargers.com), not yet reflected in Sleeper's live feed.",/home/user/ffcc/output/draft_rankings/draft_rankings_2026_half_ppr.csv
2026,3,00-0037382,Brandon Johnson,WR,PIT,CIN,False,0.83,3.02,-2.0,-0.79,1.67,5.41,11.01,0.62,0.04,half_ppr,2026-09-22 13:17,"Pre-kickoff snapshot locked 2026-09-22 (all Week 3 games 9/24-9/28, none yet played). Live data refreshed same day (Sleeper live API blocked by sandbox proxy 403, fell back to committed snapshot - see data/fallback/README). Manual weekly-out overrides applied for confirmed Week 3 absences: Jayden Daniels (WAS QB, elbow, Mariota starting), David Njoku and Charlie Kolar (both LAC TE, placed on IR after Week 2, min 4 games) - all via multi-source web confirmation (ESPN/CBS/NFL.com/Chargers.com), not yet reflected in Sleeper's live feed.",/home/user/ffcc/output/draft_rankings/draft_rankings_2026_half_ppr.csv
2026,3,00-0040009,Savion Williams,WR,GB,ATL,False,1.11,3.01,-2.0,-0.83,1.59,5.36,10.81,0.63,0.04,half_ppr,2026-09-22 13:17,"Pre-kickoff snapshot locked 2026-09-22 (all Week 3 games 9/24-9/28, none yet played). Live data refreshed same day (Sleeper live API blocked by sandbox proxy 403, fell back to committed snapshot - see data/fallback/README). Manual weekly-out overrides applied for confirmed Week 3 absences: Jayden Daniels (WAS QB, elbow, Mariota starting), David Njoku and Charlie Kolar (both LAC TE, placed on IR after Week 2, min 4 games) - all via multi-source web confirmation (ESPN/CBS/NFL.com/Chargers.com), not yet reflected in Sleeper's live feed.",/home/user/ffcc/output/draft_rankings/draft_rankings_2026_half_ppr.csv
2026,3,00-0040398,Brady Cook,QB,MIA,KC,False,0.93,3.01,-2.0,-2.0,3.21,9.39,15.14,0.49,0.04,half_ppr,2026-09-22 13:17,"Pre-kickoff snapshot locked 2026-09-22 (all Week 3 games 9/24-9/28, none yet played). Live data refreshed same day (Sleeper live API blocked by sandbox proxy 403, fell back to committed snapshot - see data/fallback/README). Manual weekly-out overrides applied for confirmed Week 3 absences: Jayden Daniels (WAS QB, elbow, Mariota starting), David Njoku and Charlie Kolar (both LAC TE, placed on IR after Week 2, min 4 games) - all via multi-source web confirmation (ESPN/CBS/NFL.com/Chargers.com), not yet reflected in Sleeper's live feed.",/home/user/ffcc/output/draft_rankings/draft_rankings_2026_half_ppr.csv
2026,3,00-0036020,Salvon Ahmed,RB,CHI,PHI,False,1.05,2.99,-2.0,-0.82,1.61,6.12,11.96,0.61,0.05,half_ppr,2026-09-22 13:17,"Pre-kickoff snapshot locked 2026-09-22 (all Week 3 games 9/24-9/28, none yet played). Live data refreshed same day (Sleeper live API blocked by sandbox proxy 403, fell back to committed snapshot - see data/fallback/README). Manual weekly-out overrides applied for confirmed Week 3 absences: Jayden Daniels (WAS QB, elbow, Mariota starting), David Njoku and Charlie Kolar (both LAC TE, placed on IR after Week 2, min 4 games) - all via multi-source web confirmation (ESPN/CBS/NFL.com/Chargers.com), not yet reflected in Sleeper's live feed.",/home/user/ffcc/output/draft_rankings/draft_rankings_2026_half_ppr.csv
2026,3,00-0031235,Odell Beckham Jr.,WR,NYG,TEN,False,1.17,2.97,-2.0,-0.82,1.64,5.45,10.7,0.62,0.04,half_ppr,2026-09-22 13:17,"Pre-kickoff snapshot locked 2026-09-22 (all Week 3 games 9/24-9/28, none yet played). Live data refreshed same day (Sleeper live API blocked by sandbox proxy 403, fell back to committed snapshot - see data/fallback/README). Manual weekly-out overrides applied for confirmed Week 3 absences: Jayden Daniels (WAS QB, elbow, Mariota starting), David Njoku and Charlie Kolar (both LAC TE, placed on IR after Week 2, min 4 games) - all via multi-source web confirmation (ESPN/CBS/NFL.com/Chargers.com), not yet reflected in Sleeper's live feed.",/home/user/ffcc/output/draft_rankings/draft_rankings_2026_half_ppr.csv
2026,3,00-0038728,Jared Wayne,WR,HOU,IND,False,1.16,2.97,-2.0,-0.88,1.56,5.35,10.68,0.63,0.04,half_ppr,2026-09-22 13:17,"Pre-kickoff snapshot locked 2026-09-22 (all Week 3 games 9/24-9/28, none yet played). Live data refreshed same day (Sleeper live API blocked by sandbox proxy 403, fell back to committed snapshot - see data/fallback/README). Manual weekly-out overrides applied for confirmed Week 3 absences: Jayden Daniels (WAS QB, elbow, Mariota starting), David Njoku and Charlie Kolar (both LAC TE, placed on IR after Week 2, min 4 games) - all via multi-source web confirmation (ESPN/CBS/NFL.com/Chargers.com), not yet reflected in Sleeper's live feed.",/home/user/ffcc/output/draft_rankings/draft_rankings_2026_half_ppr.csv
2026,3,00-0036290,Cole Kmet,TE,CHI,PHI,False,0.6,2.96,-1.63,0.26,2.12,4.82,9.16,0.62,0.08,half_ppr,2026-09-22 13:17,"Pre-kickoff snapshot locked 2026-09-22 (all Week 3 games 9/24-9/28, none yet played). Live data refreshed same day (Sleeper live API blocked by sandbox proxy 403, fell back to committed snapshot - see data/fallback/README). Manual weekly-out overrides applied for confirmed Week 3 absences: Jayden Daniels (WAS QB, elbow, Mariota starting), David Njoku and Charlie Kolar (both LAC TE, placed on IR after Week 2, min 4 games) - all via multi-source web confirmation (ESPN/CBS/NFL.com/Chargers.com), not yet reflected in Sleeper's live feed.",/home/user/ffcc/output/draft_rankings/draft_rankings_2026_half_ppr.csv
2026,3,00-0038998,Jake Haener,QB,NYG,TEN,False,1.17,2.93,-2.0,-2.0,3.35,9.35,14.78,0.49,0.04,half_ppr,2026-09-22 13:17,"Pre-kickoff snapshot locked 2026-09-22 (all Week 3 games 9/24-9/28, none yet played). Live data refreshed same day (Sleeper live API blocked by sandbox proxy 403, fell back to committed snapshot - see data/fallback/README). Manual weekly-out overrides applied for confirmed Week 3 absences: Jayden Daniels (WAS QB, elbow, Mariota starting), David Njoku and Charlie Kolar (both LAC TE, placed on IR after Week 2, min 4 games) - all via multi-source web confirmation (ESPN/CBS/NFL.com/Chargers.com), not yet reflected in Sleeper's live feed.",/home/user/ffcc/output/draft_rankings/draft_rankings_2026_half_ppr.csv
2026,3,00-0038839,Mitchell Tinsley,WR,HOU,IND,False,1.16,2.92,-2.0,-0.96,1.54,5.18,10.78,0.63,0.04,half_ppr,2026-09-22 13:17,"Pre-kickoff snapshot locked 2026-09-22 (all Week 3 games 9/24-9/28, none yet played). Live data refreshed same day (Sleeper live API blocked by sandbox proxy 403, fell back to committed snapshot - see data/fallback/README). Manual weekly-out overrides applied for confirmed Week 3 absences: Jayden Daniels (WAS QB, elbow, Mariota starting), David Njoku and Charlie Kolar (both LAC TE, placed on IR after Week 2, min 4 games) - all via multi-source web confirmation (ESPN/CBS/NFL.com/Chargers.com), not yet reflected in Sleeper's live feed.",/home/user/ffcc/output/draft_rankings/draft_rankings_2026_half_ppr.csv
2026,3,00-0037614,John Metchie III,WR,CAR,CLE,False,0.89,2.9,-2.0,-0.9,1.5,5.35,10.57,0.63,0.04,half_ppr,2026-09-22 13:17,"Pre-kickoff snapshot locked 2026-09-22 (all Week 3 games 9/24-9/28, none yet played). Live data refreshed same day (Sleeper live API blocked by sandbox proxy 403, fell back to committed snapshot - see data/fallback/README). Manual weekly-out overrides applied for confirmed Week 3 absences: Jayden Daniels (WAS QB, elbow, Mariota starting), David Njoku and Charlie Kolar (both LAC TE, placed on IR after Week 2, min 4 games) - all via multi-source web confirmation (ESPN/CBS/NFL.com/Chargers.com), not yet reflected in Sleeper's live feed.",/home/user/ffcc/output/draft_rankings/draft_rankings_2026_half_ppr.csv
2026,3,00-0039355,Luke McCaffrey,WR,WAS,SEA,False,0.84,2.85,-2.0,-0.92,1.57,5.36,10.81,0.62,0.04,half_ppr,2026-09-22 13:17,"Pre-kickoff snapshot locked 2026-09-22 (all Week 3 games 9/24-9/28, none yet played). Live data refreshed same day (Sleeper live API blocked by sandbox proxy 403, fell back to committed snapshot - see data/fallback/README). Manual weekly-out overrides applied for confirmed Week 3 absences: Jayden Daniels (WAS QB, elbow, Mariota starting), David Njoku and Charlie Kolar (both LAC TE, placed on IR after Week 2, min 4 games) - all via multi-source web confirmation (ESPN/CBS/NFL.com/Chargers.com), not yet reflected in Sleeper's live feed.",/home/user/ffcc/output/draft_rankings/draft_rankings_2026_half_ppr.csv
2026,3,00-0040187,Mitchell Evans,TE,CAR,CLE,False,0.9,2.84,-1.88,0.05,1.92,4.66,9.24,0.63,0.08,half_ppr,2026-09-22 13:17,"Pre-kickoff snapshot locked 2026-09-22 (all Week 3 games 9/24-9/28, none yet played). Live data refreshed same day (Sleeper live API blocked by sandbox proxy 403, fell back to committed snapshot - see data/fallback/README). Manual weekly-out overrides applied for confirmed Week 3 absences: Jayden Daniels (WAS QB, elbow, Mariota starting), David Njoku and Charlie Kolar (both LAC TE, placed on IR after Week 2, min 4 games) - all via multi-source web confirmation (ESPN/CBS/NFL.com/Chargers.com), not yet reflected in Sleeper's live feed.",/home/user/ffcc/output/draft_rankings/draft_rankings_2026_half_ppr.csv
2026,3,00-0036849,Tutu Atwell,WR,LA,DEN,False,0.84,2.83,-2.0,-1.06,1.45,5.16,10.62,0.64,0.04,half_ppr,2026-09-22 13:17,"Pre-kickoff snapshot locked 2026-09-22 (all Week 3 games 9/24-9/28, none yet played). Live data refreshed same day (Sleeper live API blocked by sandbox proxy 403, fell back to committed snapshot - see data/fallback/README). Manual weekly-out overrides applied for confirmed Week 3 absences: Jayden Daniels (WAS QB, elbow, Mariota starting), David Njoku and Charlie Kolar (both LAC TE, placed on IR after Week 2, min 4 games) - all via multi-source web confirmation (ESPN/CBS/NFL.com/Chargers.com), not yet reflected in Sleeper's live feed.",/home/user/ffcc/output/draft_rankings/draft_rankings_2026_half_ppr.csv
2026,3,00-0038550,Hendon Hooker,QB,TEN,NYG,False,1.12,2.83,-2.0,-2.0,3.11,9.19,14.64,0.49,0.04,half_ppr,2026-09-22 13:17,"Pre-kickoff snapshot locked 2026-09-22 (all Week 3 games 9/24-9/28, none yet played). Live data refreshed same day (Sleeper live API blocked by sandbox proxy 403, fell back to committed snapshot - see data/fallback/README). Manual weekly-out overrides applied for confirmed Week 3 absences: Jayden Daniels (WAS QB, elbow, Mariota starting), David Njoku and Charlie Kolar (both LAC TE, placed on IR after Week 2, min 4 games) - all via multi-source web confirmation (ESPN/CBS/NFL.com/Chargers.com), not yet reflected in Sleeper's live feed.",/home/user/ffcc/output/draft_rankings/draft_rankings_2026_half_ppr.csv
2026,3,00-0037666,Jalen Tolbert,WR,MIA,KC,False,0.87,2.82,-2.0,-0.99,1.49,5.22,10.76,0.63,0.04,half_ppr,2026-09-22 13:17,"Pre-kickoff snapshot locked 2026-09-22 (all Week 3 games 9/24-9/28, none yet played). Live data refreshed same day (Sleeper live API blocked by sandbox proxy 403, fell back to committed snapshot - see data/fallback/README). Manual weekly-out overrides applied for confirmed Week 3 absences: Jayden Daniels (WAS QB, elbow, Mariota starting), David Njoku and Charlie Kolar (both LAC TE, placed on IR after Week 2, min 4 games) - all via multi-source web confirmation (ESPN/CBS/NFL.com/Chargers.com), not yet reflected in Sleeper's live feed.",/home/user/ffcc/output/draft_rankings/draft_rankings_2026_half_ppr.csv
2026,3,00-0037329,Brittain Brown,RB,CHI,PHI,False,1.05,2.77,-2.0,-1.08,1.33,5.73,11.77,0.63,0.04,half_ppr,2026-09-22 13:17,"Pre-kickoff snapshot locked 2026-09-22 (all Week 3 games 9/24-9/28, none yet played). Live data refreshed same day (Sleeper live API blocked by sandbox proxy 403, fell back to committed snapshot - see data/fallback/README). Manual weekly-out overrides applied for confirmed Week 3 absences: Jayden Daniels (WAS QB, elbow, Mariota starting), David Njoku and Charlie Kolar (both LAC TE, placed on IR after Week 2, min 4 games) - all via multi-source web confirmation (ESPN/CBS/NFL.com/Chargers.com), not yet reflected in Sleeper's live feed.",/home/user/ffcc/output/draft_rankings/draft_rankings_2026_half_ppr.csv
2026,3,00-0040198,Ollie Gordon II,RB,MIA,KC,False,0.87,2.74,-2.0,-1.06,1.29,5.81,11.56,0.63,0.04,half_ppr,2026-09-22 13:17,"Pre-kickoff snapshot locked 2026-09-22 (all Week 3 games 9/24-9/28, none yet played). Live data refreshed same day (Sleeper live API blocked by sandbox proxy 403, fell back to committed snapshot - see data/fallback/README). Manual weekly-out overrides applied for confirmed Week 3 absences: Jayden Daniels (WAS QB, elbow, Mariota starting), David Njoku and Charlie Kolar (both LAC TE, placed on IR after Week 2, min 4 games) - all via multi-source web confirmation (ESPN/CBS/NFL.com/Chargers.com), not yet reflected in Sleeper's live feed.",/home/user/ffcc/output/draft_rankings/draft_rankings_2026_half_ppr.csv
2026,3,00-0036959,Michael Bandy,WR,DEN,LA,False,1.03,2.73,-2.0,-1.13,1.36,5.17,10.53,0.64,0.04,half_ppr,2026-09-22 13:17,"Pre-kickoff snapshot locked 2026-09-22 (all Week 3 games 9/24-9/28, none yet played). Live data refreshed same day (Sleeper live API blocked by sandbox proxy 403, fell back to committed snapshot - see data/fallback/README). Manual weekly-out overrides applied for confirmed Week 3 absences: Jayden Daniels (WAS QB, elbow, Mariota starting), David Njoku and Charlie Kolar (both LAC TE, placed on IR after Week 2, min 4 games) - all via multi-source web confirmation (ESPN/CBS/NFL.com/Chargers.com), not yet reflected in Sleeper's live feed.",/home/user/ffcc/output/draft_rankings/draft_rankings_2026_half_ppr.csv
2026,3,00-0032464,Kalif Raymond,WR,CHI,PHI,False,0.85,2.72,-2.0,-1.06,1.39,5.22,10.55,0.64,0.04,half_ppr,2026-09-22 13:17,"Pre-kickoff snapshot locked 2026-09-22 (all Week 3 games 9/24-9/28, none yet played). Live data refreshed same day (Sleeper live API blocked by sandbox proxy 403, fell back to committed snapshot - see data/fallback/README). Manual weekly-out overrides applied for confirmed Week 3 absences: Jayden Daniels (WAS QB, elbow, Mariota starting), David Njoku and Charlie Kolar (both LAC TE, placed on IR after Week 2, min 4 games) - all via multi-source web confirmation (ESPN/CBS/NFL.com/Chargers.com), not yet reflected in Sleeper's live feed.",/home/user/ffcc/output/draft_rankings/draft_rankings_2026_half_ppr.csv
2026,3,00-0040024,Darius Cooper,WR,PHI,CHI,False,1.21,2.72,-2.0,-1.13,1.36,5.19,10.55,0.64,0.04,half_ppr,2026-09-22 13:17,"Pre-kickoff snapshot locked 2026-09-22 (all Week 3 games 9/24-9/28, none yet played). Live data refreshed same day (Sleeper live API blocked by sandbox proxy 403, fell back to committed snapshot - see data/fallback/README). Manual weekly-out overrides applied for confirmed Week 3 absences: Jayden Daniels (WAS QB, elbow, Mariota starting), David Njoku and Charlie Kolar (both LAC TE, placed on IR after Week 2, min 4 games) - all via multi-source web confirmation (ESPN/CBS/NFL.com/Chargers.com), not yet reflected in Sleeper's live feed.",/home/user/ffcc/output/draft_rankings/draft_rankings_2026_half_ppr.csv
2026,3,00-0040649,Robbie Ouzts,RB,SEA,WAS,False,1.2,2.68,-2.0,-1.18,1.18,5.58,11.57,0.64,0.04,half_ppr,2026-09-22 13:17,"Pre-kickoff snapshot locked 2026-09-22 (all Week 3 games 9/24-9/28, none yet played). Live data refreshed same day (Sleeper live API blocked by sandbox proxy 403, fell back to committed snapshot - see data/fallback/README). Manual weekly-out overrides applied for confirmed Week 3 absences: Jayden Daniels (WAS QB, elbow, Mariota starting), David Njoku and Charlie Kolar (both LAC TE, placed on IR after Week 2, min 4 games) - all via multi-source web confirmation (ESPN/CBS/NFL.com/Chargers.com), not yet reflected in Sleeper's live feed.",/home/user/ffcc/output/draft_rankings/draft_rankings_2026_half_ppr.csv
2026,3,00-0040067,Jacardia Wright,RB,SEA,WAS,False,1.2,2.68,-2.0,-1.16,1.35,5.98,11.9,0.62,0.04,half_ppr,2026-09-22 13:17,"Pre-kickoff snapshot locked 2026-09-22 (all Week 3 games 9/24-9/28, none yet played). Live data refreshed same day (Sleeper live API blocked by sandbox proxy 403, fell back to committed snapshot - see data/fallback/README). Manual weekly-out overrides applied for confirmed Week 3 absences: Jayden Daniels (WAS QB, elbow, Mariota starting), David Njoku and Charlie Kolar (both LAC TE, placed on IR after Week 2, min 4 games) - all via multi-source web confirmation (ESPN/CBS/NFL.com/Chargers.com), not yet reflected in Sleeper's live feed.",/home/user/ffcc/output/draft_rankings/draft_rankings_2026_half_ppr.csv
2026,3,00-0041047,Chris Brazzell II,WR,CAR,CLE,False,0.89,2.67,-2.0,-1.1,1.36,5.15,10.36,0.64,0.04,half_ppr,2026-09-22 13:17,"Pre-kickoff snapshot locked 2026-09-22 (all Week 3 games 9/24-9/28, none yet played). Live data refreshed same day (Sleeper live API blocked by sandbox proxy 403, fell back to committed snapshot - see data/fallback/README). Manual weekly-out overrides applied for confirmed Week 3 absences: Jayden Daniels (WAS QB, elbow, Mariota starting), David Njoku and Charlie Kolar (both LAC TE, placed on IR after Week 2, min 4 games) - all via multi-source web confirmation (ESPN/CBS/NFL.com/Chargers.com), not yet reflected in Sleeper's live feed.",/home/user/ffcc/output/draft_rankings/draft_rankings_2026_half_ppr.csv
2026,3,00-0040277,Jahdae Walker,WR,CHI,PHI,False,0.85,2.62,-2.0,-1.27,1.28,5.15,10.51,0.64,0.04,half_ppr,2026-09-22 13:17,"Pre-kickoff snapshot locked 2026-09-22 (all Week 3 games 9/24-9/28, none yet played). Live data refreshed same day (Sleeper live API blocked by sandbox proxy 403, fell back to committed snapshot - see data/fallback/README). Manual weekly-out overrides applied for confirmed Week 3 absences: Jayden Daniels (WAS QB, elbow, Mariota starting), David Njoku and Charlie Kolar (both LAC TE, placed on IR after Week 2, min 4 games) - all via multi-source web confirmation (ESPN/CBS/NFL.com/Chargers.com), not yet reflected in Sleeper's live feed.",/home/user/ffcc/output/draft_rankings/draft_rankings_2026_half_ppr.csv
2026,3,00-0035500,Greg Dortch,WR,BUF,LAC,False,0.88,2.61,-2.0,-1.21,1.29,5.01,10.38,0.64,0.04,half_ppr,2026-09-22 13:17,"Pre-kickoff snapshot locked 2026-09-22 (all Week 3 games 9/24-9/28, none yet played). Live data refreshed same day (Sleeper live API blocked by sandbox proxy 403, fell back to committed snapshot - see data/fallback/README). Manual weekly-out overrides applied for confirmed Week 3 absences: Jayden Daniels (WAS QB, elbow, Mariota starting), David Njoku and Charlie Kolar (both LAC TE, placed on IR after Week 2, min 4 games) - all via multi-source web confirmation (ESPN/CBS/NFL.com/Chargers.com), not yet reflected in Sleeper's live feed.",/home/user/ffcc/output/draft_rankings/draft_rankings_2026_half_ppr.csv
2026,3,00-0039356,Ja'Tavion Sanders,TE,CAR,CLE,False,0.9,2.61,-2.0,-0.24,1.63,4.28,8.42,0.66,0.06,half_ppr,2026-09-22 13:17,"Pre-kickoff snapshot locked 2026-09-22 (all Week 3 games 9/24-9/28, none yet played). Live data refreshed same day (Sleeper live API blocked by sandbox proxy 403, fell back to committed snapshot - see data/fallback/README). Manual weekly-out overrides applied for confirmed Week 3 absences: Jayden Daniels (WAS QB, elbow, Mariota starting), David Njoku and Charlie Kolar (both LAC TE, placed on IR after Week 2, min 4 games) - all via multi-source web confirmation (ESPN/CBS/NFL.com/Chargers.com), not yet reflected in Sleeper's live feed.",/home/user/ffcc/output/draft_rankings/draft_rankings_2026_half_ppr.csv
2026,3,00-0037742,Treylon Burks,WR,WAS,SEA,False,0.84,2.59,-2.0,-1.22,1.24,4.92,9.93,0.65,0.03,half_ppr,2026-09-22 13:17,"Pre-kickoff snapshot locked 2026-09-22 (all Week 3 games 9/24-9/28, none yet played). Live data refreshed same day (Sleeper live API blocked by sandbox proxy 403, fell back to committed snapshot - see data/fallback/README). Manual weekly-out overrides applied for confirmed Week 3 absences: Jayden Daniels (WAS QB, elbow, Mariota starting), David Njoku and Charlie Kolar (both LAC TE, placed on IR after Week 2, min 4 games) - all via multi-source web confirmation (ESPN/CBS/NFL.com/Chargers.com), not yet reflected in Sleeper's live feed.",/home/user/ffcc/output/draft_rankings/draft_rankings_2026_half_ppr.csv
2026,3,00-0040782,Isaiah Bond,WR,CLE,CAR,False,0.86,2.59,-2.0,-1.22,1.25,4.96,10.45,0.65,0.04,half_ppr,2026-09-22 13:17,"Pre-kickoff snapshot locked 2026-09-22 (all Week 3 games 9/24-9/28, none yet played). Live data refreshed same day (Sleeper live API blocked by sandbox proxy 403, fell back to committed snapshot - see data/fallback/README). Manual weekly-out overrides applied for confirmed Week 3 absences: Jayden Daniels (WAS QB, elbow, Mariota starting), David Njoku and Charlie Kolar (both LAC TE, placed on IR after Week 2, min 4 games) - all via multi-source web confirmation (ESPN/CBS/NFL.com/Chargers.com), not yet reflected in Sleeper's live feed.",/home/user/ffcc/output/draft_rankings/draft_rankings_2026_half_ppr.csv
2026,3,00-0036422,Adam Trautman,TE,DEN,LA,False,0.98,2.59,-2.0,-0.2,1.68,4.4,8.79,0.66,0.07,half_ppr,2026-09-22 13:17,"Pre-kickoff snapshot locked 2026-09-22 (all Week 3 games 9/24-9/28, none yet played). Live data refreshed same day (Sleeper live API blocked by sandbox proxy 403, fell back to committed snapshot - see data/fallback/README). Manual weekly-out overrides applied for confirmed Week 3 absences: Jayden Daniels (WAS QB, elbow, Mariota starting), David Njoku and Charlie Kolar (both LAC TE, placed on IR after Week 2, min 4 games) - all via multi-source web confirmation (ESPN/CBS/NFL.com/Chargers.com), not yet reflected in Sleeper's live feed.",/home/user/ffcc/output/draft_rankings/draft_rankings_2026_half_ppr.csv
2026,3,00-0040352,Coleman Owen,WR,IND,HOU,False,0.84,2.58,-2.0,-1.25,1.16,5.09,10.48,0.65,0.04,half_ppr,2026-09-22 13:17,"Pre-kickoff snapshot locked 2026-09-22 (all Week 3 games 9/24-9/28, none yet played). Live data refreshed same day (Sleeper live API blocked by sandbox proxy 403, fell back to committed snapshot - see data/fallback/README). Manual weekly-out overrides applied for confirmed Week 3 absences: Jayden Daniels (WAS QB, elbow, Mariota starting), David Njoku and Charlie Kolar (both LAC TE, placed on IR after Week 2, min 4 games) - all via multi-source web confirmation (ESPN/CBS/NFL.com/Chargers.com), not yet reflected in Sleeper's live feed.",/home/user/ffcc/output/draft_rankings/draft_rankings_2026_half_ppr.csv
2026,3,00-0032392,Austin Hooper,TE,ATL,GB,False,0.88,2.58,-2.0,-0.23,1.7,4.37,8.64,0.66,0.07,half_ppr,2026-09-22 13:17,"Pre-kickoff snapshot locked 2026-09-22 (all Week 3 games 9/24-9/28, none yet played). Live data refreshed same day (Sleeper live API blocked by sandbox proxy 403, fell back to committed snapshot - see data/fallback/README). Manual weekly-out overrides applied for confirmed Week 3 absences: Jayden Daniels (WAS QB, elbow, Mariota starting), David Njoku and Charlie Kolar (both LAC TE, placed on IR after Week 2, min 4 games) - all via multi-source web confirmation (ESPN/CBS/NFL.com/Chargers.com), not yet reflected in Sleeper's live feed.",/home/user/ffcc/output/draft_rankings/draft_rankings_2026_half_ppr.csv
2026,3,00-0038389,Israel Abanikanda,RB,DAL,BAL,False,1.03,2.58,-2.0,-1.23,1.2,5.95,11.91,0.63,0.05,half_ppr,2026-09-22 13:17,"Pre-kickoff snapshot locked 2026-09-22 (all Week 3 games 9/24-9/28, none yet played). Live data refreshed same day (Sleeper live API blocked by sandbox proxy 403, fell back to committed snapshot - see data/fallback/README). Manual weekly-out overrides applied for confirmed Week 3 absences: Jayden Daniels (WAS QB, elbow, Mariota starting), David Njoku and Charlie Kolar (both LAC TE, placed on IR after Week 2, min 4 games) - all via multi-source web confirmation (ESPN/CBS/NFL.com/Chargers.com), not yet reflected in Sleeper's live feed.",/home/user/ffcc/output/draft_rankings/draft_rankings_2026_half_ppr.csv
2026,3,00-0037091,Bo Melton,WR,GB,ATL,False,1.11,2.55,-2.0,-1.22,1.22,5.09,10.29,0.65,0.04,half_ppr,2026-09-22 13:17,"Pre-kickoff snapshot locked 2026-09-22 (all Week 3 games 9/24-9/28, none yet played). Live data refreshed same day (Sleeper live API blocked by sandbox proxy 403, fell back to committed snapshot - see data/fallback/README). Manual weekly-out overrides applied for confirmed Week 3 absences: Jayden Daniels (WAS QB, elbow, Mariota starting), David Njoku and Charlie Kolar (both LAC TE, placed on IR after Week 2, min 4 games) - all via multi-source web confirmation (ESPN/CBS/NFL.com/Chargers.com), not yet reflected in Sleeper's live feed.",/home/user/ffcc/output/draft_rankings/draft_rankings_2026_half_ppr.csv
2026,3,00-0041104,Demond Claiborne,RB,MIN,TB,False,1.0,2.54,-2.0,-1.3,1.18,5.68,11.57,0.64,0.05,half_ppr,2026-09-22 13:17,"Pre-kickoff snapshot locked 2026-09-22 (all Week 3 games 9/24-9/28, none yet played). Live data refreshed same day (Sleeper live API blocked by sandbox proxy 403, fell back to committed snapshot - see data/fallback/README). Manual weekly-out overrides applied for confirmed Week 3 absences: Jayden Daniels (WAS QB, elbow, Mariota starting), David Njoku and Charlie Kolar (both LAC TE, placed on IR after Week 2, min 4 games) - all via multi-source web confirmation (ESPN/CBS/NFL.com/Chargers.com), not yet reflected in Sleeper's live feed.",/home/user/ffcc/output/draft_rankings/draft_rankings_2026_half_ppr.csv
2026,3,00-0034270,Tyler Conklin,TE,DET,NYJ,False,1.17,2.53,-2.0,-0.24,1.66,4.53,8.94,0.66,0.07,half_ppr,2026-09-22 13:17,"Pre-kickoff snapshot locked 2026-09-22 (all Week 3 games 9/24-9/28, none yet played). Live data refreshed same day (Sleeper live API blocked by sandbox proxy 403, fell back to committed snapshot - see data/fallback/README). Manual weekly-out overrides applied for confirmed Week 3 absences: Jayden Daniels (WAS QB, elbow, Mariota starting), David Njoku and Charlie Kolar (both LAC TE, placed on IR after Week 2, min 4 games) - all via multi-source web confirmation (ESPN/CBS/NFL.com/Chargers.com), not yet reflected in Sleeper's live feed.",/home/user/ffcc/output/draft_rankings/draft_rankings_2026_half_ppr.csv
2026,3,00-0040179,DJ Giddens,RB,IND,HOU,False,0.9,2.53,-2.0,-1.27,1.17,5.64,11.57,0.64,0.04,half_ppr,2026-09-22 13:17,"Pre-kickoff snapshot locked 2026-09-22 (all Week 3 games 9/24-9/28, none yet played). Live data refreshed same day (Sleeper live API blocked by sandbox proxy 403, fell back to committed snapshot - see data/fallback/README). Manual weekly-out overrides applied for confirmed Week 3 absences: Jayden Daniels (WAS QB, elbow, Mariota starting), David Njoku and Charlie Kolar (both LAC TE, placed on IR after Week 2, min 4 games) - all via multi-source web confirmation (ESPN/CBS/NFL.com/Chargers.com), not yet reflected in Sleeper's live feed.",/home/user/ffcc/output/draft_rankings/draft_rankings_2026_half_ppr.csv
2026,3,00-0038679,Tyrell Shavers,WR,BUF,LAC,False,0.88,2.53,-2.0,-1.15,1.26,5.14,10.46,0.65,0.04,half_ppr,2026-09-22 13:17,"Pre-kickoff snapshot locked 2026-09-22 (all Week 3 games 9/24-9/28, none yet played). Live data refreshed same day (Sleeper live API blocked by sandbox proxy 403, fell back to committed snapshot - see data/fallback/README). Manual weekly-out overrides applied for confirmed Week 3 absences: Jayden Daniels (WAS QB, elbow, Mariota starting), David Njoku and Charlie Kolar (both LAC TE, placed on IR after Week 2, min 4 games) - all via multi-source web confirmation (ESPN/CBS/NFL.com/Chargers.com), not yet reflected in Sleeper's live feed.",/home/user/ffcc/output/draft_rankings/draft_rankings_2026_half_ppr.csv
2026,3,00-0039359,Cade Stover,TE,HOU,IND,False,1.15,2.53,-2.0,-0.3,1.61,4.33,8.84,0.66,0.07,half_ppr,2026-09-22 13:17,"Pre-kickoff snapshot locked 2026-09-22 (all Week 3 games 9/24-9/28, none yet played). Live data refreshed same day (Sleeper live API blocked by sandbox proxy 403, fell back to committed snapshot - see data/fallback/README). Manual weekly-out overrides applied for confirmed Week 3 absences: Jayden Daniels (WAS QB, elbow, Mariota starting), David Njoku and Charlie Kolar (both LAC TE, placed on IR after Week 2, min 4 games) - all via multi-source web confirmation (ESPN/CBS/NFL.com/Chargers.com), not yet reflected in Sleeper's live feed.",/home/user/ffcc/output/draft_rankings/draft_rankings_2026_half_ppr.csv
2026,3,00-0039062,Jonathan Mingo,WR,DAL,BAL,False,1.17,2.52,-2.0,-1.3,1.12,4.93,10.31,0.66,0.04,half_ppr,2026-09-22 13:17,"Pre-kickoff snapshot locked 2026-09-22 (all Week 3 games 9/24-9/28, none yet played). Live data refreshed same day (Sleeper live API blocked by sandbox proxy 403, fell back to committed snapshot - see data/fallback/README). Manual weekly-out overrides applied for confirmed Week 3 absences: Jayden Daniels (WAS QB, elbow, Mariota starting), David Njoku and Charlie Kolar (both LAC TE, placed on IR after Week 2, min 4 games) - all via multi-source web confirmation (ESPN/CBS/NFL.com/Chargers.com), not yet reflected in Sleeper's live feed.",/home/user/ffcc/output/draft_rankings/draft_rankings_2026_half_ppr.csv
2026,3,00-0040194,Jackson Hawes,TE,BUF,LAC,False,0.79,2.51,-2.0,-0.32,1.55,4.29,8.63,0.67,0.07,half_ppr,2026-09-22 13:17,"Pre-kickoff snapshot locked 2026-09-22 (all Week 3 games 9/24-9/28, none yet played). Live data refreshed same day (Sleeper live API blocked by sandbox proxy 403, fell back to committed snapshot - see data/fallback/README). Manual weekly-out overrides applied for confirmed Week 3 absences: Jayden Daniels (WAS QB, elbow, Mariota starting), David Njoku and Charlie Kolar (both LAC TE, placed on IR after Week 2, min 4 games) - all via multi-source web confirmation (ESPN/CBS/NFL.com/Chargers.com), not yet reflected in Sleeper's live feed.",/home/user/ffcc/output/draft_rankings/draft_rankings_2026_half_ppr.csv
2026,3,00-0034278,Tremon Smith,WR,HOU,IND,False,1.16,2.5,-2.0,-1.33,1.16,4.96,10.15,0.65,0.04,half_ppr,2026-09-22 13:17,"Pre-kickoff snapshot locked 2026-09-22 (all Week 3 games 9/24-9/28, none yet played). Live data refreshed same day (Sleeper live API blocked by sandbox proxy 403, fell back to committed snapshot - see data/fallback/README). Manual weekly-out overrides applied for confirmed Week 3 absences: Jayden Daniels (WAS QB, elbow, Mariota starting), David Njoku and Charlie Kolar (both LAC TE, placed on IR after Week 2, min 4 games) - all via multi-source web confirmation (ESPN/CBS/NFL.com/Chargers.com), not yet reflected in Sleeper's live feed.",/home/user/ffcc/output/draft_rankings/draft_rankings_2026_half_ppr.csv
2026,3,00-0039912,Ben Sinnott,TE,WAS,SEA,False,1.09,2.5,-2.0,-0.32,1.6,4.36,8.64,0.66,0.07,half_ppr,2026-09-22 13:17,"Pre-kickoff snapshot locked 2026-09-22 (all Week 3 games 9/24-9/28, none yet played). Live data refreshed same day (Sleeper live API blocked by sandbox proxy 403, fell back to committed snapshot - see data/fallback/README). Manual weekly-out overrides applied for confirmed Week 3 absences: Jayden Daniels (WAS QB, elbow, Mariota starting), David Njoku and Charlie Kolar (both LAC TE, placed on IR after Week 2, min 4 games) - all via multi-source web confirmation (ESPN/CBS/NFL.com/Chargers.com), not yet reflected in Sleeper's live feed.",/home/user/ffcc/output/draft_rankings/draft_rankings_2026_half_ppr.csv
2026,3,00-0040888,Adam Randall,RB,BAL,DAL,False,1.13,2.49,-2.0,-1.25,1.09,5.64,11.4,0.64,0.04,half_ppr,2026-09-22 13:17,"Pre-kickoff snapshot locked 2026-09-22 (all Week 3 games 9/24-9/28, none yet played). Live data refreshed same day (Sleeper live API blocked by sandbox proxy 403, fell back to committed snapshot - see data/fallback/README). Manual weekly-out overrides applied for confirmed Week 3 absences: Jayden Daniels (WAS QB, elbow, Mariota starting), David Njoku and Charlie Kolar (both LAC TE, placed on IR after Week 2, min 4 games) - all via multi-source web confirmation (ESPN/CBS/NFL.com/Chargers.com), not yet reflected in Sleeper's live feed.",/home/user/ffcc/output/draft_rankings/draft_rankings_2026_half_ppr.csv
2026,3,00-0040164,Jaylin Lane,WR,WAS,SEA,False,0.84,2.49,-2.0,-1.41,1.16,4.83,10.23,0.66,0.04,half_ppr,2026-09-22 13:17,"Pre-kickoff snapshot locked 2026-09-22 (all Week 3 games 9/24-9/28, none yet played). Live data refreshed same day (Sleeper live API blocked by sandbox proxy 403, fell back to committed snapshot - see data/fallback/README). Manual weekly-out overrides applied for confirmed Week 3 absences: Jayden Daniels (WAS QB, elbow, Mariota starting), David Njoku and Charlie Kolar (both LAC TE, placed on IR after Week 2, min 4 games) - all via multi-source web confirmation (ESPN/CBS/NFL.com/Chargers.com), not yet reflected in Sleeper's live feed.",/home/user/ffcc/output/draft_rankings/draft_rankings_2026_half_ppr.csv
2026,3,00-0041048,Ted Hurst,WR,TB,MIN,False,0.76,2.49,-2.0,-1.41,1.08,4.73,9.94,0.66,0.03,half_ppr,2026-09-22 13:17,"Pre-kickoff snapshot locked 2026-09-22 (all Week 3 games 9/24-9/28, none yet played). Live data refreshed same day (Sleeper live API blocked by sandbox proxy 403, fell back to committed snapshot - see data/fallback/README). Manual weekly-out overrides applied for confirmed Week 3 absences: Jayden Daniels (WAS QB, elbow, Mariota starting), David Njoku and Charlie Kolar (both LAC TE, placed on IR after Week 2, min 4 games) - all via multi-source web confirmation (ESPN/CBS/NFL.com/Chargers.com), not yet reflected in Sleeper's live feed.",/home/user/ffcc/output/draft_rankings/draft_rankings_2026_half_ppr.csv
2026,3,00-0035644,Noah Fant,TE,NO,LV,False,0.75,2.48,-2.0,-0.38,1.53,4.33,8.64,0.67,0.07,half_ppr,2026-09-22 13:17,"Pre-kickoff snapshot locked 2026-09-22 (all Week 3 games 9/24-9/28, none yet played). Live data refreshed same day (Sleeper live API blocked by sandbox proxy 403, fell back to committed snapshot - see data/fallback/README). Manual weekly-out overrides applied for confirmed Week 3 absences: Jayden Daniels (WAS QB, elbow, Mariota starting), David Njoku and Charlie Kolar (both LAC TE, placed on IR after Week 2, min 4 games) - all via multi-source web confirmation (ESPN/CBS/NFL.com/Chargers.com), not yet reflected in Sleeper's live feed.",/home/user/ffcc/output/draft_rankings/draft_rankings_2026_half_ppr.csv
2026,3,00-0039746,Will Shipley,RB,PHI,CHI,False,0.97,2.47,-2.0,-1.39,1.05,5.26,11.24,0.65,0.04,half_ppr,2026-09-22 13:17,"Pre-kickoff snapshot locked 2026-09-22 (all Week 3 games 9/24-9/28, none yet played). Live data refreshed same day (Sleeper live API blocked by sandbox proxy 403, fell back to committed snapshot - see data/fallback/README). Manual weekly-out overrides applied for confirmed Week 3 absences: Jayden Daniels (WAS QB, elbow, Mariota starting), David Njoku and Charlie Kolar (both LAC TE, placed on IR after Week 2, min 4 games) - all via multi-source web confirmation (ESPN/CBS/NFL.com/Chargers.com), not yet reflected in Sleeper's live feed.",/home/user/ffcc/output/draft_rankings/draft_rankings_2026_half_ppr.csv
2026,3,00-0037805,Jeremy Ruckert,TE,NYJ,DET,False,1.04,2.47,-2.0,-0.32,1.52,4.23,8.59,0.67,0.07,half_ppr,2026-09-22 13:17,"Pre-kickoff snapshot locked 2026-09-22 (all Week 3 games 9/24-9/28, none yet played). Live data refreshed same day (Sleeper live API blocked by sandbox proxy 403, fell back to committed snapshot - see data/fallback/README). Manual weekly-out overrides applied for confirmed Week 3 absences: Jayden Daniels (WAS QB, elbow, Mariota starting), David Njoku and Charlie Kolar (both LAC TE, placed on IR after Week 2, min 4 games) - all via multi-source web confirmation (ESPN/CBS/NFL.com/Chargers.com), not yet reflected in Sleeper's live feed.",/home/user/ffcc/output/draft_rankings/draft_rankings_2026_half_ppr.csv
2026,3,00-0041067,Bryce Lance,WR,NO,LV,False,1.08,2.46,-2.0,-1.35,1.11,4.94,10.43,0.66,0.04,half_ppr,2026-09-22 13:17,"Pre-kickoff snapshot locked 2026-09-22 (all Week 3 games 9/24-9/28, none yet played). Live data refreshed same day (Sleeper live API blocked by sandbox proxy 403, fell back to committed snapshot - see data/fallback/README). Manual weekly-out overrides applied for confirmed Week 3 absences: Jayden Daniels (WAS QB, elbow, Mariota starting), David Njoku and Charlie Kolar (both LAC TE, placed on IR after Week 2, min 4 games) - all via multi-source web confirmation (ESPN/CBS/NFL.com/Chargers.com), not yet reflected in Sleeper's live feed.",/home/user/ffcc/output/draft_rankings/draft_rankings_2026_half_ppr.csv
2026,3,00-0041051,Zavion Thomas,WR,CHI,PHI,False,0.85,2.42,-2.0,-1.44,1.02,4.73,9.99,0.67,0.03,half_ppr,2026-09-22 13:17,"Pre-kickoff snapshot locked 2026-09-22 (all Week 3 games 9/24-9/28, none yet played). Live data refreshed same day (Sleeper live API blocked by sandbox proxy 403, fell back to committed snapshot - see data/fallback/README). Manual weekly-out overrides applied for confirmed Week 3 absences: Jayden Daniels (WAS QB, elbow, Mariota starting), David Njoku and Charlie Kolar (both LAC TE, placed on IR after Week 2, min 4 games) - all via multi-source web confirmation (ESPN/CBS/NFL.com/Chargers.com), not yet reflected in Sleeper's live feed.",/home/user/ffcc/output/draft_rankings/draft_rankings_2026_half_ppr.csv
2026,3,00-0041041,Oscar Delp,TE,NO,LV,False,0.75,2.42,-2.0,-0.42,1.49,4.37,8.53,0.67,0.06,half_ppr,2026-09-22 13:17,"Pre-kickoff snapshot locked 2026-09-22 (all Week 3 games 9/24-9/28, none yet played). Live data refreshed same day (Sleeper live API blocked by sandbox proxy 403, fell back to committed snapshot - see data/fallback/README). Manual weekly-out overrides applied for confirmed Week 3 absences: Jayden Daniels (WAS QB, elbow, Mariota starting), David Njoku and Charlie Kolar (both LAC TE, placed on IR after Week 2, min 4 games) - all via multi-source web confirmation (ESPN/CBS/NFL.com/Chargers.com), not yet reflected in Sleeper's live feed.",/home/user/ffcc/output/draft_rankings/draft_rankings_2026_half_ppr.csv
2026,3,00-0035021,Ashton Dulin,WR,IND,HOU,False,0.84,2.42,-2.0,-1.44,1.01,4.72,10.22,0.67,0.04,half_ppr,2026-09-22 13:17,"Pre-kickoff snapshot locked 2026-09-22 (all Week 3 games 9/24-9/28, none yet played). Live data refreshed same day (Sleeper live API blocked by sandbox proxy 403, fell back to committed snapshot - see data/fallback/README). Manual weekly-out overrides applied for confirmed Week 3 absences: Jayden Daniels (WAS QB, elbow, Mariota starting), David Njoku and Charlie Kolar (both LAC TE, placed on IR after Week 2, min 4 games) - all via multi-source web confirmation (ESPN/CBS/NFL.com/Chargers.com), not yet reflected in Sleeper's live feed.",/home/user/ffcc/output/draft_rankings/draft_rankings_2026_half_ppr.csv
2026,3,00-0036182,Nick Westbrook-Ikhine,WR,IND,HOU,False,0.84,2.41,-2.0,-1.43,1.05,4.91,10.11,0.66,0.04,half_ppr,2026-09-22 13:17,"Pre-kickoff snapshot locked 2026-09-22 (all Week 3 games 9/24-9/28, none yet played). Live data refreshed same day (Sleeper live API blocked by sandbox proxy 403, fell back to committed snapshot - see data/fallback/README). Manual weekly-out overrides applied for confirmed Week 3 absences: Jayden Daniels (WAS QB, elbow, Mariota starting), David Njoku and Charlie Kolar (both LAC TE, placed on IR after Week 2, min 4 games) - all via multi-source web confirmation (ESPN/CBS/NFL.com/Chargers.com), not yet reflected in Sleeper's live feed.",/home/user/ffcc/output/draft_rankings/draft_rankings_2026_half_ppr.csv
2026,3,00-0036265,AJ Dillon,RB,CAR,CLE,False,1.0,2.41,-2.0,-1.49,1.04,5.63,11.56,0.64,0.04,half_ppr,2026-09-22 13:17,"Pre-kickoff snapshot locked 2026-09-22 (all Week 3 games 9/24-9/28, none yet played). Live data refreshed same day (Sleeper live API blocked by sandbox proxy 403, fell back to committed snapshot - see data/fallback/README). Manual weekly-out overrides applied for confirmed Week 3 absences: Jayden Daniels (WAS QB, elbow, Mariota starting), David Njoku and Charlie Kolar (both LAC TE, placed on IR after Week 2, min 4 games) - all via multi-source web confirmation (ESPN/CBS/NFL.com/Chargers.com), not yet reflected in Sleeper's live feed.",/home/user/ffcc/output/draft_rankings/draft_rankings_2026_half_ppr.csv
2026,3,00-0039703,Cody Schrader,RB,DEN,LA,False,0.9,2.39,-2.0,-1.38,0.99,5.5,11.59,0.65,0.04,half_ppr,2026-09-22 13:17,"Pre-kickoff snapshot locked 2026-09-22 (all Week 3 games 9/24-9/28, none yet played). Live data refreshed same day (Sleeper live API blocked by sandbox proxy 403, fell back to committed snapshot - see data/fallback/README). Manual weekly-out overrides applied for confirmed Week 3 absences: Jayden Daniels (WAS QB, elbow, Mariota starting), David Njoku and Charlie Kolar (both LAC TE, placed on IR after Week 2, min 4 games) - all via multi-source web confirmation (ESPN/CBS/NFL.com/Chargers.com), not yet reflected in Sleeper's live feed.",/home/user/ffcc/output/draft_rankings/draft_rankings_2026_half_ppr.csv
2026,3,00-0038938,Jalin Hyatt,WR,NYG,TEN,False,1.17,2.38,-2.0,-1.55,0.94,4.75,10.22,0.67,0.04,half_ppr,2026-09-22 13:17,"Pre-kickoff snapshot locked 2026-09-22 (all Week 3 games 9/24-9/28, none yet played). Live data refreshed same day (Sleeper live API blocked by sandbox proxy 403, fell back to committed snapshot - see data/fallback/README). Manual weekly-out overrides applied for confirmed Week 3 absences: Jayden Daniels (WAS QB, elbow, Mariota starting), David Njoku and Charlie Kolar (both LAC TE, placed on IR after Week 2, min 4 games) - all via multi-source web confirmation (ESPN/CBS/NFL.com/Chargers.com), not yet reflected in Sleeper's live feed.",/home/user/ffcc/output/draft_rankings/draft_rankings_2026_half_ppr.csv
2026,3,00-0036556,Brevin Jordan,TE,HOU,IND,False,1.15,2.35,-2.0,-0.44,1.39,4.07,8.47,0.69,0.06,half_ppr,2026-09-22 13:17,"Pre-kickoff snapshot locked 2026-09-22 (all Week 3 games 9/24-9/28, none yet played). Live data refreshed same day (Sleeper live API blocked by sandbox proxy 403, fell back to committed snapshot - see data/fallback/README). Manual weekly-out overrides applied for confirmed Week 3 absences: Jayden Daniels (WAS QB, elbow, Mariota starting), David Njoku and Charlie Kolar (both LAC TE, placed on IR after Week 2, min 4 games) - all via multi-source web confirmation (ESPN/CBS/NFL.com/Chargers.com), not yet reflected in Sleeper's live feed.",/home/user/ffcc/output/draft_rankings/draft_rankings_2026_half_ppr.csv
2026,3,00-0036862,Ben Skowronek,WR,PIT,CIN,False,0.83,2.35,-2.0,-1.52,0.92,4.58,9.99,0.67,0.04,half_ppr,2026-09-22 13:17,"Pre-kickoff snapshot locked 2026-09-22 (all Week 3 games 9/24-9/28, none yet played). Live data refreshed same day (Sleeper live API blocked by sandbox proxy 403, fell back to committed snapshot - see data/fallback/README). Manual weekly-out overrides applied for confirmed Week 3 absences: Jayden Daniels (WAS QB, elbow, Mariota starting), David Njoku and Charlie Kolar (both LAC TE, placed on IR after Week 2, min 4 games) - all via multi-source web confirmation (ESPN/CBS/NFL.com/Chargers.com), not yet reflected in Sleeper's live feed.",/home/user/ffcc/output/draft_rankings/draft_rankings_2026_half_ppr.csv
2026,3,00-0041069,Colbie Young,WR,CIN,PIT,False,1.15,2.35,-2.0,-1.54,0.96,4.78,10.18,0.66,0.04,half_ppr,2026-09-22 13:17,"Pre-kickoff snapshot locked 2026-09-22 (all Week 3 games 9/24-9/28, none yet played). Live data refreshed same day (Sleeper live API blocked by sandbox proxy 403, fell back to committed snapshot - see data/fallback/README). Manual weekly-out overrides applied for confirmed Week 3 absences: Jayden Daniels (WAS QB, elbow, Mariota starting), David Njoku and Charlie Kolar (both LAC TE, placed on IR after Week 2, min 4 games) - all via multi-source web confirmation (ESPN/CBS/NFL.com/Chargers.com), not yet reflected in Sleeper's live feed.",/home/user/ffcc/output/draft_rankings/draft_rankings_2026_half_ppr.csv
2026,3,00-0037085,Tyler Badie,RB,DEN,LA,False,0.9,2.35,-2.0,-1.43,0.95,5.21,11.3,0.66,0.04,half_ppr,2026-09-22 13:17,"Pre-kickoff snapshot locked 2026-09-22 (all Week 3 games 9/24-9/28, none yet played). Live data refreshed same day (Sleeper live API blocked by sandbox proxy 403, fell back to committed snapshot - see data/fallback/README). Manual weekly-out overrides applied for confirmed Week 3 absences: Jayden Daniels (WAS QB, elbow, Mariota starting), David Njoku and Charlie Kolar (both LAC TE, placed on IR after Week 2, min 4 games) - all via multi-source web confirmation (ESPN/CBS/NFL.com/Chargers.com), not yet reflected in Sleeper's live feed.",/home/user/ffcc/output/draft_rankings/draft_rankings_2026_half_ppr.csv
2026,3,00-0041081,Max Bredeson,TE,MIN,TB,False,1.21,2.32,-2.0,-0.53,1.35,4.11,8.38,0.68,0.06,half_ppr,2026-09-22 13:17,"Pre-kickoff snapshot locked 2026-09-22 (all Week 3 games 9/24-9/28, none yet played). Live data refreshed same day (Sleeper live API blocked by sandbox proxy 403, fell back to committed snapshot - see data/fallback/README). Manual weekly-out overrides applied for confirmed Week 3 absences: Jayden Daniels (WAS QB, elbow, Mariota starting), David Njoku and Charlie Kolar (both LAC TE, placed on IR after Week 2, min 4 games) - all via multi-source web confirmation (ESPN/CBS/NFL.com/Chargers.com), not yet reflected in Sleeper's live feed.",/home/user/ffcc/output/draft_rankings/draft_rankings_2026_half_ppr.csv
2026,3,00-0039074,Davis Allen,TE,LA,DEN,False,1.02,2.3,-2.0,-0.47,1.44,4.24,8.64,0.67,0.07,half_ppr,2026-09-22 13:17,"Pre-kickoff snapshot locked 2026-09-22 (all Week 3 games 9/24-9/28, none yet played). Live data refreshed same day (Sleeper live API blocked by sandbox proxy 403, fell back to committed snapshot - see data/fallback/README). Manual weekly-out overrides applied for confirmed Week 3 absences: Jayden Daniels (WAS QB, elbow, Mariota starting), David Njoku and Charlie Kolar (both LAC TE, placed on IR after Week 2, min 4 games) - all via multi-source web confirmation (ESPN/CBS/NFL.com/Chargers.com), not yet reflected in Sleeper's live feed.",/home/user/ffcc/output/draft_rankings/draft_rankings_2026_half_ppr.csv
2026,3,00-0028986,Case Keenum,QB,CHI,PHI,False,0.89,2.3,-2.0,-2.0,2.71,8.84,14.12,0.52,0.03,half_ppr,2026-09-22 13:17,"Pre-kickoff snapshot locked 2026-09-22 (all Week 3 games 9/24-9/28, none yet played). Live data refreshed same day (Sleeper live API blocked by sandbox proxy 403, fell back to committed snapshot - see data/fallback/README). Manual weekly-out overrides applied for confirmed Week 3 absences: Jayden Daniels (WAS QB, elbow, Mariota starting), David Njoku and Charlie Kolar (both LAC TE, placed on IR after Week 2, min 4 games) - all via multi-source web confirmation (ESPN/CBS/NFL.com/Chargers.com), not yet reflected in Sleeper's live feed.",/home/user/ffcc/output/draft_rankings/draft_rankings_2026_half_ppr.csv
2026,3,00-0038783,Nate Adkins,TE,DEN,LA,False,0.98,2.3,-2.0,-0.53,1.39,3.97,8.15,0.69,0.06,half_ppr,2026-09-22 13:17,"Pre-kickoff snapshot locked 2026-09-22 (all Week 3 games 9/24-9/28, none yet played). Live data refreshed same day (Sleeper live API blocked by sandbox proxy 403, fell back to committed snapshot - see data/fallback/README). Manual weekly-out overrides applied for confirmed Week 3 absences: Jayden Daniels (WAS QB, elbow, Mariota starting), David Njoku and Charlie Kolar (both LAC TE, placed on IR after Week 2, min 4 games) - all via multi-source web confirmation (ESPN/CBS/NFL.com/Chargers.com), not yet reflected in Sleeper's live feed.",/home/user/ffcc/output/draft_rankings/draft_rankings_2026_half_ppr.csv
2026,3,00-0040590,Konata Mumpfield,WR,LA,DEN,False,0.84,2.29,-2.0,-1.63,0.88,4.77,10.12,0.67,0.04,half_ppr,2026-09-22 13:17,"Pre-kickoff snapshot locked 2026-09-22 (all Week 3 games 9/24-9/28, none yet played). Live data refreshed same day (Sleeper live API blocked by sandbox proxy 403, fell back to committed snapshot - see data/fallback/README). Manual weekly-out overrides applied for confirmed Week 3 absences: Jayden Daniels (WAS QB, elbow, Mariota starting), David Njoku and Charlie Kolar (both LAC TE, placed on IR after Week 2, min 4 games) - all via multi-source web confirmation (ESPN/CBS/NFL.com/Chargers.com), not yet reflected in Sleeper's live feed.",/home/user/ffcc/output/draft_rankings/draft_rankings_2026_half_ppr.csv
2026,3,00-0038098,Pierre Strong,RB,GB,ATL,False,0.98,2.29,-2.0,-1.4,0.94,5.5,11.41,0.64,0.04,half_ppr,2026-09-22 13:17,"Pre-kickoff snapshot locked 2026-09-22 (all Week 3 games 9/24-9/28, none yet played). Live data refreshed same day (Sleeper live API blocked by sandbox proxy 403, fell back to committed snapshot - see data/fallback/README). Manual weekly-out overrides applied for confirmed Week 3 absences: Jayden Daniels (WAS QB, elbow, Mariota starting), David Njoku and Charlie Kolar (both LAC TE, placed on IR after Week 2, min 4 games) - all via multi-source web confirmation (ESPN/CBS/NFL.com/Chargers.com), not yet reflected in Sleeper's live feed.",/home/user/ffcc/output/draft_rankings/draft_rankings_2026_half_ppr.csv
2026,3,00-0037594,Julius Chestnut,RB,TEN,NYG,False,1.18,2.29,-2.0,-1.49,0.93,5.41,11.12,0.64,0.04,half_ppr,2026-09-22 13:17,"Pre-kickoff snapshot locked 2026-09-22 (all Week 3 games 9/24-9/28, none yet played). Live data refreshed same day (Sleeper live API blocked by sandbox proxy 403, fell back to committed snapshot - see data/fallback/README). Manual weekly-out overrides applied for confirmed Week 3 absences: Jayden Daniels (WAS QB, elbow, Mariota starting), David Njoku and Charlie Kolar (both LAC TE, placed on IR after Week 2, min 4 games) - all via multi-source web confirmation (ESPN/CBS/NFL.com/Chargers.com), not yet reflected in Sleeper's live feed.",/home/user/ffcc/output/draft_rankings/draft_rankings_2026_half_ppr.csv
2026,3,00-0037292,Andrew Ogletree,TE,IND,HOU,False,0.91,2.29,-2.0,-0.54,1.36,4.09,8.46,0.69,0.07,half_ppr,2026-09-22 13:17,"Pre-kickoff snapshot locked 2026-09-22 (all Week 3 games 9/24-9/28, none yet played). Live data refreshed same day (Sleeper live API blocked by sandbox proxy 403, fell back to committed snapshot - see data/fallback/README). Manual weekly-out overrides applied for confirmed Week 3 absences: Jayden Daniels (WAS QB, elbow, Mariota starting), David Njoku and Charlie Kolar (both LAC TE, placed on IR after Week 2, min 4 games) - all via multi-source web confirmation (ESPN/CBS/NFL.com/Chargers.com), not yet reflected in Sleeper's live feed.",/home/user/ffcc/output/draft_rankings/draft_rankings_2026_half_ppr.csv
2026,3,00-0039107,Stetson Bennett,QB,LA,DEN,False,0.87,2.26,-2.0,-2.0,2.71,8.88,14.09,0.51,0.03,half_ppr,2026-09-22 13:17,"Pre-kickoff snapshot locked 2026-09-22 (all Week 3 games 9/24-9/28, none yet played). Live data refreshed same day (Sleeper live API blocked by sandbox proxy 403, fell back to committed snapshot - see data/fallback/README). Manual weekly-out overrides applied for confirmed Week 3 absences: Jayden Daniels (WAS QB, elbow, Mariota starting), David Njoku and Charlie Kolar (both LAC TE, placed on IR after Week 2, min 4 games) - all via multi-source web confirmation (ESPN/CBS/NFL.com/Chargers.com), not yet reflected in Sleeper's live feed.",/home/user/ffcc/output/draft_rankings/draft_rankings_2026_half_ppr.csv
2026,3,00-0038440,Zavier Scott,RB,CHI,PHI,False,1.05,2.25,-2.0,-1.54,0.9,5.53,11.17,0.64,0.04,half_ppr,2026-09-22 13:17,"Pre-kickoff snapshot locked 2026-09-22 (all Week 3 games 9/24-9/28, none yet played). Live data refreshed same day (Sleeper live API blocked by sandbox proxy 403, fell back to committed snapshot - see data/fallback/README). Manual weekly-out overrides applied for confirmed Week 3 absences: Jayden Daniels (WAS QB, elbow, Mariota starting), David Njoku and Charlie Kolar (both LAC TE, placed on IR after Week 2, min 4 games) - all via multi-source web confirmation (ESPN/CBS/NFL.com/Chargers.com), not yet reflected in Sleeper's live feed.",/home/user/ffcc/output/draft_rankings/draft_rankings_2026_half_ppr.csv
2026,3,00-0038896,Jacob Saylors,RB,DET,NYJ,False,1.32,2.24,-2.0,-1.54,0.86,5.32,11.15,0.65,0.04,half_ppr,2026-09-22 13:17,"Pre-kickoff snapshot locked 2026-09-22 (all Week 3 games 9/24-9/28, none yet played). Live data refreshed same day (Sleeper live API blocked by sandbox proxy 403, fell back to committed snapshot - see data/fallback/README). Manual weekly-out overrides applied for confirmed Week 3 absences: Jayden Daniels (WAS QB, elbow, Mariota starting), David Njoku and Charlie Kolar (both LAC TE, placed on IR after Week 2, min 4 games) - all via multi-source web confirmation (ESPN/CBS/NFL.com/Chargers.com), not yet reflected in Sleeper's live feed.",/home/user/ffcc/output/draft_rankings/draft_rankings_2026_half_ppr.csv
2026,3,00-0039623,Mason Tipton,WR,NO,LV,False,1.08,2.24,-2.0,-1.63,0.85,4.62,10.08,0.67,0.04,half_ppr,2026-09-22 13:17,"Pre-kickoff snapshot locked 2026-09-22 (all Week 3 games 9/24-9/28, none yet played). Live data refreshed same day (Sleeper live API blocked by sandbox proxy 403, fell back to committed snapshot - see data/fallback/README). Manual weekly-out overrides applied for confirmed Week 3 absences: Jayden Daniels (WAS QB, elbow, Mariota starting), David Njoku and Charlie Kolar (both LAC TE, placed on IR after Week 2, min 4 games) - all via multi-source web confirmation (ESPN/CBS/NFL.com/Chargers.com), not yet reflected in Sleeper's live feed.",/home/user/ffcc/output/draft_rankings/draft_rankings_2026_half_ppr.csv
2026,3,00-0038359,Xavier Smith,WR,LA,DEN,False,0.84,2.24,-2.0,-1.6,0.91,4.88,10.11,0.67,0.03,half_ppr,2026-09-22 13:17,"Pre-kickoff snapshot locked 2026-09-22 (all Week 3 games 9/24-9/28, none yet played). Live data refreshed same day (Sleeper live API blocked by sandbox proxy 403, fell back to committed snapshot - see data/fallback/README). Manual weekly-out overrides applied for confirmed Week 3 absences: Jayden Daniels (WAS QB, elbow, Mariota starting), David Njoku and Charlie Kolar (both LAC TE, placed on IR after Week 2, min 4 games) - all via multi-source web confirmation (ESPN/CBS/NFL.com/Chargers.com), not yet reflected in Sleeper's live feed.",/home/user/ffcc/output/draft_rankings/draft_rankings_2026_half_ppr.csv
2026,3,00-0041550,Brenen Thompson,WR,LAC,BUF,False,0.86,2.23,-2.0,-1.57,0.88,4.58,9.96,0.67,0.04,half_ppr,2026-09-22 13:17,"Pre-kickoff snapshot locked 2026-09-22 (all Week 3 games 9/24-9/28, none yet played). Live data refreshed same day (Sleeper live API blocked by sandbox proxy 403, fell back to committed snapshot - see data/fallback/README). Manual weekly-out overrides applied for confirmed Week 3 absences: Jayden Daniels (WAS QB, elbow, Mariota starting), David Njoku and Charlie Kolar (both LAC TE, placed on IR after Week 2, min 4 games) - all via multi-source web confirmation (ESPN/CBS/NFL.com/Chargers.com), not yet reflected in Sleeper's live feed.",/home/user/ffcc/output/draft_rankings/draft_rankings_2026_half_ppr.csv
2026,3,00-0040547,Nate Carter,RB,KC,MIA,False,1.13,2.2,-2.0,-1.6,0.75,5.08,10.92,0.66,0.04,half_ppr,2026-09-22 13:17,"Pre-kickoff snapshot locked 2026-09-22 (all Week 3 games 9/24-9/28, none yet played). Live data refreshed same day (Sleeper live API blocked by sandbox proxy 403, fell back to committed snapshot - see data/fallback/README). Manual weekly-out overrides applied for confirmed Week 3 absences: Jayden Daniels (WAS QB, elbow, Mariota starting), David Njoku and Charlie Kolar (both LAC TE, placed on IR after Week 2, min 4 games) - all via multi-source web confirmation (ESPN/CBS/NFL.com/Chargers.com), not yet reflected in Sleeper's live feed.",/home/user/ffcc/output/draft_rankings/draft_rankings_2026_half_ppr.csv
2026,3,00-0037258,Dameon Pierce,RB,PHI,CHI,False,0.97,2.2,-2.0,-1.64,0.85,5.34,11.13,0.65,0.04,half_ppr,2026-09-22 13:17,"Pre-kickoff snapshot locked 2026-09-22 (all Week 3 games 9/24-9/28, none yet played). Live data refreshed same day (Sleeper live API blocked by sandbox proxy 403, fell back to committed snapshot - see data/fallback/README). Manual weekly-out overrides applied for confirmed Week 3 absences: Jayden Daniels (WAS QB, elbow, Mariota starting), David Njoku and Charlie Kolar (both LAC TE, placed on IR after Week 2, min 4 games) - all via multi-source web confirmation (ESPN/CBS/NFL.com/Chargers.com), not yet reflected in Sleeper's live feed.",/home/user/ffcc/output/draft_rankings/draft_rankings_2026_half_ppr.csv
2026,3,00-0040563,Efton Chism III,WR,NE,JAX,False,0.99,2.19,-2.0,-1.61,0.83,4.67,9.85,0.67,0.03,half_ppr,2026-09-22 13:17,"Pre-kickoff snapshot locked 2026-09-22 (all Week 3 games 9/24-9/28, none yet played). Live data refreshed same day (Sleeper live API blocked by sandbox proxy 403, fell back to committed snapshot - see data/fallback/README). Manual weekly-out overrides applied for confirmed Week 3 absences: Jayden Daniels (WAS QB, elbow, Mariota starting), David Njoku and Charlie Kolar (both LAC TE, placed on IR after Week 2, min 4 games) - all via multi-source web confirmation (ESPN/CBS/NFL.com/Chargers.com), not yet reflected in Sleeper's live feed.",/home/user/ffcc/output/draft_rankings/draft_rankings_2026_half_ppr.csv
2026,3,00-0040644,Trevor Etienne,RB,CAR,CLE,False,1.0,2.19,-2.0,-1.59,0.73,4.98,11.2,0.66,0.04,half_ppr,2026-09-22 13:17,"Pre-kickoff snapshot locked 2026-09-22 (all Week 3 games 9/24-9/28, none yet played). Live data refreshed same day (Sleeper live API blocked by sandbox proxy 403, fell back to committed snapshot - see data/fallback/README). Manual weekly-out overrides applied for confirmed Week 3 absences: Jayden Daniels (WAS QB, elbow, Mariota starting), David Njoku and Charlie Kolar (both LAC TE, placed on IR after Week 2, min 4 games) - all via multi-source web confirmation (ESPN/CBS/NFL.com/Chargers.com), not yet reflected in Sleeper's live feed.",/home/user/ffcc/output/draft_rankings/draft_rankings_2026_half_ppr.csv
2026,3,00-0036679,Shane Buechele,QB,BUF,LAC,False,0.77,2.16,-2.0,-2.0,2.55,8.55,13.99,0.53,0.04,half_ppr,2026-09-22 13:17,"Pre-kickoff snapshot locked 2026-09-22 (all Week 3 games 9/24-9/28, none yet played). Live data refreshed same day (Sleeper live API blocked by sandbox proxy 403, fell back to committed snapshot - see data/fallback/README). Manual weekly-out overrides applied for confirmed Week 3 absences: Jayden Daniels (WAS QB, elbow, Mariota starting), David Njoku and Charlie Kolar (both LAC TE, placed on IR after Week 2, min 4 games) - all via multi-source web confirmation (ESPN/CBS/NFL.com/Chargers.com), not yet reflected in Sleeper's live feed.",/home/user/ffcc/output/draft_rankings/draft_rankings_2026_half_ppr.csv
2026,3,00-0038640,Jalen Brooks,WR,ARI,SF,False,1.04,2.16,-2.0,-1.7,0.77,4.41,9.76,0.68,0.04,half_ppr,2026-09-22 13:17,"Pre-kickoff snapshot locked 2026-09-22 (all Week 3 games 9/24-9/28, none yet played). Live data refreshed same day (Sleeper live API blocked by sandbox proxy 403, fell back to committed snapshot - see data/fallback/README). Manual weekly-out overrides applied for confirmed Week 3 absences: Jayden Daniels (WAS QB, elbow, Mariota starting), David Njoku and Charlie Kolar (both LAC TE, placed on IR after Week 2, min 4 games) - all via multi-source web confirmation (ESPN/CBS/NFL.com/Chargers.com), not yet reflected in Sleeper's live feed.",/home/user/ffcc/output/draft_rankings/draft_rankings_2026_half_ppr.csv
2026,3,00-0036463,Chris Blair,WR,ATL,GB,False,1.02,2.15,-2.0,-1.7,0.75,4.47,9.78,0.68,0.03,half_ppr,2026-09-22 13:17,"Pre-kickoff snapshot locked 2026-09-22 (all Week 3 games 9/24-9/28, none yet played). Live data refreshed same day (Sleeper live API blocked by sandbox proxy 403, fell back to committed snapshot - see data/fallback/README). Manual weekly-out overrides applied for confirmed Week 3 absences: Jayden Daniels (WAS QB, elbow, Mariota starting), David Njoku and Charlie Kolar (both LAC TE, placed on IR after Week 2, min 4 games) - all via multi-source web confirmation (ESPN/CBS/NFL.com/Chargers.com), not yet reflected in Sleeper's live feed.",/home/user/ffcc/output/draft_rankings/draft_rankings_2026_half_ppr.csv
2026,3,00-0035589,Gary Jennings Jr,WR,LAC,BUF,False,0.86,2.15,-2.0,-1.7,0.79,4.58,9.95,0.67,0.04,half_ppr,2026-09-22 13:17,"Pre-kickoff snapshot locked 2026-09-22 (all Week 3 games 9/24-9/28, none yet played). Live data refreshed same day (Sleeper live API blocked by sandbox proxy 403, fell back to committed snapshot - see data/fallback/README). Manual weekly-out overrides applied for confirmed Week 3 absences: Jayden Daniels (WAS QB, elbow, Mariota starting), David Njoku and Charlie Kolar (both LAC TE, placed on IR after Week 2, min 4 games) - all via multi-source web confirmation (ESPN/CBS/NFL.com/Chargers.com), not yet reflected in Sleeper's live feed.",/home/user/ffcc/output/draft_rankings/draft_rankings_2026_half_ppr.csv
2026,3,00-0040891,Cole Payton,QB,PHI,CHI,False,1.11,2.15,-2.0,-2.0,2.6,8.66,14.04,0.52,0.04,half_ppr,2026-09-22 13:17,"Pre-kickoff snapshot locked 2026-09-22 (all Week 3 games 9/24-9/28, none yet played). Live data refreshed same day (Sleeper live API blocked by sandbox proxy 403, fell back to committed snapshot - see data/fallback/README). Manual weekly-out overrides applied for confirmed Week 3 absences: Jayden Daniels (WAS QB, elbow, Mariota starting), David Njoku and Charlie Kolar (both LAC TE, placed on IR after Week 2, min 4 games) - all via multi-source web confirmation (ESPN/CBS/NFL.com/Chargers.com), not yet reflected in Sleeper's live feed.",/home/user/ffcc/output/draft_rankings/draft_rankings_2026_half_ppr.csv
2026,3,00-0041099,Barion Brown,WR,NO,LV,False,1.08,2.13,-2.0,-1.68,0.75,4.6,9.88,0.68,0.03,half_ppr,2026-09-22 13:17,"Pre-kickoff snapshot locked 2026-09-22 (all Week 3 games 9/24-9/28, none yet played). Live data refreshed same day (Sleeper live API blocked by sandbox proxy 403, fell back to committed snapshot - see data/fallback/README). Manual weekly-out overrides applied for confirmed Week 3 absences: Jayden Daniels (WAS QB, elbow, Mariota starting), David Njoku and Charlie Kolar (both LAC TE, placed on IR after Week 2, min 4 games) - all via multi-source web confirmation (ESPN/CBS/NFL.com/Chargers.com), not yet reflected in Sleeper's live feed.",/home/user/ffcc/output/draft_rankings/draft_rankings_2026_half_ppr.csv
2026,3,00-0040014,Kyle McCord,QB,PHI,CHI,False,1.11,2.11,-2.0,-2.0,2.48,8.66,13.9,0.52,0.03,half_ppr,2026-09-22 13:17,"Pre-kickoff snapshot locked 2026-09-22 (all Week 3 games 9/24-9/28, none yet played). Live data refreshed same day (Sleeper live API blocked by sandbox proxy 403, fell back to committed snapshot - see data/fallback/README). Manual weekly-out overrides applied for confirmed Week 3 absences: Jayden Daniels (WAS QB, elbow, Mariota starting), David Njoku and Charlie Kolar (both LAC TE, placed on IR after Week 2, min 4 games) - all via multi-source web confirmation (ESPN/CBS/NFL.com/Chargers.com), not yet reflected in Sleeper's live feed.",/home/user/ffcc/output/draft_rankings/draft_rankings_2026_half_ppr.csv
2026,3,00-0041443,Skyler Bell,WR,BUF,LAC,False,0.88,2.11,-2.0,-1.79,0.73,4.64,10.01,0.67,0.04,half_ppr,2026-09-22 13:17,"Pre-kickoff snapshot locked 2026-09-22 (all Week 3 games 9/24-9/28, none yet played). Live data refreshed same day (Sleeper live API blocked by sandbox proxy 403, fell back to committed snapshot - see data/fallback/README). Manual weekly-out overrides applied for confirmed Week 3 absences: Jayden Daniels (WAS QB, elbow, Mariota starting), David Njoku and Charlie Kolar (both LAC TE, placed on IR after Week 2, min 4 games) - all via multi-source web confirmation (ESPN/CBS/NFL.com/Chargers.com), not yet reflected in Sleeper's live feed.",/home/user/ffcc/output/draft_rankings/draft_rankings_2026_half_ppr.csv
2026,3,00-0040581,Dont'e Thornton Jr.,WR,LV,NO,False,0.91,2.11,-2.0,-1.79,0.71,4.49,9.69,0.68,0.03,half_ppr,2026-09-22 13:17,"Pre-kickoff snapshot locked 2026-09-22 (all Week 3 games 9/24-9/28, none yet played). Live data refreshed same day (Sleeper live API blocked by sandbox proxy 403, fell back to committed snapshot - see data/fallback/README). Manual weekly-out overrides applied for confirmed Week 3 absences: Jayden Daniels (WAS QB, elbow, Mariota starting), David Njoku and Charlie Kolar (both LAC TE, placed on IR after Week 2, min 4 games) - all via multi-source web confirmation (ESPN/CBS/NFL.com/Chargers.com), not yet reflected in Sleeper's live feed.",/home/user/ffcc/output/draft_rankings/draft_rankings_2026_half_ppr.csv
2026,3,00-0036628,John Bates,TE,WAS,SEA,False,1.09,2.1,-2.0,-0.68,1.18,3.75,7.91,0.7,0.06,half_ppr,2026-09-22 13:17,"Pre-kickoff snapshot locked 2026-09-22 (all Week 3 games 9/24-9/28, none yet played). Live data refreshed same day (Sleeper live API blocked by sandbox proxy 403, fell back to committed snapshot - see data/fallback/README). Manual weekly-out overrides applied for confirmed Week 3 absences: Jayden Daniels (WAS QB, elbow, Mariota starting), David Njoku and Charlie Kolar (both LAC TE, placed on IR after Week 2, min 4 games) - all via multi-source web confirmation (ESPN/CBS/NFL.com/Chargers.com), not yet reflected in Sleeper's live feed.",/home/user/ffcc/output/draft_rankings/draft_rankings_2026_half_ppr.csv
2026,3,00-0038573,Derius Davis,WR,LAC,BUF,False,0.86,2.1,-2.0,-1.73,0.75,4.45,9.83,0.68,0.03,half_ppr,2026-09-22 13:17,"Pre-kickoff snapshot locked 2026-09-22 (all Week 3 games 9/24-9/28, none yet played). Live data refreshed same day (Sleeper live API blocked by sandbox proxy 403, fell back to committed snapshot - see data/fallback/README). Manual weekly-out overrides applied for confirmed Week 3 absences: Jayden Daniels (WAS QB, elbow, Mariota starting), David Njoku and Charlie Kolar (both LAC TE, placed on IR after Week 2, min 4 games) - all via multi-source web confirmation (ESPN/CBS/NFL.com/Chargers.com), not yet reflected in Sleeper's live feed.",/home/user/ffcc/output/draft_rankings/draft_rankings_2026_half_ppr.csv
2026,3,00-0040203,Will Howard,QB,PIT,CIN,False,1.13,2.1,-2.0,-2.0,2.51,8.82,14.11,0.52,0.04,half_ppr,2026-09-22 13:17,"Pre-kickoff snapshot locked 2026-09-22 (all Week 3 games 9/24-9/28, none yet played). Live data refreshed same day (Sleeper live API blocked by sandbox proxy 403, fell back to committed snapshot - see data/fallback/README). Manual weekly-out overrides applied for confirmed Week 3 absences: Jayden Daniels (WAS QB, elbow, Mariota starting), David Njoku and Charlie Kolar (both LAC TE, placed on IR after Week 2, min 4 games) - all via multi-source web confirmation (ESPN/CBS/NFL.com/Chargers.com), not yet reflected in Sleeper's live feed.",/home/user/ffcc/output/draft_rankings/draft_rankings_2026_half_ppr.csv
2026,3,00-0038547,Luke Schoonmaker,TE,DAL,BAL,False,0.8,2.09,-2.0,-0.77,1.18,3.83,8.0,0.7,0.06,half_ppr,2026-09-22 13:17,"Pre-kickoff snapshot locked 2026-09-22 (all Week 3 games 9/24-9/28, none yet played). Live data refreshed same day (Sleeper live API blocked by sandbox proxy 403, fell back to committed snapshot - see data/fallback/README). Manual weekly-out overrides applied for confirmed Week 3 absences: Jayden Daniels (WAS QB, elbow, Mariota starting), David Njoku and Charlie Kolar (both LAC TE, placed on IR after Week 2, min 4 games) - all via multi-source web confirmation (ESPN/CBS/NFL.com/Chargers.com), not yet reflected in Sleeper's live feed.",/home/user/ffcc/output/draft_rankings/draft_rankings_2026_half_ppr.csv
2026,3,00-0036842,Kene Nwangwu,RB,NYJ,DET,False,0.89,2.06,-2.0,-1.81,0.66,5.17,11.04,0.66,0.04,half_ppr,2026-09-22 13:17,"Pre-kickoff snapshot locked 2026-09-22 (all Week 3 games 9/24-9/28, none yet played). Live data refreshed same day (Sleeper live API blocked by sandbox proxy 403, fell back to committed snapshot - see data/fallback/README). Manual weekly-out overrides applied for confirmed Week 3 absences: Jayden Daniels (WAS QB, elbow, Mariota starting), David Njoku and Charlie Kolar (both LAC TE, placed on IR after Week 2, min 4 games) - all via multi-source web confirmation (ESPN/CBS/NFL.com/Chargers.com), not yet reflected in Sleeper's live feed.",/home/user/ffcc/output/draft_rankings/draft_rankings_2026_half_ppr.csv
2026,3,00-0033589,David Moore,WR,CAR,CLE,False,0.89,2.06,-2.0,-1.81,0.7,4.55,9.98,0.68,0.04,half_ppr,2026-09-22 13:17,"Pre-kickoff snapshot locked 2026-09-22 (all Week 3 games 9/24-9/28, none yet played). Live data refreshed same day (Sleeper live API blocked by sandbox proxy 403, fell back to committed snapshot - see data/fallback/README). Manual weekly-out overrides applied for confirmed Week 3 absences: Jayden Daniels (WAS QB, elbow, Mariota starting), David Njoku and Charlie Kolar (both LAC TE, placed on IR after Week 2, min 4 games) - all via multi-source web confirmation (ESPN/CBS/NFL.com/Chargers.com), not yet reflected in Sleeper's live feed.",/home/user/ffcc/output/draft_rankings/draft_rankings_2026_half_ppr.csv
2026,3,00-0037745,Velus Jones Jr.,WR,SEA,WAS,False,1.14,2.05,-2.0,-1.81,0.74,4.59,10.1,0.67,0.04,half_ppr,2026-09-22 13:17,"Pre-kickoff snapshot locked 2026-09-22 (all Week 3 games 9/24-9/28, none yet played). Live data refreshed same day (Sleeper live API blocked by sandbox proxy 403, fell back to committed snapshot - see data/fallback/README). Manual weekly-out overrides applied for confirmed Week 3 absences: Jayden Daniels (WAS QB, elbow, Mariota starting), David Njoku and Charlie Kolar (both LAC TE, placed on IR after Week 2, min 4 games) - all via multi-source web confirmation (ESPN/CBS/NFL.com/Chargers.com), not yet reflected in Sleeper's live feed.",/home/user/ffcc/output/draft_rankings/draft_rankings_2026_half_ppr.csv
2026,3,00-0037327,Skylar Thompson,QB,BAL,DAL,False,1.43,2.05,-2.0,-2.0,2.46,8.56,13.94,0.53,0.03,half_ppr,2026-09-22 13:17,"Pre-kickoff snapshot locked 2026-09-22 (all Week 3 games 9/24-9/28, none yet played). Live data refreshed same day (Sleeper live API blocked by sandbox proxy 403, fell back to committed snapshot - see data/fallback/README). Manual weekly-out overrides applied for confirmed Week 3 absences: Jayden Daniels (WAS QB, elbow, Mariota starting), David Njoku and Charlie Kolar (both LAC TE, placed on IR after Week 2, min 4 games) - all via multi-source web confirmation (ESPN/CBS/NFL.com/Chargers.com), not yet reflected in Sleeper's live feed.",/home/user/ffcc/output/draft_rankings/draft_rankings_2026_half_ppr.csv
2026,3,00-0040890,Cyrus Allen,WR,KC,MIA,False,0.97,2.03,-2.0,-1.87,0.68,4.66,9.8,0.68,0.03,half_ppr,2026-09-22 13:17,"Pre-kickoff snapshot locked 2026-09-22 (all Week 3 games 9/24-9/28, none yet played). Live data refreshed same day (Sleeper live API blocked by sandbox proxy 403, fell back to committed snapshot - see data/fallback/README). Manual weekly-out overrides applied for confirmed Week 3 absences: Jayden Daniels (WAS QB, elbow, Mariota starting), David Njoku and Charlie Kolar (both LAC TE, placed on IR after Week 2, min 4 games) - all via multi-source web confirmation (ESPN/CBS/NFL.com/Chargers.com), not yet reflected in Sleeper's live feed.",/home/user/ffcc/output/draft_rankings/draft_rankings_2026_half_ppr.csv
2026,3,00-0039920,Malachi Corley,WR,CLE,CAR,False,0.86,2.03,-2.0,-1.86,0.64,4.37,9.74,0.69,0.04,half_ppr,2026-09-22 13:17,"Pre-kickoff snapshot locked 2026-09-22 (all Week 3 games 9/24-9/28, none yet played). Live data refreshed same day (Sleeper live API blocked by sandbox proxy 403, fell back to committed snapshot - see data/fallback/README). Manual weekly-out overrides applied for confirmed Week 3 absences: Jayden Daniels (WAS QB, elbow, Mariota starting), David Njoku and Charlie Kolar (both LAC TE, placed on IR after Week 2, min 4 games) - all via multi-source web confirmation (ESPN/CBS/NFL.com/Chargers.com), not yet reflected in Sleeper's live feed.",/home/user/ffcc/output/draft_rankings/draft_rankings_2026_half_ppr.csv
2026,3,00-0040238,LeQuint Allen Jr.,RB,JAX,NE,False,0.82,2.02,-2.0,-1.76,0.63,5.12,11.22,0.66,0.04,half_ppr,2026-09-22 13:17,"Pre-kickoff snapshot locked 2026-09-22 (all Week 3 games 9/24-9/28, none yet played). Live data refreshed same day (Sleeper live API blocked by sandbox proxy 403, fell back to committed snapshot - see data/fallback/README). Manual weekly-out overrides applied for confirmed Week 3 absences: Jayden Daniels (WAS QB, elbow, Mariota starting), David Njoku and Charlie Kolar (both LAC TE, placed on IR after Week 2, min 4 games) - all via multi-source web confirmation (ESPN/CBS/NFL.com/Chargers.com), not yet reflected in Sleeper's live feed.",/home/user/ffcc/output/draft_rankings/draft_rankings_2026_half_ppr.csv
2026,3,00-0038040,Zamir White,RB,NO,LV,False,1.04,2.01,-2.0,-1.86,0.56,5.06,10.87,0.66,0.04,half_ppr,2026-09-22 13:17,"Pre-kickoff snapshot locked 2026-09-22 (all Week 3 games 9/24-9/28, none yet played). Live data refreshed same day (Sleeper live API blocked by sandbox proxy 403, fell back to committed snapshot - see data/fallback/README). Manual weekly-out overrides applied for confirmed Week 3 absences: Jayden Daniels (WAS QB, elbow, Mariota starting), David Njoku and Charlie Kolar (both LAC TE, placed on IR after Week 2, min 4 games) - all via multi-source web confirmation (ESPN/CBS/NFL.com/Chargers.com), not yet reflected in Sleeper's live feed.",/home/user/ffcc/output/draft_rankings/draft_rankings_2026_half_ppr.csv
2026,3,00-0040172,Jordan Watkins,WR,SF,ARI,False,0.97,2.01,-2.0,-1.86,0.61,4.36,9.96,0.69,0.04,half_ppr,2026-09-22 13:17,"Pre-kickoff snapshot locked 2026-09-22 (all Week 3 games 9/24-9/28, none yet played). Live data refreshed same day (Sleeper live API blocked by sandbox proxy 403, fell back to committed snapshot - see data/fallback/README). Manual weekly-out overrides applied for confirmed Week 3 absences: Jayden Daniels (WAS QB, elbow, Mariota starting), David Njoku and Charlie Kolar (both LAC TE, placed on IR after Week 2, min 4 games) - all via multi-source web confirmation (ESPN/CBS/NFL.com/Chargers.com), not yet reflected in Sleeper's live feed.",/home/user/ffcc/output/draft_rankings/draft_rankings_2026_half_ppr.csv
2026,3,00-0036415,Van Jefferson,WR,WAS,SEA,False,0.84,2.0,-2.0,-1.82,0.66,4.35,9.73,0.68,0.03,half_ppr,2026-09-22 13:17,"Pre-kickoff snapshot locked 2026-09-22 (all Week 3 games 9/24-9/28, none yet played). Live data refreshed same day (Sleeper live API blocked by sandbox proxy 403, fell back to committed snapshot - see data/fallback/README). Manual weekly-out overrides applied for confirmed Week 3 absences: Jayden Daniels (WAS QB, elbow, Mariota starting), David Njoku and Charlie Kolar (both LAC TE, placed on IR after Week 2, min 4 games) - all via multi-source web confirmation (ESPN/CBS/NFL.com/Chargers.com), not yet reflected in Sleeper's live feed.",/home/user/ffcc/output/draft_rankings/draft_rankings_2026_half_ppr.csv
2026,3,00-0033217,Mo Alie-Cox,TE,IND,HOU,False,0.91,1.97,-2.0,-0.81,1.02,3.69,7.87,0.71,0.05,half_ppr,2026-09-22 13:17,"Pre-kickoff snapshot locked 2026-09-22 (all Week 3 games 9/24-9/28, none yet played). Live data refreshed same day (Sleeper live API blocked by sandbox proxy 403, fell back to committed snapshot - see data/fallback/README). Manual weekly-out overrides applied for confirmed Week 3 absences: Jayden Daniels (WAS QB, elbow, Mariota starting), David Njoku and Charlie Kolar (both LAC TE, placed on IR after Week 2, min 4 games) - all via multi-source web confirmation (ESPN/CBS/NFL.com/Chargers.com), not yet reflected in Sleeper's live feed.",/home/user/ffcc/output/draft_rankings/draft_rankings_2026_half_ppr.csv
2026,3,00-0033576,Eric Saubert,TE,SEA,WAS,False,1.25,1.97,-2.0,-0.77,1.05,3.88,8.24,0.7,0.06,half_ppr,2026-09-22 13:17,"Pre-kickoff snapshot locked 2026-09-22 (all Week 3 games 9/24-9/28, none yet played). Live data refreshed same day (Sleeper live API blocked by sandbox proxy 403, fell back to committed snapshot - see data/fallback/README). Manual weekly-out overrides applied for confirmed Week 3 absences: Jayden Daniels (WAS QB, elbow, Mariota starting), David Njoku and Charlie Kolar (both LAC TE, placed on IR after Week 2, min 4 games) - all via multi-source web confirmation (ESPN/CBS/NFL.com/Chargers.com), not yet reflected in Sleeper's live feed.",/home/user/ffcc/output/draft_rankings/draft_rankings_2026_half_ppr.csv
2026,3,00-0038090,Skyy Moore,WR,GB,ATL,False,1.11,1.97,-2.0,-1.99,0.52,4.41,9.65,0.69,0.04,half_ppr,2026-09-22 13:17,"Pre-kickoff snapshot locked 2026-09-22 (all Week 3 games 9/24-9/28, none yet played). Live data refreshed same day (Sleeper live API blocked by sandbox proxy 403, fell back to committed snapshot - see data/fallback/README). Manual weekly-out overrides applied for confirmed Week 3 absences: Jayden Daniels (WAS QB, elbow, Mariota starting), David Njoku and Charlie Kolar (both LAC TE, placed on IR after Week 2, min 4 games) - all via multi-source web confirmation (ESPN/CBS/NFL.com/Chargers.com), not yet reflected in Sleeper's live feed.",/home/user/ffcc/output/draft_rankings/draft_rankings_2026_half_ppr.csv
2026,3,00-0037276,Ty Chandler,RB,NO,LV,False,1.04,1.96,-2.0,-1.86,0.66,5.23,11.3,0.66,0.04,half_ppr,2026-09-22 13:17,"Pre-kickoff snapshot locked 2026-09-22 (all Week 3 games 9/24-9/28, none yet played). Live data refreshed same day (Sleeper live API blocked by sandbox proxy 403, fell back to committed snapshot - see data/fallback/README). Manual weekly-out overrides applied for confirmed Week 3 absences: Jayden Daniels (WAS QB, elbow, Mariota starting), David Njoku and Charlie Kolar (both LAC TE, placed on IR after Week 2, min 4 games) - all via multi-source web confirmation (ESPN/CBS/NFL.com/Chargers.com), not yet reflected in Sleeper's live feed.",/home/user/ffcc/output/draft_rankings/draft_rankings_2026_half_ppr.csv
2026,3,00-0039407,Dylan Laube,RB,LV,NO,False,0.96,1.96,-2.0,-1.9,0.58,4.91,10.81,0.67,0.04,half_ppr,2026-09-22 13:17,"Pre-kickoff snapshot locked 2026-09-22 (all Week 3 games 9/24-9/28, none yet played). Live data refreshed same day (Sleeper live API blocked by sandbox proxy 403, fell back to committed snapshot - see data/fallback/README). Manual weekly-out overrides applied for confirmed Week 3 absences: Jayden Daniels (WAS QB, elbow, Mariota starting), David Njoku and Charlie Kolar (both LAC TE, placed on IR after Week 2, min 4 games) - all via multi-source web confirmation (ESPN/CBS/NFL.com/Chargers.com), not yet reflected in Sleeper's live feed.",/home/user/ffcc/output/draft_rankings/draft_rankings_2026_half_ppr.csv
2026,3,00-0041524,Will Kacmarek,TE,MIA,KC,False,0.81,1.95,-2.0,-0.88,1.01,3.71,7.92,0.71,0.06,half_ppr,2026-09-22 13:17,"Pre-kickoff snapshot locked 2026-09-22 (all Week 3 games 9/24-9/28, none yet played). Live data refreshed same day (Sleeper live API blocked by sandbox proxy 403, fell back to committed snapshot - see data/fallback/README). Manual weekly-out overrides applied for confirmed Week 3 absences: Jayden Daniels (WAS QB, elbow, Mariota starting), David Njoku and Charlie Kolar (both LAC TE, placed on IR after Week 2, min 4 games) - all via multi-source web confirmation (ESPN/CBS/NFL.com/Chargers.com), not yet reflected in Sleeper's live feed.",/home/user/ffcc/output/draft_rankings/draft_rankings_2026_half_ppr.csv
2026,3,00-0040582,Arian Smith,WR,NYJ,DET,False,1.19,1.95,-2.0,-1.92,0.61,4.33,9.67,0.69,0.03,half_ppr,2026-09-22 13:17,"Pre-kickoff snapshot locked 2026-09-22 (all Week 3 games 9/24-9/28, none yet played). Live data refreshed same day (Sleeper live API blocked by sandbox proxy 403, fell back to committed snapshot - see data/fallback/README). Manual weekly-out overrides applied for confirmed Week 3 absences: Jayden Daniels (WAS QB, elbow, Mariota starting), David Njoku and Charlie Kolar (both LAC TE, placed on IR after Week 2, min 4 games) - all via multi-source web confirmation (ESPN/CBS/NFL.com/Chargers.com), not yet reflected in Sleeper's live feed.",/home/user/ffcc/output/draft_rankings/draft_rankings_2026_half_ppr.csv
2026,3,00-0041070,Reggie Virgil,WR,ARI,SF,False,1.04,1.94,-2.0,-1.9,0.59,4.3,9.66,0.69,0.03,half_ppr,2026-09-22 13:17,"Pre-kickoff snapshot locked 2026-09-22 (all Week 3 games 9/24-9/28, none yet played). Live data refreshed same day (Sleeper live API blocked by sandbox proxy 403, fell back to committed snapshot - see data/fallback/README). Manual weekly-out overrides applied for confirmed Week 3 absences: Jayden Daniels (WAS QB, elbow, Mariota starting), David Njoku and Charlie Kolar (both LAC TE, placed on IR after Week 2, min 4 games) - all via multi-source web confirmation (ESPN/CBS/NFL.com/Chargers.com), not yet reflected in Sleeper's live feed.",/home/user/ffcc/output/draft_rankings/draft_rankings_2026_half_ppr.csv
2026,3,00-0040142,Kaleb Johnson,RB,GB,ATL,False,0.98,1.9,-2.0,-1.91,0.52,5.0,11.12,0.68,0.04,half_ppr,2026-09-22 13:17,"Pre-kickoff snapshot locked 2026-09-22 (all Week 3 games 9/24-9/28, none yet played). Live data refreshed same day (Sleeper live API blocked by sandbox proxy 403, fell back to committed snapshot - see data/fallback/README). Manual weekly-out overrides applied for confirmed Week 3 absences: Jayden Daniels (WAS QB, elbow, Mariota starting), David Njoku and Charlie Kolar (both LAC TE, placed on IR after Week 2, min 4 games) - all via multi-source web confirmation (ESPN/CBS/NFL.com/Chargers.com), not yet reflected in Sleeper's live feed.",/home/user/ffcc/output/draft_rankings/draft_rankings_2026_half_ppr.csv
2026,3,00-0034981,Foster Moreau,TE,HOU,IND,False,1.15,1.89,-2.0,-0.92,0.95,3.89,8.17,0.71,0.06,half_ppr,2026-09-22 13:17,"Pre-kickoff snapshot locked 2026-09-22 (all Week 3 games 9/24-9/28, none yet played). Live data refreshed same day (Sleeper live API blocked by sandbox proxy 403, fell back to committed snapshot - see data/fallback/README). Manual weekly-out overrides applied for confirmed Week 3 absences: Jayden Daniels (WAS QB, elbow, Mariota starting), David Njoku and Charlie Kolar (both LAC TE, placed on IR after Week 2, min 4 games) - all via multi-source web confirmation (ESPN/CBS/NFL.com/Chargers.com), not yet reflected in Sleeper's live feed.",/home/user/ffcc/output/draft_rankings/draft_rankings_2026_half_ppr.csv
2026,3,00-0037524,Tay Martin,WR,DET,NYJ,False,0.99,1.89,-2.0,-1.93,0.58,4.52,10.05,0.68,0.04,half_ppr,2026-09-22 13:17,"Pre-kickoff snapshot locked 2026-09-22 (all Week 3 games 9/24-9/28, none yet played). Live data refreshed same day (Sleeper live API blocked by sandbox proxy 403, fell back to committed snapshot - see data/fallback/README). Manual weekly-out overrides applied for confirmed Week 3 absences: Jayden Daniels (WAS QB, elbow, Mariota starting), David Njoku and Charlie Kolar (both LAC TE, placed on IR after Week 2, min 4 games) - all via multi-source web confirmation (ESPN/CBS/NFL.com/Chargers.com), not yet reflected in Sleeper's live feed.",/home/user/ffcc/output/draft_rankings/draft_rankings_2026_half_ppr.csv
2026,3,00-0037132,Britain Covey,WR,PHI,CHI,False,1.21,1.89,-2.0,-1.97,0.49,4.34,9.54,0.69,0.03,half_ppr,2026-09-22 13:17,"Pre-kickoff snapshot locked 2026-09-22 (all Week 3 games 9/24-9/28, none yet played). Live data refreshed same day (Sleeper live API blocked by sandbox proxy 403, fell back to committed snapshot - see data/fallback/README). Manual weekly-out overrides applied for confirmed Week 3 absences: Jayden Daniels (WAS QB, elbow, Mariota starting), David Njoku and Charlie Kolar (both LAC TE, placed on IR after Week 2, min 4 games) - all via multi-source web confirmation (ESPN/CBS/NFL.com/Chargers.com), not yet reflected in Sleeper's live feed.",/home/user/ffcc/output/draft_rankings/draft_rankings_2026_half_ppr.csv
2026,3,00-0036626,Dyami Brown,WR,WAS,SEA,False,0.84,1.88,-2.0,-1.99,0.51,4.33,9.81,0.69,0.03,half_ppr,2026-09-22 13:17,"Pre-kickoff snapshot locked 2026-09-22 (all Week 3 games 9/24-9/28, none yet played). Live data refreshed same day (Sleeper live API blocked by sandbox proxy 403, fell back to committed snapshot - see data/fallback/README). Manual weekly-out overrides applied for confirmed Week 3 absences: Jayden Daniels (WAS QB, elbow, Mariota starting), David Njoku and Charlie Kolar (both LAC TE, placed on IR after Week 2, min 4 games) - all via multi-source web confirmation (ESPN/CBS/NFL.com/Chargers.com), not yet reflected in Sleeper's live feed.",/home/user/ffcc/output/draft_rankings/draft_rankings_2026_half_ppr.csv
2026,3,00-0036590,Quintin Morris,TE,JAX,NE,False,1.09,1.87,-2.0,-1.02,0.88,3.52,7.73,0.72,0.05,half_ppr,2026-09-22 13:17,"Pre-kickoff snapshot locked 2026-09-22 (all Week 3 games 9/24-9/28, none yet played). Live data refreshed same day (Sleeper live API blocked by sandbox proxy 403, fell back to committed snapshot - see data/fallback/README). Manual weekly-out overrides applied for confirmed Week 3 absences: Jayden Daniels (WAS QB, elbow, Mariota starting), David Njoku and Charlie Kolar (both LAC TE, placed on IR after Week 2, min 4 games) - all via multi-source web confirmation (ESPN/CBS/NFL.com/Chargers.com), not yet reflected in Sleeper's live feed.",/home/user/ffcc/output/draft_rankings/draft_rankings_2026_half_ppr.csv
2026,3,00-0040208,Tahj Brooks,RB,CIN,PIT,False,0.87,1.85,-2.0,-2.0,0.49,5.08,11.16,0.67,0.04,half_ppr,2026-09-22 13:17,"Pre-kickoff snapshot locked 2026-09-22 (all Week 3 games 9/24-9/28, none yet played). Live data refreshed same day (Sleeper live API blocked by sandbox proxy 403, fell back to committed snapshot - see data/fallback/README). Manual weekly-out overrides applied for confirmed Week 3 absences: Jayden Daniels (WAS QB, elbow, Mariota starting), David Njoku and Charlie Kolar (both LAC TE, placed on IR after Week 2, min 4 games) - all via multi-source web confirmation (ESPN/CBS/NFL.com/Chargers.com), not yet reflected in Sleeper's live feed.",/home/user/ffcc/output/draft_rankings/draft_rankings_2026_half_ppr.csv
2026,3,00-0038840,Brycen Tremayne,WR,CAR,CLE,False,0.89,1.82,-2.0,-2.0,0.44,4.2,9.55,0.7,0.03,half_ppr,2026-09-22 13:17,"Pre-kickoff snapshot locked 2026-09-22 (all Week 3 games 9/24-9/28, none yet played). Live data refreshed same day (Sleeper live API blocked by sandbox proxy 403, fell back to committed snapshot - see data/fallback/README). Manual weekly-out overrides applied for confirmed Week 3 absences: Jayden Daniels (WAS QB, elbow, Mariota starting), David Njoku and Charlie Kolar (both LAC TE, placed on IR after Week 2, min 4 games) - all via multi-source web confirmation (ESPN/CBS/NFL.com/Chargers.com), not yet reflected in Sleeper's live feed.",/home/user/ffcc/output/draft_rankings/draft_rankings_2026_half_ppr.csv
2026,3,00-0041398,Riley Nowakowski,TE,PIT,CIN,False,1.64,1.82,-2.0,-1.05,0.88,3.66,8.12,0.72,0.06,half_ppr,2026-09-22 13:17,"Pre-kickoff snapshot locked 2026-09-22 (all Week 3 games 9/24-9/28, none yet played). Live data refreshed same day (Sleeper live API blocked by sandbox proxy 403, fell back to committed snapshot - see data/fallback/README). Manual weekly-out overrides applied for confirmed Week 3 absences: Jayden Daniels (WAS QB, elbow, Mariota starting), David Njoku and Charlie Kolar (both LAC TE, placed on IR after Week 2, min 4 games) - all via multi-source web confirmation (ESPN/CBS/NFL.com/Chargers.com), not yet reflected in Sleeper's live feed.",/home/user/ffcc/output/draft_rankings/draft_rankings_2026_half_ppr.csv
2026,3,00-0037120,Tyler Goodson,RB,DAL,BAL,False,1.03,1.81,-2.0,-2.0,0.37,4.92,10.88,0.67,0.04,half_ppr,2026-09-22 13:17,"Pre-kickoff snapshot locked 2026-09-22 (all Week 3 games 9/24-9/28, none yet played). Live data refreshed same day (Sleeper live API blocked by sandbox proxy 403, fell back to committed snapshot - see data/fallback/README). Manual weekly-out overrides applied for confirmed Week 3 absences: Jayden Daniels (WAS QB, elbow, Mariota starting), David Njoku and Charlie Kolar (both LAC TE, placed on IR after Week 2, min 4 games) - all via multi-source web confirmation (ESPN/CBS/NFL.com/Chargers.com), not yet reflected in Sleeper's live feed.",/home/user/ffcc/output/draft_rankings/draft_rankings_2026_half_ppr.csv
2026,3,00-0035924,Jonathan Ward,RB,BAL,DAL,False,1.13,1.79,-2.0,-2.0,0.41,5.01,10.7,0.67,0.04,half_ppr,2026-09-22 13:17,"Pre-kickoff snapshot locked 2026-09-22 (all Week 3 games 9/24-9/28, none yet played). Live data refreshed same day (Sleeper live API blocked by sandbox proxy 403, fell back to committed snapshot - see data/fallback/README). Manual weekly-out overrides applied for confirmed Week 3 absences: Jayden Daniels (WAS QB, elbow, Mariota starting), David Njoku and Charlie Kolar (both LAC TE, placed on IR after Week 2, min 4 games) - all via multi-source web confirmation (ESPN/CBS/NFL.com/Chargers.com), not yet reflected in Sleeper's live feed.",/home/user/ffcc/output/draft_rankings/draft_rankings_2026_half_ppr.csv
2026,3,00-0040211,Graham Mertz,QB,HOU,IND,False,1.04,1.79,-2.0,-2.0,2.33,8.34,13.71,0.53,0.03,half_ppr,2026-09-22 13:17,"Pre-kickoff snapshot locked 2026-09-22 (all Week 3 games 9/24-9/28, none yet played). Live data refreshed same day (Sleeper live API blocked by sandbox proxy 403, fell back to committed snapshot - see data/fallback/README). Manual weekly-out overrides applied for confirmed Week 3 absences: Jayden Daniels (WAS QB, elbow, Mariota starting), David Njoku and Charlie Kolar (both LAC TE, placed on IR after Week 2, min 4 games) - all via multi-source web confirmation (ESPN/CBS/NFL.com/Chargers.com), not yet reflected in Sleeper's live feed.",/home/user/ffcc/output/draft_rankings/draft_rankings_2026_half_ppr.csv
2026,3,00-0040075,LaJohntay Wester,WR,BAL,DAL,False,1.32,1.79,-2.0,-2.0,0.45,4.15,9.31,0.7,0.03,half_ppr,2026-09-22 13:17,"Pre-kickoff snapshot locked 2026-09-22 (all Week 3 games 9/24-9/28, none yet played). Live data refreshed same day (Sleeper live API blocked by sandbox proxy 403, fell back to committed snapshot - see data/fallback/README). Manual weekly-out overrides applied for confirmed Week 3 absences: Jayden Daniels (WAS QB, elbow, Mariota starting), David Njoku and Charlie Kolar (both LAC TE, placed on IR after Week 2, min 4 games) - all via multi-source web confirmation (ESPN/CBS/NFL.com/Chargers.com), not yet reflected in Sleeper's live feed.",/home/user/ffcc/output/draft_rankings/draft_rankings_2026_half_ppr.csv
2026,3,00-0040205,Kalel Mullings,RB,TEN,NYG,False,1.18,1.78,-2.0,-1.99,0.42,4.92,10.85,0.67,0.04,half_ppr,2026-09-22 13:17,"Pre-kickoff snapshot locked 2026-09-22 (all Week 3 games 9/24-9/28, none yet played). Live data refreshed same day (Sleeper live API blocked by sandbox proxy 403, fell back to committed snapshot - see data/fallback/README). Manual weekly-out overrides applied for confirmed Week 3 absences: Jayden Daniels (WAS QB, elbow, Mariota starting), David Njoku and Charlie Kolar (both LAC TE, placed on IR after Week 2, min 4 games) - all via multi-source web confirmation (ESPN/CBS/NFL.com/Chargers.com), not yet reflected in Sleeper's live feed.",/home/user/ffcc/output/draft_rankings/draft_rankings_2026_half_ppr.csv
2026,3,00-0038115,Daniel Bellinger,TE,TEN,NYG,False,0.84,1.77,-2.0,-1.02,0.86,3.54,8.15,0.72,0.06,half_ppr,2026-09-22 13:17,"Pre-kickoff snapshot locked 2026-09-22 (all Week 3 games 9/24-9/28, none yet played). Live data refreshed same day (Sleeper live API blocked by sandbox proxy 403, fell back to committed snapshot - see data/fallback/README). Manual weekly-out overrides applied for confirmed Week 3 absences: Jayden Daniels (WAS QB, elbow, Mariota starting), David Njoku and Charlie Kolar (both LAC TE, placed on IR after Week 2, min 4 games) - all via multi-source web confirmation (ESPN/CBS/NFL.com/Chargers.com), not yet reflected in Sleeper's live feed.",/home/user/ffcc/output/draft_rankings/draft_rankings_2026_half_ppr.csv
2026,3,00-0040154,Tai Felton,WR,MIN,TB,False,1.01,1.76,-2.0,-2.0,0.45,4.25,9.82,0.69,0.04,half_ppr,2026-09-22 13:17,"Pre-kickoff snapshot locked 2026-09-22 (all Week 3 games 9/24-9/28, none yet played). Live data refreshed same day (Sleeper live API blocked by sandbox proxy 403, fell back to committed snapshot - see data/fallback/README). Manual weekly-out overrides applied for confirmed Week 3 absences: Jayden Daniels (WAS QB, elbow, Mariota starting), David Njoku and Charlie Kolar (both LAC TE, placed on IR after Week 2, min 4 games) - all via multi-source web confirmation (ESPN/CBS/NFL.com/Chargers.com), not yet reflected in Sleeper's live feed.",/home/user/ffcc/output/draft_rankings/draft_rankings_2026_half_ppr.csv
2026,3,00-0041077,Justin Joly,TE,DEN,LA,False,0.98,1.74,-2.0,-1.14,0.8,3.53,7.68,0.72,0.06,half_ppr,2026-09-22 13:17,"Pre-kickoff snapshot locked 2026-09-22 (all Week 3 games 9/24-9/28, none yet played). Live data refreshed same day (Sleeper live API blocked by sandbox proxy 403, fell back to committed snapshot - see data/fallback/README). Manual weekly-out overrides applied for confirmed Week 3 absences: Jayden Daniels (WAS QB, elbow, Mariota starting), David Njoku and Charlie Kolar (both LAC TE, placed on IR after Week 2, min 4 games) - all via multi-source web confirmation (ESPN/CBS/NFL.com/Chargers.com), not yet reflected in Sleeper's live feed.",/home/user/ffcc/output/draft_rankings/draft_rankings_2026_half_ppr.csv
2026,3,00-0041096,Kaytron Allen,RB,WAS,SEA,False,0.79,1.74,-2.0,-2.0,0.28,4.72,10.53,0.68,0.04,half_ppr,2026-09-22 13:17,"Pre-kickoff snapshot locked 2026-09-22 (all Week 3 games 9/24-9/28, none yet played). Live data refreshed same day (Sleeper live API blocked by sandbox proxy 403, fell back to committed snapshot - see data/fallback/README). Manual weekly-out overrides applied for confirmed Week 3 absences: Jayden Daniels (WAS QB, elbow, Mariota starting), David Njoku and Charlie Kolar (both LAC TE, placed on IR after Week 2, min 4 games) - all via multi-source web confirmation (ESPN/CBS/NFL.com/Chargers.com), not yet reflected in Sleeper's live feed.",/home/user/ffcc/output/draft_rankings/draft_rankings_2026_half_ppr.csv
2026,3,00-0036906,Khalil Herbert,RB,ATL,GB,False,0.97,1.74,-2.0,-2.0,0.34,4.83,10.96,0.68,0.04,half_ppr,2026-09-22 13:17,"Pre-kickoff snapshot locked 2026-09-22 (all Week 3 games 9/24-9/28, none yet played). Live data refreshed same day (Sleeper live API blocked by sandbox proxy 403, fell back to committed snapshot - see data/fallback/README). Manual weekly-out overrides applied for confirmed Week 3 absences: Jayden Daniels (WAS QB, elbow, Mariota starting), David Njoku and Charlie Kolar (both LAC TE, placed on IR after Week 2, min 4 games) - all via multi-source web confirmation (ESPN/CBS/NFL.com/Chargers.com), not yet reflected in Sleeper's live feed.",/home/user/ffcc/output/draft_rankings/draft_rankings_2026_half_ppr.csv
2026,3,00-0036423,Albert Okwuegbunam,TE,LV,NO,False,0.93,1.71,-2.0,-1.05,0.8,3.62,8.07,0.72,0.06,half_ppr,2026-09-22 13:17,"Pre-kickoff snapshot locked 2026-09-22 (all Week 3 games 9/24-9/28, none yet played). Live data refreshed same day (Sleeper live API blocked by sandbox proxy 403, fell back to committed snapshot - see data/fallback/README). Manual weekly-out overrides applied for confirmed Week 3 absences: Jayden Daniels (WAS QB, elbow, Mariota starting), David Njoku and Charlie Kolar (both LAC TE, placed on IR after Week 2, min 4 games) - all via multi-source web confirmation (ESPN/CBS/NFL.com/Chargers.com), not yet reflected in Sleeper's live feed.",/home/user/ffcc/output/draft_rankings/draft_rankings_2026_half_ppr.csv
2026,3,00-0040879,Matthew Hibner,TE,BAL,DAL,False,0.91,1.71,-2.0,-1.07,0.82,3.52,8.18,0.72,0.06,half_ppr,2026-09-22 13:17,"Pre-kickoff snapshot locked 2026-09-22 (all Week 3 games 9/24-9/28, none yet played). Live data refreshed same day (Sleeper live API blocked by sandbox proxy 403, fell back to committed snapshot - see data/fallback/README). Manual weekly-out overrides applied for confirmed Week 3 absences: Jayden Daniels (WAS QB, elbow, Mariota starting), David Njoku and Charlie Kolar (both LAC TE, placed on IR after Week 2, min 4 games) - all via multi-source web confirmation (ESPN/CBS/NFL.com/Chargers.com), not yet reflected in Sleeper's live feed.",/home/user/ffcc/output/draft_rankings/draft_rankings_2026_half_ppr.csv
2026,3,00-0041397,Kaden Wetjen,WR,PIT,CIN,False,0.83,1.71,-2.0,-2.0,0.37,4.26,9.65,0.69,0.03,half_ppr,2026-09-22 13:17,"Pre-kickoff snapshot locked 2026-09-22 (all Week 3 games 9/24-9/28, none yet played). Live data refreshed same day (Sleeper live API blocked by sandbox proxy 403, fell back to committed snapshot - see data/fallback/README). Manual weekly-out overrides applied for confirmed Week 3 absences: Jayden Daniels (WAS QB, elbow, Mariota starting), David Njoku and Charlie Kolar (both LAC TE, placed on IR after Week 2, min 4 games) - all via multi-source web confirmation (ESPN/CBS/NFL.com/Chargers.com), not yet reflected in Sleeper's live feed.",/home/user/ffcc/output/draft_rankings/draft_rankings_2026_half_ppr.csv
2026,3,00-0039365,Jacob Cowing,WR,SF,ARI,False,0.97,1.7,-2.0,-2.0,0.4,4.04,9.42,0.7,0.03,half_ppr,2026-09-22 13:17,"Pre-kickoff snapshot locked 2026-09-22 (all Week 3 games 9/24-9/28, none yet played). Live data refreshed same day (Sleeper live API blocked by sandbox proxy 403, fell back to committed snapshot - see data/fallback/README). Manual weekly-out overrides applied for confirmed Week 3 absences: Jayden Daniels (WAS QB, elbow, Mariota starting), David Njoku and Charlie Kolar (both LAC TE, placed on IR after Week 2, min 4 games) - all via multi-source web confirmation (ESPN/CBS/NFL.com/Chargers.com), not yet reflected in Sleeper's live feed.",/home/user/ffcc/output/draft_rankings/draft_rankings_2026_half_ppr.csv
2026,3,00-0041125,Seth McGowan,RB,IND,HOU,False,0.9,1.67,-2.0,-2.0,0.27,4.68,10.61,0.68,0.04,half_ppr,2026-09-22 13:17,"Pre-kickoff snapshot locked 2026-09-22 (all Week 3 games 9/24-9/28, none yet played). Live data refreshed same day (Sleeper live API blocked by sandbox proxy 403, fell back to committed snapshot - see data/fallback/README). Manual weekly-out overrides applied for confirmed Week 3 absences: Jayden Daniels (WAS QB, elbow, Mariota starting), David Njoku and Charlie Kolar (both LAC TE, placed on IR after Week 2, min 4 games) - all via multi-source web confirmation (ESPN/CBS/NFL.com/Chargers.com), not yet reflected in Sleeper's live feed.",/home/user/ffcc/output/draft_rankings/draft_rankings_2026_half_ppr.csv
2026,3,00-0037093,Dareke Young,WR,LV,NO,False,0.91,1.67,-2.0,-2.0,0.28,4.03,9.3,0.71,0.03,half_ppr,2026-09-22 13:17,"Pre-kickoff snapshot locked 2026-09-22 (all Week 3 games 9/24-9/28, none yet played). Live data refreshed same day (Sleeper live API blocked by sandbox proxy 403, fell back to committed snapshot - see data/fallback/README). Manual weekly-out overrides applied for confirmed Week 3 absences: Jayden Daniels (WAS QB, elbow, Mariota starting), David Njoku and Charlie Kolar (both LAC TE, placed on IR after Week 2, min 4 games) - all via multi-source web confirmation (ESPN/CBS/NFL.com/Chargers.com), not yet reflected in Sleeper's live feed.",/home/user/ffcc/output/draft_rankings/draft_rankings_2026_half_ppr.csv
2026,3,00-0034577,Kyle Allen,QB,BUF,LAC,False,0.77,1.66,-2.0,-2.0,1.94,8.06,13.49,0.55,0.03,half_ppr,2026-09-22 13:17,"Pre-kickoff snapshot locked 2026-09-22 (all Week 3 games 9/24-9/28, none yet played). Live data refreshed same day (Sleeper live API blocked by sandbox proxy 403, fell back to committed snapshot - see data/fallback/README). Manual weekly-out overrides applied for confirmed Week 3 absences: Jayden Daniels (WAS QB, elbow, Mariota starting), David Njoku and Charlie Kolar (both LAC TE, placed on IR after Week 2, min 4 games) - all via multi-source web confirmation (ESPN/CBS/NFL.com/Chargers.com), not yet reflected in Sleeper's live feed.",/home/user/ffcc/output/draft_rankings/draft_rankings_2026_half_ppr.csv
2026,3,00-0041084,Tanner Koziol,TE,JAX,NE,False,1.09,1.65,-2.0,-1.12,0.74,3.47,7.89,0.73,0.06,half_ppr,2026-09-22 13:17,"Pre-kickoff snapshot locked 2026-09-22 (all Week 3 games 9/24-9/28, none yet played). Live data refreshed same day (Sleeper live API blocked by sandbox proxy 403, fell back to committed snapshot - see data/fallback/README). Manual weekly-out overrides applied for confirmed Week 3 absences: Jayden Daniels (WAS QB, elbow, Mariota starting), David Njoku and Charlie Kolar (both LAC TE, placed on IR after Week 2, min 4 games) - all via multi-source web confirmation (ESPN/CBS/NFL.com/Chargers.com), not yet reflected in Sleeper's live feed.",/home/user/ffcc/output/draft_rankings/draft_rankings_2026_half_ppr.csv
2026,3,00-0037557,Ronnie Rivers,RB,LA,DEN,False,0.78,1.64,-2.0,-2.0,0.25,4.71,10.48,0.68,0.04,half_ppr,2026-09-22 13:17,"Pre-kickoff snapshot locked 2026-09-22 (all Week 3 games 9/24-9/28, none yet played). Live data refreshed same day (Sleeper live API blocked by sandbox proxy 403, fell back to committed snapshot - see data/fallback/README). Manual weekly-out overrides applied for confirmed Week 3 absences: Jayden Daniels (WAS QB, elbow, Mariota starting), David Njoku and Charlie Kolar (both LAC TE, placed on IR after Week 2, min 4 games) - all via multi-source web confirmation (ESPN/CBS/NFL.com/Chargers.com), not yet reflected in Sleeper's live feed.",/home/user/ffcc/output/draft_rankings/draft_rankings_2026_half_ppr.csv
2026,3,00-0039603,British Brooks,RB,HOU,IND,False,0.91,1.61,-2.0,-2.0,0.23,4.63,10.57,0.68,0.04,half_ppr,2026-09-22 13:17,"Pre-kickoff snapshot locked 2026-09-22 (all Week 3 games 9/24-9/28, none yet played). Live data refreshed same day (Sleeper live API blocked by sandbox proxy 403, fell back to committed snapshot - see data/fallback/README). Manual weekly-out overrides applied for confirmed Week 3 absences: Jayden Daniels (WAS QB, elbow, Mariota starting), David Njoku and Charlie Kolar (both LAC TE, placed on IR after Week 2, min 4 games) - all via multi-source web confirmation (ESPN/CBS/NFL.com/Chargers.com), not yet reflected in Sleeper's live feed.",/home/user/ffcc/output/draft_rankings/draft_rankings_2026_half_ppr.csv
2026,3,00-0040184,KeAndre Lambert-Smith,WR,LAC,BUF,False,0.86,1.61,-2.0,-2.0,0.28,4.14,9.44,0.7,0.03,half_ppr,2026-09-22 13:17,"Pre-kickoff snapshot locked 2026-09-22 (all Week 3 games 9/24-9/28, none yet played). Live data refreshed same day (Sleeper live API blocked by sandbox proxy 403, fell back to committed snapshot - see data/fallback/README). Manual weekly-out overrides applied for confirmed Week 3 absences: Jayden Daniels (WAS QB, elbow, Mariota starting), David Njoku and Charlie Kolar (both LAC TE, placed on IR after Week 2, min 4 games) - all via multi-source web confirmation (ESPN/CBS/NFL.com/Chargers.com), not yet reflected in Sleeper's live feed.",/home/user/ffcc/output/draft_rankings/draft_rankings_2026_half_ppr.csv
2026,3,00-0040429,Josh Williams,RB,TB,MIN,False,0.9,1.61,-2.0,-2.0,0.23,4.64,10.42,0.68,0.04,half_ppr,2026-09-22 13:17,"Pre-kickoff snapshot locked 2026-09-22 (all Week 3 games 9/24-9/28, none yet played). Live data refreshed same day (Sleeper live API blocked by sandbox proxy 403, fell back to committed snapshot - see data/fallback/README). Manual weekly-out overrides applied for confirmed Week 3 absences: Jayden Daniels (WAS QB, elbow, Mariota starting), David Njoku and Charlie Kolar (both LAC TE, placed on IR after Week 2, min 4 games) - all via multi-source web confirmation (ESPN/CBS/NFL.com/Chargers.com), not yet reflected in Sleeper's live feed.",/home/user/ffcc/output/draft_rankings/draft_rankings_2026_half_ppr.csv
2026,3,00-0039144,Luke Musgrave,TE,GB,ATL,False,0.76,1.61,-2.0,-1.23,0.7,3.45,7.84,0.73,0.06,half_ppr,2026-09-22 13:17,"Pre-kickoff snapshot locked 2026-09-22 (all Week 3 games 9/24-9/28, none yet played). Live data refreshed same day (Sleeper live API blocked by sandbox proxy 403, fell back to committed snapshot - see data/fallback/README). Manual weekly-out overrides applied for confirmed Week 3 absences: Jayden Daniels (WAS QB, elbow, Mariota starting), David Njoku and Charlie Kolar (both LAC TE, placed on IR after Week 2, min 4 games) - all via multi-source web confirmation (ESPN/CBS/NFL.com/Chargers.com), not yet reflected in Sleeper's live feed.",/home/user/ffcc/output/draft_rankings/draft_rankings_2026_half_ppr.csv
2026,3,00-0041092,Taylen Green,QB,CLE,CAR,False,0.85,1.6,-2.0,-2.0,2.14,8.14,13.37,0.54,0.03,half_ppr,2026-09-22 13:17,"Pre-kickoff snapshot locked 2026-09-22 (all Week 3 games 9/24-9/28, none yet played). Live data refreshed same day (Sleeper live API blocked by sandbox proxy 403, fell back to committed snapshot - see data/fallback/README). Manual weekly-out overrides applied for confirmed Week 3 absences: Jayden Daniels (WAS QB, elbow, Mariota starting), David Njoku and Charlie Kolar (both LAC TE, placed on IR after Week 2, min 4 games) - all via multi-source web confirmation (ESPN/CBS/NFL.com/Chargers.com), not yet reflected in Sleeper's live feed.",/home/user/ffcc/output/draft_rankings/draft_rankings_2026_half_ppr.csv
2026,3,00-0036497,Tim Jones,WR,JAX,NE,False,0.96,1.59,-2.0,-2.0,0.34,4.07,9.43,0.7,0.03,half_ppr,2026-09-22 13:17,"Pre-kickoff snapshot locked 2026-09-22 (all Week 3 games 9/24-9/28, none yet played). Live data refreshed same day (Sleeper live API blocked by sandbox proxy 403, fell back to committed snapshot - see data/fallback/README). Manual weekly-out overrides applied for confirmed Week 3 absences: Jayden Daniels (WAS QB, elbow, Mariota starting), David Njoku and Charlie Kolar (both LAC TE, placed on IR after Week 2, min 4 games) - all via multi-source web confirmation (ESPN/CBS/NFL.com/Chargers.com), not yet reflected in Sleeper's live feed.",/home/user/ffcc/output/draft_rankings/draft_rankings_2026_half_ppr.csv
2026,3,00-0034272,Marquez Valdes-Scantling,WR,LAC,BUF,False,0.86,1.59,-2.0,-2.0,0.31,4.09,9.55,0.7,0.03,half_ppr,2026-09-22 13:17,"Pre-kickoff snapshot locked 2026-09-22 (all Week 3 games 9/24-9/28, none yet played). Live data refreshed same day (Sleeper live API blocked by sandbox proxy 403, fell back to committed snapshot - see data/fallback/README). Manual weekly-out overrides applied for confirmed Week 3 absences: Jayden Daniels (WAS QB, elbow, Mariota starting), David Njoku and Charlie Kolar (both LAC TE, placed on IR after Week 2, min 4 games) - all via multi-source web confirmation (ESPN/CBS/NFL.com/Chargers.com), not yet reflected in Sleeper's live feed.",/home/user/ffcc/output/draft_rankings/draft_rankings_2026_half_ppr.csv
2026,3,00-0038409,Lew Nichols III,RB,PIT,CIN,False,1.31,1.58,-2.0,-2.0,0.11,4.52,10.33,0.69,0.04,half_ppr,2026-09-22 13:17,"Pre-kickoff snapshot locked 2026-09-22 (all Week 3 games 9/24-9/28, none yet played). Live data refreshed same day (Sleeper live API blocked by sandbox proxy 403, fell back to committed snapshot - see data/fallback/README). Manual weekly-out overrides applied for confirmed Week 3 absences: Jayden Daniels (WAS QB, elbow, Mariota starting), David Njoku and Charlie Kolar (both LAC TE, placed on IR after Week 2, min 4 games) - all via multi-source web confirmation (ESPN/CBS/NFL.com/Chargers.com), not yet reflected in Sleeper's live feed.",/home/user/ffcc/output/draft_rankings/draft_rankings_2026_half_ppr.csv
2026,3,00-0037156,Irvin Charles,WR,SEA,WAS,False,1.14,1.57,-2.0,-2.0,0.17,3.95,9.29,0.71,0.03,half_ppr,2026-09-22 13:17,"Pre-kickoff snapshot locked 2026-09-22 (all Week 3 games 9/24-9/28, none yet played). Live data refreshed same day (Sleeper live API blocked by sandbox proxy 403, fell back to committed snapshot - see data/fallback/README). Manual weekly-out overrides applied for confirmed Week 3 absences: Jayden Daniels (WAS QB, elbow, Mariota starting), David Njoku and Charlie Kolar (both LAC TE, placed on IR after Week 2, min 4 games) - all via multi-source web confirmation (ESPN/CBS/NFL.com/Chargers.com), not yet reflected in Sleeper's live feed.",/home/user/ffcc/output/draft_rankings/draft_rankings_2026_half_ppr.csv
2026,3,00-0036646,Simi Fehoko,WR,ARI,SF,False,1.04,1.57,-2.0,-2.0,0.2,3.99,9.36,0.7,0.03,half_ppr,2026-09-22 13:17,"Pre-kickoff snapshot locked 2026-09-22 (all Week 3 games 9/24-9/28, none yet played). Live data refreshed same day (Sleeper live API blocked by sandbox proxy 403, fell back to committed snapshot - see data/fallback/README). Manual weekly-out overrides applied for confirmed Week 3 absences: Jayden Daniels (WAS QB, elbow, Mariota starting), David Njoku and Charlie Kolar (both LAC TE, placed on IR after Week 2, min 4 games) - all via multi-source web confirmation (ESPN/CBS/NFL.com/Chargers.com), not yet reflected in Sleeper's live feed.",/home/user/ffcc/output/draft_rankings/draft_rankings_2026_half_ppr.csv
2026,3,00-0039266,Kendall Milton,RB,CIN,PIT,False,0.87,1.56,-2.0,-2.0,0.15,4.55,10.52,0.69,0.04,half_ppr,2026-09-22 13:17,"Pre-kickoff snapshot locked 2026-09-22 (all Week 3 games 9/24-9/28, none yet played). Live data refreshed same day (Sleeper live API blocked by sandbox proxy 403, fell back to committed snapshot - see data/fallback/README). Manual weekly-out overrides applied for confirmed Week 3 absences: Jayden Daniels (WAS QB, elbow, Mariota starting), David Njoku and Charlie Kolar (both LAC TE, placed on IR after Week 2, min 4 games) - all via multi-source web confirmation (ESPN/CBS/NFL.com/Chargers.com), not yet reflected in Sleeper's live feed.",/home/user/ffcc/output/draft_rankings/draft_rankings_2026_half_ppr.csv
2026,3,00-0035891,Cody White,WR,LV,NO,False,0.91,1.56,-2.0,-2.0,0.22,3.89,9.21,0.71,0.03,half_ppr,2026-09-22 13:17,"Pre-kickoff snapshot locked 2026-09-22 (all Week 3 games 9/24-9/28, none yet played). Live data refreshed same day (Sleeper live API blocked by sandbox proxy 403, fell back to committed snapshot - see data/fallback/README). Manual weekly-out overrides applied for confirmed Week 3 absences: Jayden Daniels (WAS QB, elbow, Mariota starting), David Njoku and Charlie Kolar (both LAC TE, placed on IR after Week 2, min 4 games) - all via multi-source web confirmation (ESPN/CBS/NFL.com/Chargers.com), not yet reflected in Sleeper's live feed.",/home/user/ffcc/output/draft_rankings/draft_rankings_2026_half_ppr.csv
2026,3,00-0040895,Emmanuel Henderson Jr.,WR,SEA,WAS,False,1.14,1.55,-2.0,-2.0,0.21,4.05,9.49,0.7,0.04,half_ppr,2026-09-22 13:17,"Pre-kickoff snapshot locked 2026-09-22 (all Week 3 games 9/24-9/28, none yet played). Live data refreshed same day (Sleeper live API blocked by sandbox proxy 403, fell back to committed snapshot - see data/fallback/README). Manual weekly-out overrides applied for confirmed Week 3 absences: Jayden Daniels (WAS QB, elbow, Mariota starting), David Njoku and Charlie Kolar (both LAC TE, placed on IR after Week 2, min 4 games) - all via multi-source web confirmation (ESPN/CBS/NFL.com/Chargers.com), not yet reflected in Sleeper's live feed.",/home/user/ffcc/output/draft_rankings/draft_rankings_2026_half_ppr.csv
2026,3,00-0041558,Sam Roush,TE,CHI,PHI,False,0.6,1.55,-2.0,-1.27,0.64,3.37,7.59,0.73,0.06,half_ppr,2026-09-22 13:17,"Pre-kickoff snapshot locked 2026-09-22 (all Week 3 games 9/24-9/28, none yet played). Live data refreshed same day (Sleeper live API blocked by sandbox proxy 403, fell back to committed snapshot - see data/fallback/README). Manual weekly-out overrides applied for confirmed Week 3 absences: Jayden Daniels (WAS QB, elbow, Mariota starting), David Njoku and Charlie Kolar (both LAC TE, placed on IR after Week 2, min 4 games) - all via multi-source web confirmation (ESPN/CBS/NFL.com/Chargers.com), not yet reflected in Sleeper's live feed.",/home/user/ffcc/output/draft_rankings/draft_rankings_2026_half_ppr.csv
2026,3,00-0037004,Hunter Long,TE,ARI,SF,False,1.12,1.54,-2.0,-1.24,0.65,3.49,7.52,0.73,0.05,half_ppr,2026-09-22 13:17,"Pre-kickoff snapshot locked 2026-09-22 (all Week 3 games 9/24-9/28, none yet played). Live data refreshed same day (Sleeper live API blocked by sandbox proxy 403, fell back to committed snapshot - see data/fallback/README). Manual weekly-out overrides applied for confirmed Week 3 absences: Jayden Daniels (WAS QB, elbow, Mariota starting), David Njoku and Charlie Kolar (both LAC TE, placed on IR after Week 2, min 4 games) - all via multi-source web confirmation (ESPN/CBS/NFL.com/Chargers.com), not yet reflected in Sleeper's live feed.",/home/user/ffcc/output/draft_rankings/draft_rankings_2026_half_ppr.csv
2026,3,00-0039244,Chris Collier,RB,LV,NO,False,0.96,1.53,-2.0,-2.0,0.21,4.78,10.56,0.68,0.04,half_ppr,2026-09-22 13:17,"Pre-kickoff snapshot locked 2026-09-22 (all Week 3 games 9/24-9/28, none yet played). Live data refreshed same day (Sleeper live API blocked by sandbox proxy 403, fell back to committed snapshot - see data/fallback/README). Manual weekly-out overrides applied for confirmed Week 3 absences: Jayden Daniels (WAS QB, elbow, Mariota starting), David Njoku and Charlie Kolar (both LAC TE, placed on IR after Week 2, min 4 games) - all via multi-source web confirmation (ESPN/CBS/NFL.com/Chargers.com), not yet reflected in Sleeper's live feed.",/home/user/ffcc/output/draft_rankings/draft_rankings_2026_half_ppr.csv
2026,3,00-0038589,Josh Whyle,TE,GB,ATL,False,0.76,1.52,-2.0,-1.33,0.55,3.36,7.6,0.73,0.05,half_ppr,2026-09-22 13:17,"Pre-kickoff snapshot locked 2026-09-22 (all Week 3 games 9/24-9/28, none yet played). Live data refreshed same day (Sleeper live API blocked by sandbox proxy 403, fell back to committed snapshot - see data/fallback/README). Manual weekly-out overrides applied for confirmed Week 3 absences: Jayden Daniels (WAS QB, elbow, Mariota starting), David Njoku and Charlie Kolar (both LAC TE, placed on IR after Week 2, min 4 games) - all via multi-source web confirmation (ESPN/CBS/NFL.com/Chargers.com), not yet reflected in Sleeper's live feed.",/home/user/ffcc/output/draft_rankings/draft_rankings_2026_half_ppr.csv
2026,3,00-0037086,Grant Calcaterra,TE,PHI,CHI,False,0.96,1.52,-2.0,-1.28,0.58,3.3,7.64,0.74,0.06,half_ppr,2026-09-22 13:17,"Pre-kickoff snapshot locked 2026-09-22 (all Week 3 games 9/24-9/28, none yet played). Live data refreshed same day (Sleeper live API blocked by sandbox proxy 403, fell back to committed snapshot - see data/fallback/README). Manual weekly-out overrides applied for confirmed Week 3 absences: Jayden Daniels (WAS QB, elbow, Mariota starting), David Njoku and Charlie Kolar (both LAC TE, placed on IR after Week 2, min 4 games) - all via multi-source web confirmation (ESPN/CBS/NFL.com/Chargers.com), not yet reflected in Sleeper's live feed.",/home/user/ffcc/output/draft_rankings/draft_rankings_2026_half_ppr.csv
2026,3,00-0040646,Jalen Royals,WR,KC,MIA,False,0.97,1.52,-2.0,-2.0,0.09,3.9,9.04,0.71,0.03,half_ppr,2026-09-22 13:17,"Pre-kickoff snapshot locked 2026-09-22 (all Week 3 games 9/24-9/28, none yet played). Live data refreshed same day (Sleeper live API blocked by sandbox proxy 403, fell back to committed snapshot - see data/fallback/README). Manual weekly-out overrides applied for confirmed Week 3 absences: Jayden Daniels (WAS QB, elbow, Mariota starting), David Njoku and Charlie Kolar (both LAC TE, placed on IR after Week 2, min 4 games) - all via multi-source web confirmation (ESPN/CBS/NFL.com/Chargers.com), not yet reflected in Sleeper's live feed.",/home/user/ffcc/output/draft_rankings/draft_rankings_2026_half_ppr.csv
2026,3,00-0038953,Dylan Drummond,WR,ATL,GB,False,1.02,1.52,-2.0,-2.0,0.09,3.83,9.12,0.71,0.03,half_ppr,2026-09-22 13:17,"Pre-kickoff snapshot locked 2026-09-22 (all Week 3 games 9/24-9/28, none yet played). Live data refreshed same day (Sleeper live API blocked by sandbox proxy 403, fell back to committed snapshot - see data/fallback/README). Manual weekly-out overrides applied for confirmed Week 3 absences: Jayden Daniels (WAS QB, elbow, Mariota starting), David Njoku and Charlie Kolar (both LAC TE, placed on IR after Week 2, min 4 games) - all via multi-source web confirmation (ESPN/CBS/NFL.com/Chargers.com), not yet reflected in Sleeper's live feed.",/home/user/ffcc/output/draft_rankings/draft_rankings_2026_half_ppr.csv
2026,3,00-0034365,Ian Thomas,TE,LV,NO,False,0.93,1.52,-2.0,-1.3,0.64,3.35,7.68,0.73,0.05,half_ppr,2026-09-22 13:17,"Pre-kickoff snapshot locked 2026-09-22 (all Week 3 games 9/24-9/28, none yet played). Live data refreshed same day (Sleeper live API blocked by sandbox proxy 403, fell back to committed snapshot - see data/fallback/README). Manual weekly-out overrides applied for confirmed Week 3 absences: Jayden Daniels (WAS QB, elbow, Mariota starting), David Njoku and Charlie Kolar (both LAC TE, placed on IR after Week 2, min 4 games) - all via multi-source web confirmation (ESPN/CBS/NFL.com/Chargers.com), not yet reflected in Sleeper's live feed.",/home/user/ffcc/output/draft_rankings/draft_rankings_2026_half_ppr.csv
2026,3,00-0034407,Ray-Ray McCloud,WR,CHI,PHI,False,0.85,1.51,-2.0,-2.0,0.12,3.77,9.09,0.71,0.03,half_ppr,2026-09-22 13:17,"Pre-kickoff snapshot locked 2026-09-22 (all Week 3 games 9/24-9/28, none yet played). Live data refreshed same day (Sleeper live API blocked by sandbox proxy 403, fell back to committed snapshot - see data/fallback/README). Manual weekly-out overrides applied for confirmed Week 3 absences: Jayden Daniels (WAS QB, elbow, Mariota starting), David Njoku and Charlie Kolar (both LAC TE, placed on IR after Week 2, min 4 games) - all via multi-source web confirmation (ESPN/CBS/NFL.com/Chargers.com), not yet reflected in Sleeper's live feed.",/home/user/ffcc/output/draft_rankings/draft_rankings_2026_half_ppr.csv
2026,3,00-0040589,Kurtis Rourke,QB,SF,ARI,False,1.04,1.51,-2.0,-2.0,1.74,7.89,13.28,0.56,0.03,half_ppr,2026-09-22 13:17,"Pre-kickoff snapshot locked 2026-09-22 (all Week 3 games 9/24-9/28, none yet played). Live data refreshed same day (Sleeper live API blocked by sandbox proxy 403, fell back to committed snapshot - see data/fallback/README). Manual weekly-out overrides applied for confirmed Week 3 absences: Jayden Daniels (WAS QB, elbow, Mariota starting), David Njoku and Charlie Kolar (both LAC TE, placed on IR after Week 2, min 4 games) - all via multi-source web confirmation (ESPN/CBS/NFL.com/Chargers.com), not yet reflected in Sleeper's live feed.",/home/user/ffcc/output/draft_rankings/draft_rankings_2026_half_ppr.csv
2026,3,00-0036187,Reggie Gilliam,RB,NE,JAX,False,0.81,1.48,-2.0,-2.0,0.12,4.61,10.44,0.68,0.04,half_ppr,2026-09-22 13:17,"Pre-kickoff snapshot locked 2026-09-22 (all Week 3 games 9/24-9/28, none yet played). Live data refreshed same day (Sleeper live API blocked by sandbox proxy 403, fell back to committed snapshot - see data/fallback/README). Manual weekly-out overrides applied for confirmed Week 3 absences: Jayden Daniels (WAS QB, elbow, Mariota starting), David Njoku and Charlie Kolar (both LAC TE, placed on IR after Week 2, min 4 games) - all via multi-source web confirmation (ESPN/CBS/NFL.com/Chargers.com), not yet reflected in Sleeper's live feed.",/home/user/ffcc/output/draft_rankings/draft_rankings_2026_half_ppr.csv
2026,3,00-0032398,Chris Moore,WR,BAL,DAL,False,1.32,1.47,-2.0,-2.0,0.11,3.87,9.23,0.71,0.03,half_ppr,2026-09-22 13:17,"Pre-kickoff snapshot locked 2026-09-22 (all Week 3 games 9/24-9/28, none yet played). Live data refreshed same day (Sleeper live API blocked by sandbox proxy 403, fell back to committed snapshot - see data/fallback/README). Manual weekly-out overrides applied for confirmed Week 3 absences: Jayden Daniels (WAS QB, elbow, Mariota starting), David Njoku and Charlie Kolar (both LAC TE, placed on IR after Week 2, min 4 games) - all via multi-source web confirmation (ESPN/CBS/NFL.com/Chargers.com), not yet reflected in Sleeper's live feed.",/home/user/ffcc/output/draft_rankings/draft_rankings_2026_half_ppr.csv
2026,3,00-0040556,Corey Kiner,RB,NE,JAX,False,0.81,1.47,-2.0,-2.0,0.04,4.63,10.5,0.69,0.04,half_ppr,2026-09-22 13:17,"Pre-kickoff snapshot locked 2026-09-22 (all Week 3 games 9/24-9/28, none yet played). Live data refreshed same day (Sleeper live API blocked by sandbox proxy 403, fell back to committed snapshot - see data/fallback/README). Manual weekly-out overrides applied for confirmed Week 3 absences: Jayden Daniels (WAS QB, elbow, Mariota starting), David Njoku and Charlie Kolar (both LAC TE, placed on IR after Week 2, min 4 games) - all via multi-source web confirmation (ESPN/CBS/NFL.com/Chargers.com), not yet reflected in Sleeper's live feed.",/home/user/ffcc/output/draft_rankings/draft_rankings_2026_half_ppr.csv
2026,3,00-0039236,Johnny Wilson,WR,PHI,CHI,False,1.21,1.46,-2.0,-2.0,0.12,3.93,9.4,0.71,0.03,half_ppr,2026-09-22 13:17,"Pre-kickoff snapshot locked 2026-09-22 (all Week 3 games 9/24-9/28, none yet played). Live data refreshed same day (Sleeper live API blocked by sandbox proxy 403, fell back to committed snapshot - see data/fallback/README). Manual weekly-out overrides applied for confirmed Week 3 absences: Jayden Daniels (WAS QB, elbow, Mariota starting), David Njoku and Charlie Kolar (both LAC TE, placed on IR after Week 2, min 4 games) - all via multi-source web confirmation (ESPN/CBS/NFL.com/Chargers.com), not yet reflected in Sleeper's live feed.",/home/user/ffcc/output/draft_rankings/draft_rankings_2026_half_ppr.csv
2026,3,00-0040218,Jimmy Horn Jr.,WR,CLE,CAR,False,0.86,1.45,-2.0,-2.0,0.09,3.98,9.32,0.71,0.03,half_ppr,2026-09-22 13:17,"Pre-kickoff snapshot locked 2026-09-22 (all Week 3 games 9/24-9/28, none yet played). Live data refreshed same day (Sleeper live API blocked by sandbox proxy 403, fell back to committed snapshot - see data/fallback/README). Manual weekly-out overrides applied for confirmed Week 3 absences: Jayden Daniels (WAS QB, elbow, Mariota starting), David Njoku and Charlie Kolar (both LAC TE, placed on IR after Week 2, min 4 games) - all via multi-source web confirmation (ESPN/CBS/NFL.com/Chargers.com), not yet reflected in Sleeper's live feed.",/home/user/ffcc/output/draft_rankings/draft_rankings_2026_half_ppr.csv
2026,3,00-0041529,Kevin Coleman,WR,MIA,KC,False,0.87,1.45,-2.0,-2.0,0.05,3.83,9.11,0.71,0.03,half_ppr,2026-09-22 13:17,"Pre-kickoff snapshot locked 2026-09-22 (all Week 3 games 9/24-9/28, none yet played). Live data refreshed same day (Sleeper live API blocked by sandbox proxy 403, fell back to committed snapshot - see data/fallback/README). Manual weekly-out overrides applied for confirmed Week 3 absences: Jayden Daniels (WAS QB, elbow, Mariota starting), David Njoku and Charlie Kolar (both LAC TE, placed on IR after Week 2, min 4 games) - all via multi-source web confirmation (ESPN/CBS/NFL.com/Chargers.com), not yet reflected in Sleeper's live feed.",/home/user/ffcc/output/draft_rankings/draft_rankings_2026_half_ppr.csv
2026,3,00-0038519,Nikko Remigio,WR,KC,MIA,False,0.97,1.45,-2.0,-2.0,0.12,3.98,9.14,0.7,0.03,half_ppr,2026-09-22 13:17,"Pre-kickoff snapshot locked 2026-09-22 (all Week 3 games 9/24-9/28, none yet played). Live data refreshed same day (Sleeper live API blocked by sandbox proxy 403, fell back to committed snapshot - see data/fallback/README). Manual weekly-out overrides applied for confirmed Week 3 absences: Jayden Daniels (WAS QB, elbow, Mariota starting), David Njoku and Charlie Kolar (both LAC TE, placed on IR after Week 2, min 4 games) - all via multi-source web confirmation (ESPN/CBS/NFL.com/Chargers.com), not yet reflected in Sleeper's live feed.",/home/user/ffcc/output/draft_rankings/draft_rankings_2026_half_ppr.csv
2026,3,00-0040039,Amar Johnson,RB,LAC,BUF,False,1.11,1.45,-2.0,-2.0,0.11,4.62,10.4,0.68,0.04,half_ppr,2026-09-22 13:17,"Pre-kickoff snapshot locked 2026-09-22 (all Week 3 games 9/24-9/28, none yet played). Live data refreshed same day (Sleeper live API blocked by sandbox proxy 403, fell back to committed snapshot - see data/fallback/README). Manual weekly-out overrides applied for confirmed Week 3 absences: Jayden Daniels (WAS QB, elbow, Mariota starting), David Njoku and Charlie Kolar (both LAC TE, placed on IR after Week 2, min 4 games) - all via multi-source web confirmation (ESPN/CBS/NFL.com/Chargers.com), not yet reflected in Sleeper's live feed.",/home/user/ffcc/output/draft_rankings/draft_rankings_2026_half_ppr.csv
2026,3,00-0035298,Scott Miller,WR,CHI,PHI,False,0.85,1.44,-2.0,-2.0,0.02,3.79,9.14,0.72,0.03,half_ppr,2026-09-22 13:17,"Pre-kickoff snapshot locked 2026-09-22 (all Week 3 games 9/24-9/28, none yet played). Live data refreshed same day (Sleeper live API blocked by sandbox proxy 403, fell back to committed snapshot - see data/fallback/README). Manual weekly-out overrides applied for confirmed Week 3 absences: Jayden Daniels (WAS QB, elbow, Mariota starting), David Njoku and Charlie Kolar (both LAC TE, placed on IR after Week 2, min 4 games) - all via multi-source web confirmation (ESPN/CBS/NFL.com/Chargers.com), not yet reflected in Sleeper's live feed.",/home/user/ffcc/output/draft_rankings/draft_rankings_2026_half_ppr.csv
2026,3,00-0036387,Jalen Reagor,WR,MIA,KC,False,0.87,1.43,-2.0,-2.0,0.03,3.81,9.07,0.71,0.03,half_ppr,2026-09-22 13:17,"Pre-kickoff snapshot locked 2026-09-22 (all Week 3 games 9/24-9/28, none yet played). Live data refreshed same day (Sleeper live API blocked by sandbox proxy 403, fell back to committed snapshot - see data/fallback/README). Manual weekly-out overrides applied for confirmed Week 3 absences: Jayden Daniels (WAS QB, elbow, Mariota starting), David Njoku and Charlie Kolar (both LAC TE, placed on IR after Week 2, min 4 games) - all via multi-source web confirmation (ESPN/CBS/NFL.com/Chargers.com), not yet reflected in Sleeper's live feed.",/home/user/ffcc/output/draft_rankings/draft_rankings_2026_half_ppr.csv
2026,3,00-0040894,Malik Benson,WR,LV,NO,False,0.91,1.42,-2.0,-2.0,0.09,3.85,9.04,0.71,0.03,half_ppr,2026-09-22 13:17,"Pre-kickoff snapshot locked 2026-09-22 (all Week 3 games 9/24-9/28, none yet played). Live data refreshed same day (Sleeper live API blocked by sandbox proxy 403, fell back to committed snapshot - see data/fallback/README). Manual weekly-out overrides applied for confirmed Week 3 absences: Jayden Daniels (WAS QB, elbow, Mariota starting), David Njoku and Charlie Kolar (both LAC TE, placed on IR after Week 2, min 4 games) - all via multi-source web confirmation (ESPN/CBS/NFL.com/Chargers.com), not yet reflected in Sleeper's live feed.",/home/user/ffcc/output/draft_rankings/draft_rankings_2026_half_ppr.csv
2026,3,00-0040534,Ke'Shawn Williams,WR,CIN,PIT,False,1.15,1.41,-2.0,-2.0,0.09,3.96,9.37,0.71,0.03,half_ppr,2026-09-22 13:17,"Pre-kickoff snapshot locked 2026-09-22 (all Week 3 games 9/24-9/28, none yet played). Live data refreshed same day (Sleeper live API blocked by sandbox proxy 403, fell back to committed snapshot - see data/fallback/README). Manual weekly-out overrides applied for confirmed Week 3 absences: Jayden Daniels (WAS QB, elbow, Mariota starting), David Njoku and Charlie Kolar (both LAC TE, placed on IR after Week 2, min 4 games) - all via multi-source web confirmation (ESPN/CBS/NFL.com/Chargers.com), not yet reflected in Sleeper's live feed.",/home/user/ffcc/output/draft_rankings/draft_rankings_2026_half_ppr.csv
2026,3,00-0040906,Garrett Nussmeier,QB,KC,MIA,False,1.11,1.4,-2.0,-2.0,1.86,7.8,13.22,0.55,0.02,half_ppr,2026-09-22 13:17,"Pre-kickoff snapshot locked 2026-09-22 (all Week 3 games 9/24-9/28, none yet played). Live data refreshed same day (Sleeper live API blocked by sandbox proxy 403, fell back to committed snapshot - see data/fallback/README). Manual weekly-out overrides applied for confirmed Week 3 absences: Jayden Daniels (WAS QB, elbow, Mariota starting), David Njoku and Charlie Kolar (both LAC TE, placed on IR after Week 2, min 4 games) - all via multi-source web confirmation (ESPN/CBS/NFL.com/Chargers.com), not yet reflected in Sleeper's live feed.",/home/user/ffcc/output/draft_rankings/draft_rankings_2026_half_ppr.csv
2026,3,00-0038489,Ben VanSumeren,RB,KC,MIA,False,1.13,1.38,-2.0,-2.0,0.04,4.48,10.55,0.69,0.04,half_ppr,2026-09-22 13:17,"Pre-kickoff snapshot locked 2026-09-22 (all Week 3 games 9/24-9/28, none yet played). Live data refreshed same day (Sleeper live API blocked by sandbox proxy 403, fell back to committed snapshot - see data/fallback/README). Manual weekly-out overrides applied for confirmed Week 3 absences: Jayden Daniels (WAS QB, elbow, Mariota starting), David Njoku and Charlie Kolar (both LAC TE, placed on IR after Week 2, min 4 games) - all via multi-source web confirmation (ESPN/CBS/NFL.com/Chargers.com), not yet reflected in Sleeper's live feed.",/home/user/ffcc/output/draft_rankings/draft_rankings_2026_half_ppr.csv
2026,3,00-0036331,Devin Duvernay,WR,ARI,SF,False,1.04,1.37,-2.0,-2.0,0.08,3.84,9.35,0.71,0.03,half_ppr,2026-09-22 13:17,"Pre-kickoff snapshot locked 2026-09-22 (all Week 3 games 9/24-9/28, none yet played). Live data refreshed same day (Sleeper live API blocked by sandbox proxy 403, fell back to committed snapshot - see data/fallback/README). Manual weekly-out overrides applied for confirmed Week 3 absences: Jayden Daniels (WAS QB, elbow, Mariota starting), David Njoku and Charlie Kolar (both LAC TE, placed on IR after Week 2, min 4 games) - all via multi-source web confirmation (ESPN/CBS/NFL.com/Chargers.com), not yet reflected in Sleeper's live feed.",/home/user/ffcc/output/draft_rankings/draft_rankings_2026_half_ppr.csv
2026,3,00-0041446,Kendrick Law,WR,DET,NYJ,False,0.99,1.36,-2.0,-2.0,0.02,3.8,9.02,0.71,0.03,half_ppr,2026-09-22 13:17,"Pre-kickoff snapshot locked 2026-09-22 (all Week 3 games 9/24-9/28, none yet played). Live data refreshed same day (Sleeper live API blocked by sandbox proxy 403, fell back to committed snapshot - see data/fallback/README). Manual weekly-out overrides applied for confirmed Week 3 absences: Jayden Daniels (WAS QB, elbow, Mariota starting), David Njoku and Charlie Kolar (both LAC TE, placed on IR after Week 2, min 4 games) - all via multi-source web confirmation (ESPN/CBS/NFL.com/Chargers.com), not yet reflected in Sleeper's live feed.",/home/user/ffcc/output/draft_rankings/draft_rankings_2026_half_ppr.csv
2026,3,00-0034798,Durham Smythe,TE,BAL,DAL,False,0.91,1.35,-2.0,-1.5,0.35,3.13,7.47,0.74,0.05,half_ppr,2026-09-22 13:17,"Pre-kickoff snapshot locked 2026-09-22 (all Week 3 games 9/24-9/28, none yet played). Live data refreshed same day (Sleeper live API blocked by sandbox proxy 403, fell back to committed snapshot - see data/fallback/README). Manual weekly-out overrides applied for confirmed Week 3 absences: Jayden Daniels (WAS QB, elbow, Mariota starting), David Njoku and Charlie Kolar (both LAC TE, placed on IR after Week 2, min 4 games) - all via multi-source web confirmation (ESPN/CBS/NFL.com/Chargers.com), not yet reflected in Sleeper's live feed.",/home/user/ffcc/output/draft_rankings/draft_rankings_2026_half_ppr.csv
2026,3,00-0037304,Connor Heyward,TE,PIT,CIN,False,1.64,1.34,-2.0,-1.5,0.47,3.36,7.48,0.73,0.05,half_ppr,2026-09-22 13:17,"Pre-kickoff snapshot locked 2026-09-22 (all Week 3 games 9/24-9/28, none yet played). Live data refreshed same day (Sleeper live API blocked by sandbox proxy 403, fell back to committed snapshot - see data/fallback/README). Manual weekly-out overrides applied for confirmed Week 3 absences: Jayden Daniels (WAS QB, elbow, Mariota starting), David Njoku and Charlie Kolar (both LAC TE, placed on IR after Week 2, min 4 games) - all via multi-source web confirmation (ESPN/CBS/NFL.com/Chargers.com), not yet reflected in Sleeper's live feed.",/home/user/ffcc/output/draft_rankings/draft_rankings_2026_half_ppr.csv
2026,3,00-0041123,Behren Morton,QB,NE,JAX,False,0.97,1.34,-2.0,-2.0,1.58,7.68,12.79,0.56,0.02,half_ppr,2026-09-22 13:17,"Pre-kickoff snapshot locked 2026-09-22 (all Week 3 games 9/24-9/28, none yet played). Live data refreshed same day (Sleeper live API blocked by sandbox proxy 403, fell back to committed snapshot - see data/fallback/README). Manual weekly-out overrides applied for confirmed Week 3 absences: Jayden Daniels (WAS QB, elbow, Mariota starting), David Njoku and Charlie Kolar (both LAC TE, placed on IR after Week 2, min 4 games) - all via multi-source web confirmation (ESPN/CBS/NFL.com/Chargers.com), not yet reflected in Sleeper's live feed.",/home/user/ffcc/output/draft_rankings/draft_rankings_2026_half_ppr.csv
2026,3,00-0041467,Lewis Bond,WR,HOU,IND,False,1.16,1.34,-2.0,-2.0,-0.05,3.84,9.06,0.71,0.03,half_ppr,2026-09-22 13:17,"Pre-kickoff snapshot locked 2026-09-22 (all Week 3 games 9/24-9/28, none yet played). Live data refreshed same day (Sleeper live API blocked by sandbox proxy 403, fell back to committed snapshot - see data/fallback/README). Manual weekly-out overrides applied for confirmed Week 3 absences: Jayden Daniels (WAS QB, elbow, Mariota starting), David Njoku and Charlie Kolar (both LAC TE, placed on IR after Week 2, min 4 games) - all via multi-source web confirmation (ESPN/CBS/NFL.com/Chargers.com), not yet reflected in Sleeper's live feed.",/home/user/ffcc/output/draft_rankings/draft_rankings_2026_half_ppr.csv
2026,3,00-0036429,Charlie Woerner,TE,ATL,GB,False,0.88,1.32,-2.0,-1.53,0.39,3.14,7.22,0.74,0.05,half_ppr,2026-09-22 13:17,"Pre-kickoff snapshot locked 2026-09-22 (all Week 3 games 9/24-9/28, none yet played). Live data refreshed same day (Sleeper live API blocked by sandbox proxy 403, fell back to committed snapshot - see data/fallback/README). Manual weekly-out overrides applied for confirmed Week 3 absences: Jayden Daniels (WAS QB, elbow, Mariota starting), David Njoku and Charlie Kolar (both LAC TE, placed on IR after Week 2, min 4 games) - all via multi-source web confirmation (ESPN/CBS/NFL.com/Chargers.com), not yet reflected in Sleeper's live feed.",/home/user/ffcc/output/draft_rankings/draft_rankings_2026_half_ppr.csv
2026,3,00-0040900,Anthony Smith,WR,DAL,BAL,False,1.17,1.3,-2.0,-2.0,-0.03,3.72,9.09,0.72,0.03,half_ppr,2026-09-22 13:17,"Pre-kickoff snapshot locked 2026-09-22 (all Week 3 games 9/24-9/28, none yet played). Live data refreshed same day (Sleeper live API blocked by sandbox proxy 403, fell back to committed snapshot - see data/fallback/README). Manual weekly-out overrides applied for confirmed Week 3 absences: Jayden Daniels (WAS QB, elbow, Mariota starting), David Njoku and Charlie Kolar (both LAC TE, placed on IR after Week 2, min 4 games) - all via multi-source web confirmation (ESPN/CBS/NFL.com/Chargers.com), not yet reflected in Sleeper's live feed.",/home/user/ffcc/output/draft_rankings/draft_rankings_2026_half_ppr.csv
2026,3,00-0039589,Kameron Johnson,WR,TB,MIN,False,0.76,1.3,-2.0,-2.0,-0.02,3.98,9.39,0.7,0.03,half_ppr,2026-09-22 13:17,"Pre-kickoff snapshot locked 2026-09-22 (all Week 3 games 9/24-9/28, none yet played). Live data refreshed same day (Sleeper live API blocked by sandbox proxy 403, fell back to committed snapshot - see data/fallback/README). Manual weekly-out overrides applied for confirmed Week 3 absences: Jayden Daniels (WAS QB, elbow, Mariota starting), David Njoku and Charlie Kolar (both LAC TE, placed on IR after Week 2, min 4 games) - all via multi-source web confirmation (ESPN/CBS/NFL.com/Chargers.com), not yet reflected in Sleeper's live feed.",/home/user/ffcc/output/draft_rankings/draft_rankings_2026_half_ppr.csv
2026,3,00-0041100,Josh Cameron,WR,JAX,NE,False,0.96,1.3,-2.0,-2.0,-0.06,3.71,9.09,0.72,0.03,half_ppr,2026-09-22 13:17,"Pre-kickoff snapshot locked 2026-09-22 (all Week 3 games 9/24-9/28, none yet played). Live data refreshed same day (Sleeper live API blocked by sandbox proxy 403, fell back to committed snapshot - see data/fallback/README). Manual weekly-out overrides applied for confirmed Week 3 absences: Jayden Daniels (WAS QB, elbow, Mariota starting), David Njoku and Charlie Kolar (both LAC TE, placed on IR after Week 2, min 4 games) - all via multi-source web confirmation (ESPN/CBS/NFL.com/Chargers.com), not yet reflected in Sleeper's live feed.",/home/user/ffcc/output/draft_rankings/draft_rankings_2026_half_ppr.csv
2026,3,00-0035544,Tom Kennedy,WR,DET,NYJ,False,0.99,1.28,-2.0,-2.0,-0.11,3.66,9.05,0.72,0.03,half_ppr,2026-09-22 13:17,"Pre-kickoff snapshot locked 2026-09-22 (all Week 3 games 9/24-9/28, none yet played). Live data refreshed same day (Sleeper live API blocked by sandbox proxy 403, fell back to committed snapshot - see data/fallback/README). Manual weekly-out overrides applied for confirmed Week 3 absences: Jayden Daniels (WAS QB, elbow, Mariota starting), David Njoku and Charlie Kolar (both LAC TE, placed on IR after Week 2, min 4 games) - all via multi-source web confirmation (ESPN/CBS/NFL.com/Chargers.com), not yet reflected in Sleeper's live feed.",/home/user/ffcc/output/draft_rankings/draft_rankings_2026_half_ppr.csv
2026,3,00-0041117,Athan Kaliakmanis,QB,WAS,SEA,False,0.86,1.27,-2.0,-2.0,1.73,7.86,13.43,0.56,0.03,half_ppr,2026-09-22 13:17,"Pre-kickoff snapshot locked 2026-09-22 (all Week 3 games 9/24-9/28, none yet played). Live data refreshed same day (Sleeper live API blocked by sandbox proxy 403, fell back to committed snapshot - see data/fallback/README). Manual weekly-out overrides applied for confirmed Week 3 absences: Jayden Daniels (WAS QB, elbow, Mariota starting), David Njoku and Charlie Kolar (both LAC TE, placed on IR after Week 2, min 4 games) - all via multi-source web confirmation (ESPN/CBS/NFL.com/Chargers.com), not yet reflected in Sleeper's live feed.",/home/user/ffcc/output/draft_rankings/draft_rankings_2026_half_ppr.csv
2026,3,00-0040506,Myles Price,WR,MIN,TB,False,1.01,1.26,-2.0,-2.0,-0.04,3.78,9.19,0.71,0.03,half_ppr,2026-09-22 13:17,"Pre-kickoff snapshot locked 2026-09-22 (all Week 3 games 9/24-9/28, none yet played). Live data refreshed same day (Sleeper live API blocked by sandbox proxy 403, fell back to committed snapshot - see data/fallback/README). Manual weekly-out overrides applied for confirmed Week 3 absences: Jayden Daniels (WAS QB, elbow, Mariota starting), David Njoku and Charlie Kolar (both LAC TE, placed on IR after Week 2, min 4 games) - all via multi-source web confirmation (ESPN/CBS/NFL.com/Chargers.com), not yet reflected in Sleeper's live feed.",/home/user/ffcc/output/draft_rankings/draft_rankings_2026_half_ppr.csv
2026,3,00-0038643,Brayden Willis,TE,SF,ARI,False,1.29,1.24,-2.0,-1.6,0.31,3.11,7.38,0.74,0.05,half_ppr,2026-09-22 13:17,"Pre-kickoff snapshot locked 2026-09-22 (all Week 3 games 9/24-9/28, none yet played). Live data refreshed same day (Sleeper live API blocked by sandbox proxy 403, fell back to committed snapshot - see data/fallback/README). Manual weekly-out overrides applied for confirmed Week 3 absences: Jayden Daniels (WAS QB, elbow, Mariota starting), David Njoku and Charlie Kolar (both LAC TE, placed on IR after Week 2, min 4 games) - all via multi-source web confirmation (ESPN/CBS/NFL.com/Chargers.com), not yet reflected in Sleeper's live feed.",/home/user/ffcc/output/draft_rankings/draft_rankings_2026_half_ppr.csv
2026,3,00-0036630,Tylan Wallace,WR,CLE,CAR,False,0.86,1.23,-2.0,-2.0,-0.13,3.7,9.08,0.72,0.03,half_ppr,2026-09-22 13:17,"Pre-kickoff snapshot locked 2026-09-22 (all Week 3 games 9/24-9/28, none yet played). Live data refreshed same day (Sleeper live API blocked by sandbox proxy 403, fell back to committed snapshot - see data/fallback/README). Manual weekly-out overrides applied for confirmed Week 3 absences: Jayden Daniels (WAS QB, elbow, Mariota starting), David Njoku and Charlie Kolar (both LAC TE, placed on IR after Week 2, min 4 games) - all via multi-source web confirmation (ESPN/CBS/NFL.com/Chargers.com), not yet reflected in Sleeper's live feed.",/home/user/ffcc/output/draft_rankings/draft_rankings_2026_half_ppr.csv
2026,3,00-0040653,Ricky White,WR,SEA,WAS,False,1.14,1.23,-2.0,-2.0,-0.17,3.59,8.99,0.72,0.03,half_ppr,2026-09-22 13:17,"Pre-kickoff snapshot locked 2026-09-22 (all Week 3 games 9/24-9/28, none yet played). Live data refreshed same day (Sleeper live API blocked by sandbox proxy 403, fell back to committed snapshot - see data/fallback/README). Manual weekly-out overrides applied for confirmed Week 3 absences: Jayden Daniels (WAS QB, elbow, Mariota starting), David Njoku and Charlie Kolar (both LAC TE, placed on IR after Week 2, min 4 games) - all via multi-source web confirmation (ESPN/CBS/NFL.com/Chargers.com), not yet reflected in Sleeper's live feed.",/home/user/ffcc/output/draft_rankings/draft_rankings_2026_half_ppr.csv
2026,3,00-0039577,Kedon Slovis,QB,GB,ATL,False,1.0,1.22,-2.0,-2.0,1.7,7.85,13.05,0.56,0.03,half_ppr,2026-09-22 13:17,"Pre-kickoff snapshot locked 2026-09-22 (all Week 3 games 9/24-9/28, none yet played). Live data refreshed same day (Sleeper live API blocked by sandbox proxy 403, fell back to committed snapshot - see data/fallback/README). Manual weekly-out overrides applied for confirmed Week 3 absences: Jayden Daniels (WAS QB, elbow, Mariota starting), David Njoku and Charlie Kolar (both LAC TE, placed on IR after Week 2, min 4 games) - all via multi-source web confirmation (ESPN/CBS/NFL.com/Chargers.com), not yet reflected in Sleeper's live feed.",/home/user/ffcc/output/draft_rankings/draft_rankings_2026_half_ppr.csv
2026,3,00-0038397,Evan Hull,RB,ARI,SF,False,1.05,1.22,-2.0,-2.0,-0.28,4.37,10.43,0.7,0.04,half_ppr,2026-09-22 13:17,"Pre-kickoff snapshot locked 2026-09-22 (all Week 3 games 9/24-9/28, none yet played). Live data refreshed same day (Sleeper live API blocked by sandbox proxy 403, fell back to committed snapshot - see data/fallback/README). Manual weekly-out overrides applied for confirmed Week 3 absences: Jayden Daniels (WAS QB, elbow, Mariota starting), David Njoku and Charlie Kolar (both LAC TE, placed on IR after Week 2, min 4 games) - all via multi-source web confirmation (ESPN/CBS/NFL.com/Chargers.com), not yet reflected in Sleeper's live feed.",/home/user/ffcc/output/draft_rankings/draft_rankings_2026_half_ppr.csv
2026,3,00-0041399,CJ Daniels,WR,LA,DEN,False,0.84,1.2,-2.0,-2.0,-0.19,3.51,8.95,0.73,0.03,half_ppr,2026-09-22 13:17,"Pre-kickoff snapshot locked 2026-09-22 (all Week 3 games 9/24-9/28, none yet played). Live data refreshed same day (Sleeper live API blocked by sandbox proxy 403, fell back to committed snapshot - see data/fallback/README). Manual weekly-out overrides applied for confirmed Week 3 absences: Jayden Daniels (WAS QB, elbow, Mariota starting), David Njoku and Charlie Kolar (both LAC TE, placed on IR after Week 2, min 4 games) - all via multi-source web confirmation (ESPN/CBS/NFL.com/Chargers.com), not yet reflected in Sleeper's live feed.",/home/user/ffcc/output/draft_rankings/draft_rankings_2026_half_ppr.csv
2026,3,00-0038647,Ronnie Bell,WR,LV,NO,False,0.91,1.2,-2.0,-2.0,-0.04,3.82,9.24,0.71,0.03,half_ppr,2026-09-22 13:17,"Pre-kickoff snapshot locked 2026-09-22 (all Week 3 games 9/24-9/28, none yet played). Live data refreshed same day (Sleeper live API blocked by sandbox proxy 403, fell back to committed snapshot - see data/fallback/README). Manual weekly-out overrides applied for confirmed Week 3 absences: Jayden Daniels (WAS QB, elbow, Mariota starting), David Njoku and Charlie Kolar (both LAC TE, placed on IR after Week 2, min 4 games) - all via multi-source web confirmation (ESPN/CBS/NFL.com/Chargers.com), not yet reflected in Sleeper's live feed.",/home/user/ffcc/output/draft_rankings/draft_rankings_2026_half_ppr.csv
2026,3,00-0038498,E.J. Jenkins,TE,PHI,CHI,False,0.96,1.19,-2.0,-1.57,0.27,2.82,7.11,0.76,0.05,half_ppr,2026-09-22 13:17,"Pre-kickoff snapshot locked 2026-09-22 (all Week 3 games 9/24-9/28, none yet played). Live data refreshed same day (Sleeper live API blocked by sandbox proxy 403, fell back to committed snapshot - see data/fallback/README). Manual weekly-out overrides applied for confirmed Week 3 absences: Jayden Daniels (WAS QB, elbow, Mariota starting), David Njoku and Charlie Kolar (both LAC TE, placed on IR after Week 2, min 4 games) - all via multi-source web confirmation (ESPN/CBS/NFL.com/Chargers.com), not yet reflected in Sleeper's live feed.",/home/user/ffcc/output/draft_rankings/draft_rankings_2026_half_ppr.csv
2026,3,00-0039686,Colson Yankoff,TE,WAS,SEA,False,1.09,1.17,-2.0,-1.71,0.16,2.86,7.18,0.76,0.05,half_ppr,2026-09-22 13:17,"Pre-kickoff snapshot locked 2026-09-22 (all Week 3 games 9/24-9/28, none yet played). Live data refreshed same day (Sleeper live API blocked by sandbox proxy 403, fell back to committed snapshot - see data/fallback/README). Manual weekly-out overrides applied for confirmed Week 3 absences: Jayden Daniels (WAS QB, elbow, Mariota starting), David Njoku and Charlie Kolar (both LAC TE, placed on IR after Week 2, min 4 games) - all via multi-source web confirmation (ESPN/CBS/NFL.com/Chargers.com), not yet reflected in Sleeper's live feed.",/home/user/ffcc/output/draft_rankings/draft_rankings_2026_half_ppr.csv
2026,3,00-0037539,Lucas Krull,TE,DEN,LA,False,0.98,1.13,-2.0,-1.7,0.21,3.08,7.48,0.75,0.05,half_ppr,2026-09-22 13:17,"Pre-kickoff snapshot locked 2026-09-22 (all Week 3 games 9/24-9/28, none yet played). Live data refreshed same day (Sleeper live API blocked by sandbox proxy 403, fell back to committed snapshot - see data/fallback/README). Manual weekly-out overrides applied for confirmed Week 3 absences: Jayden Daniels (WAS QB, elbow, Mariota starting), David Njoku and Charlie Kolar (both LAC TE, placed on IR after Week 2, min 4 games) - all via multi-source web confirmation (ESPN/CBS/NFL.com/Chargers.com), not yet reflected in Sleeper's live feed.",/home/user/ffcc/output/draft_rankings/draft_rankings_2026_half_ppr.csv
2026,3,00-0039648,David Martin-Robinson,TE,TEN,NYG,False,0.84,1.12,-2.0,-1.65,0.23,2.99,7.25,0.75,0.05,half_ppr,2026-09-22 13:17,"Pre-kickoff snapshot locked 2026-09-22 (all Week 3 games 9/24-9/28, none yet played). Live data refreshed same day (Sleeper live API blocked by sandbox proxy 403, fell back to committed snapshot - see data/fallback/README). Manual weekly-out overrides applied for confirmed Week 3 absences: Jayden Daniels (WAS QB, elbow, Mariota starting), David Njoku and Charlie Kolar (both LAC TE, placed on IR after Week 2, min 4 games) - all via multi-source web confirmation (ESPN/CBS/NFL.com/Chargers.com), not yet reflected in Sleeper's live feed.",/home/user/ffcc/output/draft_rankings/draft_rankings_2026_half_ppr.csv
2026,3,00-0036841,Austin Trammell,WR,JAX,NE,False,0.96,1.12,-2.0,-2.0,-0.3,3.31,8.65,0.73,0.03,half_ppr,2026-09-22 13:17,"Pre-kickoff snapshot locked 2026-09-22 (all Week 3 games 9/24-9/28, none yet played). Live data refreshed same day (Sleeper live API blocked by sandbox proxy 403, fell back to committed snapshot - see data/fallback/README). Manual weekly-out overrides applied for confirmed Week 3 absences: Jayden Daniels (WAS QB, elbow, Mariota starting), David Njoku and Charlie Kolar (both LAC TE, placed on IR after Week 2, min 4 games) - all via multi-source web confirmation (ESPN/CBS/NFL.com/Chargers.com), not yet reflected in Sleeper's live feed.",/home/user/ffcc/output/draft_rankings/draft_rankings_2026_half_ppr.csv
2026,3,00-0036984,Trey Sermon,RB,ATL,GB,False,0.97,1.12,-2.0,-2.0,-0.32,4.17,10.06,0.71,0.04,half_ppr,2026-09-22 13:17,"Pre-kickoff snapshot locked 2026-09-22 (all Week 3 games 9/24-9/28, none yet played). Live data refreshed same day (Sleeper live API blocked by sandbox proxy 403, fell back to committed snapshot - see data/fallback/README). Manual weekly-out overrides applied for confirmed Week 3 absences: Jayden Daniels (WAS QB, elbow, Mariota starting), David Njoku and Charlie Kolar (both LAC TE, placed on IR after Week 2, min 4 games) - all via multi-source web confirmation (ESPN/CBS/NFL.com/Chargers.com), not yet reflected in Sleeper's live feed.",/home/user/ffcc/output/draft_rankings/draft_rankings_2026_half_ppr.csv
2026,3,00-0039530,Brevyn Spann-Ford,TE,DAL,BAL,False,0.8,1.12,-2.0,-1.67,0.22,2.89,6.96,0.75,0.05,half_ppr,2026-09-22 13:17,"Pre-kickoff snapshot locked 2026-09-22 (all Week 3 games 9/24-9/28, none yet played). Live data refreshed same day (Sleeper live API blocked by sandbox proxy 403, fell back to committed snapshot - see data/fallback/README). Manual weekly-out overrides applied for confirmed Week 3 absences: Jayden Daniels (WAS QB, elbow, Mariota starting), David Njoku and Charlie Kolar (both LAC TE, placed on IR after Week 2, min 4 games) - all via multi-source web confirmation (ESPN/CBS/NFL.com/Chargers.com), not yet reflected in Sleeper's live feed.",/home/user/ffcc/output/draft_rankings/draft_rankings_2026_half_ppr.csv
2026,3,00-0038824,Ryan Miller,WR,MIA,KC,False,0.87,1.11,-2.0,-2.0,-0.26,3.43,8.76,0.73,0.03,half_ppr,2026-09-22 13:17,"Pre-kickoff snapshot locked 2026-09-22 (all Week 3 games 9/24-9/28, none yet played). Live data refreshed same day (Sleeper live API blocked by sandbox proxy 403, fell back to committed snapshot - see data/fallback/README). Manual weekly-out overrides applied for confirmed Week 3 absences: Jayden Daniels (WAS QB, elbow, Mariota starting), David Njoku and Charlie Kolar (both LAC TE, placed on IR after Week 2, min 4 games) - all via multi-source web confirmation (ESPN/CBS/NFL.com/Chargers.com), not yet reflected in Sleeper's live feed.",/home/user/ffcc/output/draft_rankings/draft_rankings_2026_half_ppr.csv
2026,3,00-0038710,Blake Whiteheart,TE,CLE,CAR,False,1.05,1.08,-2.0,-1.8,0.16,2.88,7.37,0.76,0.05,half_ppr,2026-09-22 13:17,"Pre-kickoff snapshot locked 2026-09-22 (all Week 3 games 9/24-9/28, none yet played). Live data refreshed same day (Sleeper live API blocked by sandbox proxy 403, fell back to committed snapshot - see data/fallback/README). Manual weekly-out overrides applied for confirmed Week 3 absences: Jayden Daniels (WAS QB, elbow, Mariota starting), David Njoku and Charlie Kolar (both LAC TE, placed on IR after Week 2, min 4 games) - all via multi-source web confirmation (ESPN/CBS/NFL.com/Chargers.com), not yet reflected in Sleeper's live feed.",/home/user/ffcc/output/draft_rankings/draft_rankings_2026_half_ppr.csv
2026,3,00-0036741,Jack Stoll,TE,SF,ARI,False,1.29,1.07,-2.0,-1.74,0.13,2.75,6.81,0.76,0.05,half_ppr,2026-09-22 13:17,"Pre-kickoff snapshot locked 2026-09-22 (all Week 3 games 9/24-9/28, none yet played). Live data refreshed same day (Sleeper live API blocked by sandbox proxy 403, fell back to committed snapshot - see data/fallback/README). Manual weekly-out overrides applied for confirmed Week 3 absences: Jayden Daniels (WAS QB, elbow, Mariota starting), David Njoku and Charlie Kolar (both LAC TE, placed on IR after Week 2, min 4 games) - all via multi-source web confirmation (ESPN/CBS/NFL.com/Chargers.com), not yet reflected in Sleeper's live feed.",/home/user/ffcc/output/draft_rankings/draft_rankings_2026_half_ppr.csv
2026,3,00-0032385,Sterling Shepard,WR,NYJ,DET,False,1.19,1.07,-2.0,-2.0,-0.3,3.41,8.73,0.73,0.03,half_ppr,2026-09-22 13:17,"Pre-kickoff snapshot locked 2026-09-22 (all Week 3 games 9/24-9/28, none yet played). Live data refreshed same day (Sleeper live API blocked by sandbox proxy 403, fell back to committed snapshot - see data/fallback/README). Manual weekly-out overrides applied for confirmed Week 3 absences: Jayden Daniels (WAS QB, elbow, Mariota starting), David Njoku and Charlie Kolar (both LAC TE, placed on IR after Week 2, min 4 games) - all via multi-source web confirmation (ESPN/CBS/NFL.com/Chargers.com), not yet reflected in Sleeper's live feed.",/home/user/ffcc/output/draft_rankings/draft_rankings_2026_half_ppr.csv
2026,3,00-0038720,Julian Hill,TE,NE,JAX,False,1.1,1.07,-2.0,-1.69,0.17,2.89,7.14,0.75,0.05,half_ppr,2026-09-22 13:17,"Pre-kickoff snapshot locked 2026-09-22 (all Week 3 games 9/24-9/28, none yet played). Live data refreshed same day (Sleeper live API blocked by sandbox proxy 403, fell back to committed snapshot - see data/fallback/README). Manual weekly-out overrides applied for confirmed Week 3 absences: Jayden Daniels (WAS QB, elbow, Mariota starting), David Njoku and Charlie Kolar (both LAC TE, placed on IR after Week 2, min 4 games) - all via multi-source web confirmation (ESPN/CBS/NFL.com/Chargers.com), not yet reflected in Sleeper's live feed.",/home/user/ffcc/output/draft_rankings/draft_rankings_2026_half_ppr.csv
2026,3,00-0039737,Tip Reiman,TE,ARI,SF,False,1.12,1.06,-2.0,-1.74,0.13,2.89,7.0,0.75,0.05,half_ppr,2026-09-22 13:17,"Pre-kickoff snapshot locked 2026-09-22 (all Week 3 games 9/24-9/28, none yet played). Live data refreshed same day (Sleeper live API blocked by sandbox proxy 403, fell back to committed snapshot - see data/fallback/README). Manual weekly-out overrides applied for confirmed Week 3 absences: Jayden Daniels (WAS QB, elbow, Mariota starting), David Njoku and Charlie Kolar (both LAC TE, placed on IR after Week 2, min 4 games) - all via multi-source web confirmation (ESPN/CBS/NFL.com/Chargers.com), not yet reflected in Sleeper's live feed.",/home/user/ffcc/output/draft_rankings/draft_rankings_2026_half_ppr.csv
2026,3,00-0039325,Carson Steele,RB,PHI,CHI,False,0.97,1.05,-2.0,-2.0,-0.28,4.16,9.92,0.71,0.03,half_ppr,2026-09-22 13:17,"Pre-kickoff snapshot locked 2026-09-22 (all Week 3 games 9/24-9/28, none yet played). Live data refreshed same day (Sleeper live API blocked by sandbox proxy 403, fell back to committed snapshot - see data/fallback/README). Manual weekly-out overrides applied for confirmed Week 3 absences: Jayden Daniels (WAS QB, elbow, Mariota starting), David Njoku and Charlie Kolar (both LAC TE, placed on IR after Week 2, min 4 games) - all via multi-source web confirmation (ESPN/CBS/NFL.com/Chargers.com), not yet reflected in Sleeper's live feed.",/home/user/ffcc/output/draft_rankings/draft_rankings_2026_half_ppr.csv
2026,3,00-0037755,Jelani Woods,TE,NYJ,DET,False,1.04,1.05,-2.0,-1.72,0.15,2.94,7.39,0.75,0.05,half_ppr,2026-09-22 13:17,"Pre-kickoff snapshot locked 2026-09-22 (all Week 3 games 9/24-9/28, none yet played). Live data refreshed same day (Sleeper live API blocked by sandbox proxy 403, fell back to committed snapshot - see data/fallback/README). Manual weekly-out overrides applied for confirmed Week 3 absences: Jayden Daniels (WAS QB, elbow, Mariota starting), David Njoku and Charlie Kolar (both LAC TE, placed on IR after Week 2, min 4 games) - all via multi-source web confirmation (ESPN/CBS/NFL.com/Chargers.com), not yet reflected in Sleeper's live feed.",/home/user/ffcc/output/draft_rankings/draft_rankings_2026_half_ppr.csv
2026,3,00-0040509,Ben Yurosek,TE,MIN,TB,False,1.21,1.03,-2.0,-1.81,0.14,2.82,7.14,0.76,0.05,half_ppr,2026-09-22 13:17,"Pre-kickoff snapshot locked 2026-09-22 (all Week 3 games 9/24-9/28, none yet played). Live data refreshed same day (Sleeper live API blocked by sandbox proxy 403, fell back to committed snapshot - see data/fallback/README). Manual weekly-out overrides applied for confirmed Week 3 absences: Jayden Daniels (WAS QB, elbow, Mariota starting), David Njoku and Charlie Kolar (both LAC TE, placed on IR after Week 2, min 4 games) - all via multi-source web confirmation (ESPN/CBS/NFL.com/Chargers.com), not yet reflected in Sleeper's live feed.",/home/user/ffcc/output/draft_rankings/draft_rankings_2026_half_ppr.csv
2026,3,00-0041087,Joe Royer,TE,CLE,CAR,False,1.05,1.03,-2.0,-1.78,0.11,2.85,7.01,0.76,0.05,half_ppr,2026-09-22 13:17,"Pre-kickoff snapshot locked 2026-09-22 (all Week 3 games 9/24-9/28, none yet played). Live data refreshed same day (Sleeper live API blocked by sandbox proxy 403, fell back to committed snapshot - see data/fallback/README). Manual weekly-out overrides applied for confirmed Week 3 absences: Jayden Daniels (WAS QB, elbow, Mariota starting), David Njoku and Charlie Kolar (both LAC TE, placed on IR after Week 2, min 4 games) - all via multi-source web confirmation (ESPN/CBS/NFL.com/Chargers.com), not yet reflected in Sleeper's live feed.",/home/user/ffcc/output/draft_rankings/draft_rankings_2026_half_ppr.csv
2026,3,00-0040887,Josh Cuevas,TE,BAL,DAL,False,0.91,1.02,-2.0,-1.81,0.09,2.76,7.0,0.76,0.05,half_ppr,2026-09-22 13:17,"Pre-kickoff snapshot locked 2026-09-22 (all Week 3 games 9/24-9/28, none yet played). Live data refreshed same day (Sleeper live API blocked by sandbox proxy 403, fell back to committed snapshot - see data/fallback/README). Manual weekly-out overrides applied for confirmed Week 3 absences: Jayden Daniels (WAS QB, elbow, Mariota starting), David Njoku and Charlie Kolar (both LAC TE, placed on IR after Week 2, min 4 games) - all via multi-source web confirmation (ESPN/CBS/NFL.com/Chargers.com), not yet reflected in Sleeper's live feed.",/home/user/ffcc/output/draft_rankings/draft_rankings_2026_half_ppr.csv
2026,3,00-0039050,Payne Durham,TE,TB,MIN,False,0.79,1.01,-2.0,-1.8,0.1,2.82,7.21,0.76,0.05,half_ppr,2026-09-22 13:17,"Pre-kickoff snapshot locked 2026-09-22 (all Week 3 games 9/24-9/28, none yet played). Live data refreshed same day (Sleeper live API blocked by sandbox proxy 403, fell back to committed snapshot - see data/fallback/README). Manual weekly-out overrides applied for confirmed Week 3 absences: Jayden Daniels (WAS QB, elbow, Mariota starting), David Njoku and Charlie Kolar (both LAC TE, placed on IR after Week 2, min 4 games) - all via multi-source web confirmation (ESPN/CBS/NFL.com/Chargers.com), not yet reflected in Sleeper's live feed.",/home/user/ffcc/output/draft_rankings/draft_rankings_2026_half_ppr.csv
2026,3,00-0039816,Anthony Gould,WR,IND,HOU,False,0.84,1.0,-2.0,-2.0,-0.34,3.53,8.65,0.73,0.02,half_ppr,2026-09-22 13:17,"Pre-kickoff snapshot locked 2026-09-22 (all Week 3 games 9/24-9/28, none yet played). Live data refreshed same day (Sleeper live API blocked by sandbox proxy 403, fell back to committed snapshot - see data/fallback/README). Manual weekly-out overrides applied for confirmed Week 3 absences: Jayden Daniels (WAS QB, elbow, Mariota starting), David Njoku and Charlie Kolar (both LAC TE, placed on IR after Week 2, min 4 games) - all via multi-source web confirmation (ESPN/CBS/NFL.com/Chargers.com), not yet reflected in Sleeper's live feed.",/home/user/ffcc/output/draft_rankings/draft_rankings_2026_half_ppr.csv
2026,3,00-0033246,Johnny Mundt,TE,PHI,CHI,False,0.96,0.99,-2.0,-1.78,0.13,2.94,7.29,0.75,0.05,half_ppr,2026-09-22 13:17,"Pre-kickoff snapshot locked 2026-09-22 (all Week 3 games 9/24-9/28, none yet played). Live data refreshed same day (Sleeper live API blocked by sandbox proxy 403, fell back to committed snapshot - see data/fallback/README). Manual weekly-out overrides applied for confirmed Week 3 absences: Jayden Daniels (WAS QB, elbow, Mariota starting), David Njoku and Charlie Kolar (both LAC TE, placed on IR after Week 2, min 4 games) - all via multi-source web confirmation (ESPN/CBS/NFL.com/Chargers.com), not yet reflected in Sleeper's live feed.",/home/user/ffcc/output/draft_rankings/draft_rankings_2026_half_ppr.csv
2026,3,00-0039824,Jared Wiley,TE,KC,MIA,False,1.23,0.99,-2.0,-1.81,0.1,2.8,6.9,0.76,0.05,half_ppr,2026-09-22 13:17,"Pre-kickoff snapshot locked 2026-09-22 (all Week 3 games 9/24-9/28, none yet played). Live data refreshed same day (Sleeper live API blocked by sandbox proxy 403, fell back to committed snapshot - see data/fallback/README). Manual weekly-out overrides applied for confirmed Week 3 absences: Jayden Daniels (WAS QB, elbow, Mariota starting), David Njoku and Charlie Kolar (both LAC TE, placed on IR after Week 2, min 4 games) - all via multi-source web confirmation (ESPN/CBS/NFL.com/Chargers.com), not yet reflected in Sleeper's live feed.",/home/user/ffcc/output/draft_rankings/draft_rankings_2026_half_ppr.csv
2026,3,00-0040363,Keleki Latu,TE,BUF,LAC,False,0.79,0.98,-2.0,-1.82,0.06,2.66,6.79,0.77,0.04,half_ppr,2026-09-22 13:17,"Pre-kickoff snapshot locked 2026-09-22 (all Week 3 games 9/24-9/28, none yet played). Live data refreshed same day (Sleeper live API blocked by sandbox proxy 403, fell back to committed snapshot - see data/fallback/README). Manual weekly-out overrides applied for confirmed Week 3 absences: Jayden Daniels (WAS QB, elbow, Mariota starting), David Njoku and Charlie Kolar (both LAC TE, placed on IR after Week 2, min 4 games) - all via multi-source web confirmation (ESPN/CBS/NFL.com/Chargers.com), not yet reflected in Sleeper's live feed.",/home/user/ffcc/output/draft_rankings/draft_rankings_2026_half_ppr.csv
2026,3,00-0041106,CJ Williams,WR,JAX,NE,False,0.96,0.96,-2.0,-2.0,-0.36,3.48,8.69,0.73,0.02,half_ppr,2026-09-22 13:17,"Pre-kickoff snapshot locked 2026-09-22 (all Week 3 games 9/24-9/28, none yet played). Live data refreshed same day (Sleeper live API blocked by sandbox proxy 403, fell back to committed snapshot - see data/fallback/README). Manual weekly-out overrides applied for confirmed Week 3 absences: Jayden Daniels (WAS QB, elbow, Mariota starting), David Njoku and Charlie Kolar (both LAC TE, placed on IR after Week 2, min 4 games) - all via multi-source web confirmation (ESPN/CBS/NFL.com/Chargers.com), not yet reflected in Sleeper's live feed.",/home/user/ffcc/output/draft_rankings/draft_rankings_2026_half_ppr.csv
2026,3,00-0038576,Charlie Jones,WR,NYG,TEN,False,1.17,0.96,-2.0,-2.0,-0.41,3.34,8.81,0.73,0.03,half_ppr,2026-09-22 13:17,"Pre-kickoff snapshot locked 2026-09-22 (all Week 3 games 9/24-9/28, none yet played). Live data refreshed same day (Sleeper live API blocked by sandbox proxy 403, fell back to committed snapshot - see data/fallback/README). Manual weekly-out overrides applied for confirmed Week 3 absences: Jayden Daniels (WAS QB, elbow, Mariota starting), David Njoku and Charlie Kolar (both LAC TE, placed on IR after Week 2, min 4 games) - all via multi-source web confirmation (ESPN/CBS/NFL.com/Chargers.com), not yet reflected in Sleeper's live feed.",/home/user/ffcc/output/draft_rankings/draft_rankings_2026_half_ppr.csv
2026,3,00-0040244,Moliki Matavao,TE,NO,LV,False,0.75,0.96,-2.0,-1.84,0.04,2.82,6.89,0.76,0.05,half_ppr,2026-09-22 13:17,"Pre-kickoff snapshot locked 2026-09-22 (all Week 3 games 9/24-9/28, none yet played). Live data refreshed same day (Sleeper live API blocked by sandbox proxy 403, fell back to committed snapshot - see data/fallback/README). Manual weekly-out overrides applied for confirmed Week 3 absences: Jayden Daniels (WAS QB, elbow, Mariota starting), David Njoku and Charlie Kolar (both LAC TE, placed on IR after Week 2, min 4 games) - all via multi-source web confirmation (ESPN/CBS/NFL.com/Chargers.com), not yet reflected in Sleeper's live feed.",/home/user/ffcc/output/draft_rankings/draft_rankings_2026_half_ppr.csv
2026,3,00-0036876,Kylen Granson,TE,TEN,NYG,False,0.84,0.95,-2.0,-1.84,0.03,2.73,6.85,0.76,0.05,half_ppr,2026-09-22 13:17,"Pre-kickoff snapshot locked 2026-09-22 (all Week 3 games 9/24-9/28, none yet played). Live data refreshed same day (Sleeper live API blocked by sandbox proxy 403, fell back to committed snapshot - see data/fallback/README). Manual weekly-out overrides applied for confirmed Week 3 absences: Jayden Daniels (WAS QB, elbow, Mariota starting), David Njoku and Charlie Kolar (both LAC TE, placed on IR after Week 2, min 4 games) - all via multi-source web confirmation (ESPN/CBS/NFL.com/Chargers.com), not yet reflected in Sleeper's live feed.",/home/user/ffcc/output/draft_rankings/draft_rankings_2026_half_ppr.csv
2026,3,00-0039650,Bryce Oliver,WR,HOU,IND,False,1.16,0.94,-2.0,-2.0,-0.43,3.38,8.66,0.73,0.03,half_ppr,2026-09-22 13:17,"Pre-kickoff snapshot locked 2026-09-22 (all Week 3 games 9/24-9/28, none yet played). Live data refreshed same day (Sleeper live API blocked by sandbox proxy 403, fell back to committed snapshot - see data/fallback/README). Manual weekly-out overrides applied for confirmed Week 3 absences: Jayden Daniels (WAS QB, elbow, Mariota starting), David Njoku and Charlie Kolar (both LAC TE, placed on IR after Week 2, min 4 games) - all via multi-source web confirmation (ESPN/CBS/NFL.com/Chargers.com), not yet reflected in Sleeper's live feed.",/home/user/ffcc/output/draft_rankings/draft_rankings_2026_half_ppr.csv
2026,3,00-0041116,Jack Endries,TE,CIN,PIT,False,1.27,0.92,-2.0,-1.88,0.04,2.87,7.16,0.76,0.05,half_ppr,2026-09-22 13:17,"Pre-kickoff snapshot locked 2026-09-22 (all Week 3 games 9/24-9/28, none yet played). Live data refreshed same day (Sleeper live API blocked by sandbox proxy 403, fell back to committed snapshot - see data/fallback/README). Manual weekly-out overrides applied for confirmed Week 3 absences: Jayden Daniels (WAS QB, elbow, Mariota starting), David Njoku and Charlie Kolar (both LAC TE, placed on IR after Week 2, min 4 games) - all via multi-source web confirmation (ESPN/CBS/NFL.com/Chargers.com), not yet reflected in Sleeper's live feed.",/home/user/ffcc/output/draft_rankings/draft_rankings_2026_half_ppr.csv
2026,3,00-0036825,Feleipe Franks,TE,CAR,CLE,False,0.9,0.91,-2.0,-1.89,-0.01,2.7,7.04,0.77,0.05,half_ppr,2026-09-22 13:17,"Pre-kickoff snapshot locked 2026-09-22 (all Week 3 games 9/24-9/28, none yet played). Live data refreshed same day (Sleeper live API blocked by sandbox proxy 403, fell back to committed snapshot - see data/fallback/README). Manual weekly-out overrides applied for confirmed Week 3 absences: Jayden Daniels (WAS QB, elbow, Mariota starting), David Njoku and Charlie Kolar (both LAC TE, placed on IR after Week 2, min 4 games) - all via multi-source web confirmation (ESPN/CBS/NFL.com/Chargers.com), not yet reflected in Sleeper's live feed.",/home/user/ffcc/output/draft_rankings/draft_rankings_2026_half_ppr.csv
2026,3,00-0037487,Deven Thompkins,WR,LV,NO,False,0.91,0.89,-2.0,-2.0,-0.48,3.33,8.62,0.74,0.03,half_ppr,2026-09-22 13:17,"Pre-kickoff snapshot locked 2026-09-22 (all Week 3 games 9/24-9/28, none yet played). Live data refreshed same day (Sleeper live API blocked by sandbox proxy 403, fell back to committed snapshot - see data/fallback/README). Manual weekly-out overrides applied for confirmed Week 3 absences: Jayden Daniels (WAS QB, elbow, Mariota starting), David Njoku and Charlie Kolar (both LAC TE, placed on IR after Week 2, min 4 games) - all via multi-source web confirmation (ESPN/CBS/NFL.com/Chargers.com), not yet reflected in Sleeper's live feed.",/home/user/ffcc/output/draft_rankings/draft_rankings_2026_half_ppr.csv
2026,3,00-0038394,Will Mallory,TE,IND,HOU,False,0.91,0.88,-2.0,-1.95,-0.03,2.67,6.95,0.77,0.05,half_ppr,2026-09-22 13:17,"Pre-kickoff snapshot locked 2026-09-22 (all Week 3 games 9/24-9/28, none yet played). Live data refreshed same day (Sleeper live API blocked by sandbox proxy 403, fell back to committed snapshot - see data/fallback/README). Manual weekly-out overrides applied for confirmed Week 3 absences: Jayden Daniels (WAS QB, elbow, Mariota starting), David Njoku and Charlie Kolar (both LAC TE, placed on IR after Week 2, min 4 games) - all via multi-source web confirmation (ESPN/CBS/NFL.com/Chargers.com), not yet reflected in Sleeper's live feed.",/home/user/ffcc/output/draft_rankings/draft_rankings_2026_half_ppr.csv
2026,3,00-0036425,DeeJay Dallas,RB,MIN,TB,False,1.0,0.84,-2.0,-2.0,-0.62,3.94,9.7,0.72,0.03,half_ppr,2026-09-22 13:17,"Pre-kickoff snapshot locked 2026-09-22 (all Week 3 games 9/24-9/28, none yet played). Live data refreshed same day (Sleeper live API blocked by sandbox proxy 403, fell back to committed snapshot - see data/fallback/README). Manual weekly-out overrides applied for confirmed Week 3 absences: Jayden Daniels (WAS QB, elbow, Mariota starting), David Njoku and Charlie Kolar (both LAC TE, placed on IR after Week 2, min 4 games) - all via multi-source web confirmation (ESPN/CBS/NFL.com/Chargers.com), not yet reflected in Sleeper's live feed.",/home/user/ffcc/output/draft_rankings/draft_rankings_2026_half_ppr.csv
2026,3,00-0040432,Beaux Collins,WR,ATL,GB,False,1.02,0.84,-2.0,-2.0,-0.52,3.29,8.73,0.74,0.03,half_ppr,2026-09-22 13:17,"Pre-kickoff snapshot locked 2026-09-22 (all Week 3 games 9/24-9/28, none yet played). Live data refreshed same day (Sleeper live API blocked by sandbox proxy 403, fell back to committed snapshot - see data/fallback/README). Manual weekly-out overrides applied for confirmed Week 3 absences: Jayden Daniels (WAS QB, elbow, Mariota starting), David Njoku and Charlie Kolar (both LAC TE, placed on IR after Week 2, min 4 games) - all via multi-source web confirmation (ESPN/CBS/NFL.com/Chargers.com), not yet reflected in Sleeper's live feed.",/home/user/ffcc/output/draft_rankings/draft_rankings_2026_half_ppr.csv
2026,3,00-0037078,Cole Turner,TE,MIA,KC,False,0.81,0.83,-2.0,-2.0,-0.09,2.69,7.13,0.77,0.05,half_ppr,2026-09-22 13:17,"Pre-kickoff snapshot locked 2026-09-22 (all Week 3 games 9/24-9/28, none yet played). Live data refreshed same day (Sleeper live API blocked by sandbox proxy 403, fell back to committed snapshot - see data/fallback/README). Manual weekly-out overrides applied for confirmed Week 3 absences: Jayden Daniels (WAS QB, elbow, Mariota starting), David Njoku and Charlie Kolar (both LAC TE, placed on IR after Week 2, min 4 games) - all via multi-source web confirmation (ESPN/CBS/NFL.com/Chargers.com), not yet reflected in Sleeper's live feed.",/home/user/ffcc/output/draft_rankings/draft_rankings_2026_half_ppr.csv
2026,3,00-0033376,Patrick Ricard,RB,NYG,TEN,False,1.0,0.83,-2.0,-2.0,-0.6,3.8,9.7,0.72,0.03,half_ppr,2026-09-22 13:17,"Pre-kickoff snapshot locked 2026-09-22 (all Week 3 games 9/24-9/28, none yet played). Live data refreshed same day (Sleeper live API blocked by sandbox proxy 403, fell back to committed snapshot - see data/fallback/README). Manual weekly-out overrides applied for confirmed Week 3 absences: Jayden Daniels (WAS QB, elbow, Mariota starting), David Njoku and Charlie Kolar (both LAC TE, placed on IR after Week 2, min 4 games) - all via multi-source web confirmation (ESPN/CBS/NFL.com/Chargers.com), not yet reflected in Sleeper's live feed.",/home/user/ffcc/output/draft_rankings/draft_rankings_2026_half_ppr.csv
2026,3,00-0032104,Ameer Abdullah,RB,JAX,NE,False,0.82,0.82,-2.0,-2.0,-0.65,3.9,9.86,0.72,0.03,half_ppr,2026-09-22 13:17,"Pre-kickoff snapshot locked 2026-09-22 (all Week 3 games 9/24-9/28, none yet played). Live data refreshed same day (Sleeper live API blocked by sandbox proxy 403, fell back to committed snapshot - see data/fallback/README). Manual weekly-out overrides applied for confirmed Week 3 absences: Jayden Daniels (WAS QB, elbow, Mariota starting), David Njoku and Charlie Kolar (both LAC TE, placed on IR after Week 2, min 4 games) - all via multi-source web confirmation (ESPN/CBS/NFL.com/Chargers.com), not yet reflected in Sleeper's live feed.",/home/user/ffcc/output/draft_rankings/draft_rankings_2026_half_ppr.csv
2026,3,00-0039631,Cam Grandy,TE,MIN,TB,False,1.21,0.81,-2.0,-1.99,-0.14,2.52,6.67,0.77,0.04,half_ppr,2026-09-22 13:17,"Pre-kickoff snapshot locked 2026-09-22 (all Week 3 games 9/24-9/28, none yet played). Live data refreshed same day (Sleeper live API blocked by sandbox proxy 403, fell back to committed snapshot - see data/fallback/README). Manual weekly-out overrides applied for confirmed Week 3 absences: Jayden Daniels (WAS QB, elbow, Mariota starting), David Njoku and Charlie Kolar (both LAC TE, placed on IR after Week 2, min 4 games) - all via multi-source web confirmation (ESPN/CBS/NFL.com/Chargers.com), not yet reflected in Sleeper's live feed.",/home/user/ffcc/output/draft_rankings/draft_rankings_2026_half_ppr.csv
2026,3,00-0039394,Casey Washington,WR,CAR,CLE,False,0.89,0.81,-2.0,-2.0,-0.62,3.13,8.26,0.75,0.03,half_ppr,2026-09-22 13:17,"Pre-kickoff snapshot locked 2026-09-22 (all Week 3 games 9/24-9/28, none yet played). Live data refreshed same day (Sleeper live API blocked by sandbox proxy 403, fell back to committed snapshot - see data/fallback/README). Manual weekly-out overrides applied for confirmed Week 3 absences: Jayden Daniels (WAS QB, elbow, Mariota starting), David Njoku and Charlie Kolar (both LAC TE, placed on IR after Week 2, min 4 games) - all via multi-source web confirmation (ESPN/CBS/NFL.com/Chargers.com), not yet reflected in Sleeper's live feed.",/home/user/ffcc/output/draft_rankings/draft_rankings_2026_half_ppr.csv
2026,3,00-0037475,Stone Smartt,TE,NO,LV,False,0.75,0.81,-2.0,-2.0,-0.13,2.56,6.67,0.77,0.05,half_ppr,2026-09-22 13:17,"Pre-kickoff snapshot locked 2026-09-22 (all Week 3 games 9/24-9/28, none yet played). Live data refreshed same day (Sleeper live API blocked by sandbox proxy 403, fell back to committed snapshot - see data/fallback/README). Manual weekly-out overrides applied for confirmed Week 3 absences: Jayden Daniels (WAS QB, elbow, Mariota starting), David Njoku and Charlie Kolar (both LAC TE, placed on IR after Week 2, min 4 games) - all via multi-source web confirmation (ESPN/CBS/NFL.com/Chargers.com), not yet reflected in Sleeper's live feed.",/home/user/ffcc/output/draft_rankings/draft_rankings_2026_half_ppr.csv
2026,3,00-0041132,Deion Burks,WR,IND,HOU,False,0.84,0.8,-2.0,-2.0,-0.54,3.27,8.57,0.74,0.03,half_ppr,2026-09-22 13:17,"Pre-kickoff snapshot locked 2026-09-22 (all Week 3 games 9/24-9/28, none yet played). Live data refreshed same day (Sleeper live API blocked by sandbox proxy 403, fell back to committed snapshot - see data/fallback/README). Manual weekly-out overrides applied for confirmed Week 3 absences: Jayden Daniels (WAS QB, elbow, Mariota starting), David Njoku and Charlie Kolar (both LAC TE, placed on IR after Week 2, min 4 games) - all via multi-source web confirmation (ESPN/CBS/NFL.com/Chargers.com), not yet reflected in Sleeper's live feed.",/home/user/ffcc/output/draft_rankings/draft_rankings_2026_half_ppr.csv
2026,3,00-0041579,Seydou Traore,TE,MIA,KC,False,0.81,0.79,-2.0,-2.0,-0.16,2.66,7.13,0.77,0.05,half_ppr,2026-09-22 13:17,"Pre-kickoff snapshot locked 2026-09-22 (all Week 3 games 9/24-9/28, none yet played). Live data refreshed same day (Sleeper live API blocked by sandbox proxy 403, fell back to committed snapshot - see data/fallback/README). Manual weekly-out overrides applied for confirmed Week 3 absences: Jayden Daniels (WAS QB, elbow, Mariota starting), David Njoku and Charlie Kolar (both LAC TE, placed on IR after Week 2, min 4 games) - all via multi-source web confirmation (ESPN/CBS/NFL.com/Chargers.com), not yet reflected in Sleeper's live feed.",/home/user/ffcc/output/draft_rankings/draft_rankings_2026_half_ppr.csv
2026,3,00-0037282,James Mitchell,TE,DAL,BAL,False,0.8,0.79,-2.0,-1.99,-0.11,2.65,6.82,0.77,0.04,half_ppr,2026-09-22 13:17,"Pre-kickoff snapshot locked 2026-09-22 (all Week 3 games 9/24-9/28, none yet played). Live data refreshed same day (Sleeper live API blocked by sandbox proxy 403, fell back to committed snapshot - see data/fallback/README). Manual weekly-out overrides applied for confirmed Week 3 absences: Jayden Daniels (WAS QB, elbow, Mariota starting), David Njoku and Charlie Kolar (both LAC TE, placed on IR after Week 2, min 4 games) - all via multi-source web confirmation (ESPN/CBS/NFL.com/Chargers.com), not yet reflected in Sleeper's live feed.",/home/user/ffcc/output/draft_rankings/draft_rankings_2026_half_ppr.csv
2026,3,00-0041094,Bauer Sharp,TE,TB,MIN,False,0.79,0.78,-2.0,-2.0,-0.14,2.56,6.9,0.77,0.05,half_ppr,2026-09-22 13:17,"Pre-kickoff snapshot locked 2026-09-22 (all Week 3 games 9/24-9/28, none yet played). Live data refreshed same day (Sleeper live API blocked by sandbox proxy 403, fell back to committed snapshot - see data/fallback/README). Manual weekly-out overrides applied for confirmed Week 3 absences: Jayden Daniels (WAS QB, elbow, Mariota starting), David Njoku and Charlie Kolar (both LAC TE, placed on IR after Week 2, min 4 games) - all via multi-source web confirmation (ESPN/CBS/NFL.com/Chargers.com), not yet reflected in Sleeper's live feed.",/home/user/ffcc/output/draft_rankings/draft_rankings_2026_half_ppr.csv
2026,3,00-0034419,Braxton Berrios,WR,NYG,TEN,False,1.17,0.76,-2.0,-2.0,-0.65,3.02,8.55,0.75,0.02,half_ppr,2026-09-22 13:17,"Pre-kickoff snapshot locked 2026-09-22 (all Week 3 games 9/24-9/28, none yet played). Live data refreshed same day (Sleeper live API blocked by sandbox proxy 403, fell back to committed snapshot - see data/fallback/README). Manual weekly-out overrides applied for confirmed Week 3 absences: Jayden Daniels (WAS QB, elbow, Mariota starting), David Njoku and Charlie Kolar (both LAC TE, placed on IR after Week 2, min 4 games) - all via multi-source web confirmation (ESPN/CBS/NFL.com/Chargers.com), not yet reflected in Sleeper's live feed.",/home/user/ffcc/output/draft_rankings/draft_rankings_2026_half_ppr.csv
2026,3,00-0038590,Justin Shorter,TE,LV,NO,False,0.93,0.75,-2.0,-2.0,-0.18,2.57,6.74,0.77,0.05,half_ppr,2026-09-22 13:17,"Pre-kickoff snapshot locked 2026-09-22 (all Week 3 games 9/24-9/28, none yet played). Live data refreshed same day (Sleeper live API blocked by sandbox proxy 403, fell back to committed snapshot - see data/fallback/README). Manual weekly-out overrides applied for confirmed Week 3 absences: Jayden Daniels (WAS QB, elbow, Mariota starting), David Njoku and Charlie Kolar (both LAC TE, placed on IR after Week 2, min 4 games) - all via multi-source web confirmation (ESPN/CBS/NFL.com/Chargers.com), not yet reflected in Sleeper's live feed.",/home/user/ffcc/output/draft_rankings/draft_rankings_2026_half_ppr.csv
2026,3,00-0032951,Laquon Treadwell,WR,IND,HOU,False,0.84,0.73,-2.0,-2.0,-0.67,2.94,8.33,0.75,0.02,half_ppr,2026-09-22 13:17,"Pre-kickoff snapshot locked 2026-09-22 (all Week 3 games 9/24-9/28, none yet played). Live data refreshed same day (Sleeper live API blocked by sandbox proxy 403, fell back to committed snapshot - see data/fallback/README). Manual weekly-out overrides applied for confirmed Week 3 absences: Jayden Daniels (WAS QB, elbow, Mariota starting), David Njoku and Charlie Kolar (both LAC TE, placed on IR after Week 2, min 4 games) - all via multi-source web confirmation (ESPN/CBS/NFL.com/Chargers.com), not yet reflected in Sleeper's live feed.",/home/user/ffcc/output/draft_rankings/draft_rankings_2026_half_ppr.csv
2026,3,00-0037340,Zaire Mitchell-Paden,TE,HOU,IND,False,1.15,0.72,-2.0,-2.0,-0.21,2.65,6.79,0.77,0.05,half_ppr,2026-09-22 13:17,"Pre-kickoff snapshot locked 2026-09-22 (all Week 3 games 9/24-9/28, none yet played). Live data refreshed same day (Sleeper live API blocked by sandbox proxy 403, fell back to committed snapshot - see data/fallback/README). Manual weekly-out overrides applied for confirmed Week 3 absences: Jayden Daniels (WAS QB, elbow, Mariota starting), David Njoku and Charlie Kolar (both LAC TE, placed on IR after Week 2, min 4 games) - all via multi-source web confirmation (ESPN/CBS/NFL.com/Chargers.com), not yet reflected in Sleeper's live feed.",/home/user/ffcc/output/draft_rankings/draft_rankings_2026_half_ppr.csv
2026,3,00-0040058,Nick Kallerup,TE,SEA,WAS,False,1.25,0.68,-2.0,-2.0,-0.21,2.59,6.69,0.77,0.04,half_ppr,2026-09-22 13:17,"Pre-kickoff snapshot locked 2026-09-22 (all Week 3 games 9/24-9/28, none yet played). Live data refreshed same day (Sleeper live API blocked by sandbox proxy 403, fell back to committed snapshot - see data/fallback/README). Manual weekly-out overrides applied for confirmed Week 3 absences: Jayden Daniels (WAS QB, elbow, Mariota starting), David Njoku and Charlie Kolar (both LAC TE, placed on IR after Week 2, min 4 games) - all via multi-source web confirmation (ESPN/CBS/NFL.com/Chargers.com), not yet reflected in Sleeper's live feed.",/home/user/ffcc/output/draft_rankings/draft_rankings_2026_half_ppr.csv
2026,3,00-0037311,Ko Kieft,TE,TB,MIN,False,0.79,0.64,-2.0,-2.0,-0.3,2.46,6.7,0.78,0.04,half_ppr,2026-09-22 13:17,"Pre-kickoff snapshot locked 2026-09-22 (all Week 3 games 9/24-9/28, none yet played). Live data refreshed same day (Sleeper live API blocked by sandbox proxy 403, fell back to committed snapshot - see data/fallback/README). Manual weekly-out overrides applied for confirmed Week 3 absences: Jayden Daniels (WAS QB, elbow, Mariota starting), David Njoku and Charlie Kolar (both LAC TE, placed on IR after Week 2, min 4 games) - all via multi-source web confirmation (ESPN/CBS/NFL.com/Chargers.com), not yet reflected in Sleeper's live feed.",/home/user/ffcc/output/draft_rankings/draft_rankings_2026_half_ppr.csv
2026,3,00-0040628,Drake Dabney,TE,GB,ATL,False,0.76,0.64,-2.0,-2.0,-0.24,2.54,6.94,0.77,0.04,half_ppr,2026-09-22 13:17,"Pre-kickoff snapshot locked 2026-09-22 (all Week 3 games 9/24-9/28, none yet played). Live data refreshed same day (Sleeper live API blocked by sandbox proxy 403, fell back to committed snapshot - see data/fallback/README). Manual weekly-out overrides applied for confirmed Week 3 absences: Jayden Daniels (WAS QB, elbow, Mariota starting), David Njoku and Charlie Kolar (both LAC TE, placed on IR after Week 2, min 4 games) - all via multi-source web confirmation (ESPN/CBS/NFL.com/Chargers.com), not yet reflected in Sleeper's live feed.",/home/user/ffcc/output/draft_rankings/draft_rankings_2026_half_ppr.csv
2026,3,00-0038496,Xavier Gipson,WR,PHI,CHI,False,1.21,0.61,-2.0,-2.0,-0.73,3.06,8.41,0.75,0.02,half_ppr,2026-09-22 13:17,"Pre-kickoff snapshot locked 2026-09-22 (all Week 3 games 9/24-9/28, none yet played). Live data refreshed same day (Sleeper live API blocked by sandbox proxy 403, fell back to committed snapshot - see data/fallback/README). Manual weekly-out overrides applied for confirmed Week 3 absences: Jayden Daniels (WAS QB, elbow, Mariota starting), David Njoku and Charlie Kolar (both LAC TE, placed on IR after Week 2, min 4 games) - all via multi-source web confirmation (ESPN/CBS/NFL.com/Chargers.com), not yet reflected in Sleeper's live feed.",/home/user/ffcc/output/draft_rankings/draft_rankings_2026_half_ppr.csv
2026,3,00-0040215,Gavin Bartholomew,TE,MIN,TB,False,1.21,0.6,-2.0,-2.0,-0.28,2.4,6.61,0.78,0.04,half_ppr,2026-09-22 13:17,"Pre-kickoff snapshot locked 2026-09-22 (all Week 3 games 9/24-9/28, none yet played). Live data refreshed same day (Sleeper live API blocked by sandbox proxy 403, fell back to committed snapshot - see data/fallback/README). Manual weekly-out overrides applied for confirmed Week 3 absences: Jayden Daniels (WAS QB, elbow, Mariota starting), David Njoku and Charlie Kolar (both LAC TE, placed on IR after Week 2, min 4 games) - all via multi-source web confirmation (ESPN/CBS/NFL.com/Chargers.com), not yet reflected in Sleeper's live feed.",/home/user/ffcc/output/draft_rankings/draft_rankings_2026_half_ppr.csv
2026,3,00-0032394,Nick Vannett,TE,BAL,DAL,False,0.91,0.58,-2.0,-2.0,-0.35,2.41,6.68,0.78,0.04,half_ppr,2026-09-22 13:17,"Pre-kickoff snapshot locked 2026-09-22 (all Week 3 games 9/24-9/28, none yet played). Live data refreshed same day (Sleeper live API blocked by sandbox proxy 403, fell back to committed snapshot - see data/fallback/README). Manual weekly-out overrides applied for confirmed Week 3 absences: Jayden Daniels (WAS QB, elbow, Mariota starting), David Njoku and Charlie Kolar (both LAC TE, placed on IR after Week 2, min 4 games) - all via multi-source web confirmation (ESPN/CBS/NFL.com/Chargers.com), not yet reflected in Sleeper's live feed.",/home/user/ffcc/output/draft_rankings/draft_rankings_2026_half_ppr.csv
2026,3,00-0036332,Josiah Deguara,TE,PHI,CHI,False,0.96,0.56,-2.0,-2.0,-0.35,2.24,6.6,0.79,0.04,half_ppr,2026-09-22 13:17,"Pre-kickoff snapshot locked 2026-09-22 (all Week 3 games 9/24-9/28, none yet played). Live data refreshed same day (Sleeper live API blocked by sandbox proxy 403, fell back to committed snapshot - see data/fallback/README). Manual weekly-out overrides applied for confirmed Week 3 absences: Jayden Daniels (WAS QB, elbow, Mariota starting), David Njoku and Charlie Kolar (both LAC TE, placed on IR after Week 2, min 4 games) - all via multi-source web confirmation (ESPN/CBS/NFL.com/Chargers.com), not yet reflected in Sleeper's live feed.",/home/user/ffcc/output/draft_rankings/draft_rankings_2026_half_ppr.csv
2026,3,00-0039710,Jeshaun Jones,WR,MIN,TB,False,1.01,0.56,-2.0,-2.0,-0.79,2.91,8.11,0.75,0.02,half_ppr,2026-09-22 13:17,"Pre-kickoff snapshot locked 2026-09-22 (all Week 3 games 9/24-9/28, none yet played). Live data refreshed same day (Sleeper live API blocked by sandbox proxy 403, fell back to committed snapshot - see data/fallback/README). Manual weekly-out overrides applied for confirmed Week 3 absences: Jayden Daniels (WAS QB, elbow, Mariota starting), David Njoku and Charlie Kolar (both LAC TE, placed on IR after Week 2, min 4 games) - all via multi-source web confirmation (ESPN/CBS/NFL.com/Chargers.com), not yet reflected in Sleeper's live feed.",/home/user/ffcc/output/draft_rankings/draft_rankings_2026_half_ppr.csv
2026,3,00-0040488,Carter Runyon,TE,LV,NO,False,0.93,0.56,-2.0,-2.0,-0.37,2.51,6.86,0.77,0.05,half_ppr,2026-09-22 13:17,"Pre-kickoff snapshot locked 2026-09-22 (all Week 3 games 9/24-9/28, none yet played). Live data refreshed same day (Sleeper live API blocked by sandbox proxy 403, fell back to committed snapshot - see data/fallback/README). Manual weekly-out overrides applied for confirmed Week 3 absences: Jayden Daniels (WAS QB, elbow, Mariota starting), David Njoku and Charlie Kolar (both LAC TE, placed on IR after Week 2, min 4 games) - all via multi-source web confirmation (ESPN/CBS/NFL.com/Chargers.com), not yet reflected in Sleeper's live feed.",/home/user/ffcc/output/draft_rankings/draft_rankings_2026_half_ppr.csv
2026,3,00-0037617,Hassan Haskins,RB,NE,JAX,False,0.81,0.54,-2.0,-2.0,-0.89,3.7,9.51,0.73,0.03,half_ppr,2026-09-22 13:17,"Pre-kickoff snapshot locked 2026-09-22 (all Week 3 games 9/24-9/28, none yet played). Live data refreshed same day (Sleeper live API blocked by sandbox proxy 403, fell back to committed snapshot - see data/fallback/README). Manual weekly-out overrides applied for confirmed Week 3 absences: Jayden Daniels (WAS QB, elbow, Mariota starting), David Njoku and Charlie Kolar (both LAC TE, placed on IR after Week 2, min 4 games) - all via multi-source web confirmation (ESPN/CBS/NFL.com/Chargers.com), not yet reflected in Sleeper's live feed.",/home/user/ffcc/output/draft_rankings/draft_rankings_2026_half_ppr.csv
2026,3,00-0031484,Chris Manhertz,TE,NYG,TEN,False,1.07,0.54,-2.0,-2.0,-0.4,2.36,6.63,0.78,0.04,half_ppr,2026-09-22 13:17,"Pre-kickoff snapshot locked 2026-09-22 (all Week 3 games 9/24-9/28, none yet played). Live data refreshed same day (Sleeper live API blocked by sandbox proxy 403, fell back to committed snapshot - see data/fallback/README). Manual weekly-out overrides applied for confirmed Week 3 absences: Jayden Daniels (WAS QB, elbow, Mariota starting), David Njoku and Charlie Kolar (both LAC TE, placed on IR after Week 2, min 4 games) - all via multi-source web confirmation (ESPN/CBS/NFL.com/Chargers.com), not yet reflected in Sleeper's live feed.",/home/user/ffcc/output/draft_rankings/draft_rankings_2026_half_ppr.csv
2026,3,00-0034854,KhaDarel Hodge,WR,SF,ARI,False,0.97,0.53,-2.0,-2.0,-0.8,2.97,8.33,0.75,0.02,half_ppr,2026-09-22 13:17,"Pre-kickoff snapshot locked 2026-09-22 (all Week 3 games 9/24-9/28, none yet played). Live data refreshed same day (Sleeper live API blocked by sandbox proxy 403, fell back to committed snapshot - see data/fallback/README). Manual weekly-out overrides applied for confirmed Week 3 absences: Jayden Daniels (WAS QB, elbow, Mariota starting), David Njoku and Charlie Kolar (both LAC TE, placed on IR after Week 2, min 4 games) - all via multi-source web confirmation (ESPN/CBS/NFL.com/Chargers.com), not yet reflected in Sleeper's live feed.",/home/user/ffcc/output/draft_rankings/draft_rankings_2026_half_ppr.csv
2026,3,00-0040259,Gage Larvadain,WR,BAL,DAL,False,1.32,0.51,-2.0,-2.0,-0.89,2.84,8.31,0.76,0.02,half_ppr,2026-09-22 13:17,"Pre-kickoff snapshot locked 2026-09-22 (all Week 3 games 9/24-9/28, none yet played). Live data refreshed same day (Sleeper live API blocked by sandbox proxy 403, fell back to committed snapshot - see data/fallback/README). Manual weekly-out overrides applied for confirmed Week 3 absences: Jayden Daniels (WAS QB, elbow, Mariota starting), David Njoku and Charlie Kolar (both LAC TE, placed on IR after Week 2, min 4 games) - all via multi-source web confirmation (ESPN/CBS/NFL.com/Chargers.com), not yet reflected in Sleeper's live feed.",/home/user/ffcc/output/draft_rankings/draft_rankings_2026_half_ppr.csv
2026,3,00-0040225,Thomas Fidone II,TE,NYG,TEN,False,1.07,0.47,-2.0,-2.0,-0.42,2.25,6.82,0.78,0.04,half_ppr,2026-09-22 13:17,"Pre-kickoff snapshot locked 2026-09-22 (all Week 3 games 9/24-9/28, none yet played). Live data refreshed same day (Sleeper live API blocked by sandbox proxy 403, fell back to committed snapshot - see data/fallback/README). Manual weekly-out overrides applied for confirmed Week 3 absences: Jayden Daniels (WAS QB, elbow, Mariota starting), David Njoku and Charlie Kolar (both LAC TE, placed on IR after Week 2, min 4 games) - all via multi-source web confirmation (ESPN/CBS/NFL.com/Chargers.com), not yet reflected in Sleeper's live feed.",/home/user/ffcc/output/draft_rankings/draft_rankings_2026_half_ppr.csv
2026,3,00-0040431,Dalen Cambre,WR,NYG,TEN,False,1.17,0.41,-2.0,-2.0,-0.94,2.89,8.34,0.75,0.02,half_ppr,2026-09-22 13:17,"Pre-kickoff snapshot locked 2026-09-22 (all Week 3 games 9/24-9/28, none yet played). Live data refreshed same day (Sleeper live API blocked by sandbox proxy 403, fell back to committed snapshot - see data/fallback/README). Manual weekly-out overrides applied for confirmed Week 3 absences: Jayden Daniels (WAS QB, elbow, Mariota starting), David Njoku and Charlie Kolar (both LAC TE, placed on IR after Week 2, min 4 games) - all via multi-source web confirmation (ESPN/CBS/NFL.com/Chargers.com), not yet reflected in Sleeper's live feed.",/home/user/ffcc/output/draft_rankings/draft_rankings_2026_half_ppr.csv
2026,3,00-0040241,Dominic Lovett,WR,DET,NYJ,False,0.99,0.41,-2.0,-2.0,-0.97,2.79,8.24,0.76,0.02,half_ppr,2026-09-22 13:17,"Pre-kickoff snapshot locked 2026-09-22 (all Week 3 games 9/24-9/28, none yet played). Live data refreshed same day (Sleeper live API blocked by sandbox proxy 403, fell back to committed snapshot - see data/fallback/README). Manual weekly-out overrides applied for confirmed Week 3 absences: Jayden Daniels (WAS QB, elbow, Mariota starting), David Njoku and Charlie Kolar (both LAC TE, placed on IR after Week 2, min 4 games) - all via multi-source web confirmation (ESPN/CBS/NFL.com/Chargers.com), not yet reflected in Sleeper's live feed.",/home/user/ffcc/output/draft_rankings/draft_rankings_2026_half_ppr.csv
2026,3,00-0034487,Trent Sherfield,WR,BUF,LAC,False,0.88,0.38,-2.0,-2.0,-1.0,2.74,8.06,0.76,0.02,half_ppr,2026-09-22 13:17,"Pre-kickoff snapshot locked 2026-09-22 (all Week 3 games 9/24-9/28, none yet played). Live data refreshed same day (Sleeper live API blocked by sandbox proxy 403, fell back to committed snapshot - see data/fallback/README). Manual weekly-out overrides applied for confirmed Week 3 absences: Jayden Daniels (WAS QB, elbow, Mariota starting), David Njoku and Charlie Kolar (both LAC TE, placed on IR after Week 2, min 4 games) - all via multi-source web confirmation (ESPN/CBS/NFL.com/Chargers.com), not yet reflected in Sleeper's live feed.",/home/user/ffcc/output/draft_rankings/draft_rankings_2026_half_ppr.csv
2026,3,00-0038564,Cameron Latu,TE,NE,JAX,False,1.1,0.36,-2.0,-2.0,-0.54,2.31,6.6,0.79,0.04,half_ppr,2026-09-22 13:17,"Pre-kickoff snapshot locked 2026-09-22 (all Week 3 games 9/24-9/28, none yet played). Live data refreshed same day (Sleeper live API blocked by sandbox proxy 403, fell back to committed snapshot - see data/fallback/README). Manual weekly-out overrides applied for confirmed Week 3 absences: Jayden Daniels (WAS QB, elbow, Mariota starting), David Njoku and Charlie Kolar (both LAC TE, placed on IR after Week 2, min 4 games) - all via multi-source web confirmation (ESPN/CBS/NFL.com/Chargers.com), not yet reflected in Sleeper's live feed.",/home/user/ffcc/output/draft_rankings/draft_rankings_2026_half_ppr.csv
2026,3,00-0041131,Carsen Ryan,TE,CLE,CAR,False,1.05,0.32,-2.0,-2.0,-0.66,1.99,6.22,0.8,0.04,half_ppr,2026-09-22 13:17,"Pre-kickoff snapshot locked 2026-09-22 (all Week 3 games 9/24-9/28, none yet played). Live data refreshed same day (Sleeper live API blocked by sandbox proxy 403, fell back to committed snapshot - see data/fallback/README). Manual weekly-out overrides applied for confirmed Week 3 absences: Jayden Daniels (WAS QB, elbow, Mariota starting), David Njoku and Charlie Kolar (both LAC TE, placed on IR after Week 2, min 4 games) - all via multi-source web confirmation (ESPN/CBS/NFL.com/Chargers.com), not yet reflected in Sleeper's live feed.",/home/user/ffcc/output/draft_rankings/draft_rankings_2026_half_ppr.csv
2026,3,00-0037031,Nikola Kalinic,TE,CHI,PHI,False,0.6,0.3,-2.0,-2.0,-0.6,2.1,6.36,0.79,0.04,half_ppr,2026-09-22 13:17,"Pre-kickoff snapshot locked 2026-09-22 (all Week 3 games 9/24-9/28, none yet played). Live data refreshed same day (Sleeper live API blocked by sandbox proxy 403, fell back to committed snapshot - see data/fallback/README). Manual weekly-out overrides applied for confirmed Week 3 absences: Jayden Daniels (WAS QB, elbow, Mariota starting), David Njoku and Charlie Kolar (both LAC TE, placed on IR after Week 2, min 4 games) - all via multi-source web confirmation (ESPN/CBS/NFL.com/Chargers.com), not yet reflected in Sleeper's live feed.",/home/user/ffcc/output/draft_rankings/draft_rankings_2026_half_ppr.csv
2026,3,00-0035602,Alex Bachman,WR,LA,DEN,False,0.84,0.3,-2.0,-2.0,-1.06,2.7,8.04,0.76,0.02,half_ppr,2026-09-22 13:17,"Pre-kickoff snapshot locked 2026-09-22 (all Week 3 games 9/24-9/28, none yet played). Live data refreshed same day (Sleeper live API blocked by sandbox proxy 403, fell back to committed snapshot - see data/fallback/README). Manual weekly-out overrides applied for confirmed Week 3 absences: Jayden Daniels (WAS QB, elbow, Mariota starting), David Njoku and Charlie Kolar (both LAC TE, placed on IR after Week 2, min 4 games) - all via multi-source web confirmation (ESPN/CBS/NFL.com/Chargers.com), not yet reflected in Sleeper's live feed.",/home/user/ffcc/output/draft_rankings/draft_rankings_2026_half_ppr.csv
2026,3,00-0033439,Pharaoh Brown,TE,IND,HOU,False,0.91,0.3,-2.0,-2.0,-0.6,2.12,6.34,0.79,0.04,half_ppr,2026-09-22 13:17,"Pre-kickoff snapshot locked 2026-09-22 (all Week 3 games 9/24-9/28, none yet played). Live data refreshed same day (Sleeper live API blocked by sandbox proxy 403, fell back to committed snapshot - see data/fallback/README). Manual weekly-out overrides applied for confirmed Week 3 absences: Jayden Daniels (WAS QB, elbow, Mariota starting), David Njoku and Charlie Kolar (both LAC TE, placed on IR after Week 2, min 4 games) - all via multi-source web confirmation (ESPN/CBS/NFL.com/Chargers.com), not yet reflected in Sleeper's live feed.",/home/user/ffcc/output/draft_rankings/draft_rankings_2026_half_ppr.csv
2026,3,00-0040240,Caleb Lohner,TE,DEN,LA,False,0.98,0.25,-2.0,-2.0,-0.63,2.09,6.49,0.79,0.04,half_ppr,2026-09-22 13:17,"Pre-kickoff snapshot locked 2026-09-22 (all Week 3 games 9/24-9/28, none yet played). Live data refreshed same day (Sleeper live API blocked by sandbox proxy 403, fell back to committed snapshot - see data/fallback/README). Manual weekly-out overrides applied for confirmed Week 3 absences: Jayden Daniels (WAS QB, elbow, Mariota starting), David Njoku and Charlie Kolar (both LAC TE, placed on IR after Week 2, min 4 games) - all via multi-source web confirmation (ESPN/CBS/NFL.com/Chargers.com), not yet reflected in Sleeper's live feed.",/home/user/ffcc/output/draft_rankings/draft_rankings_2026_half_ppr.csv
2026,3,00-0038396,Eric Gray,RB,CLE,CAR,False,1.1,0.23,-2.0,-2.0,-1.04,3.46,9.54,0.73,0.03,half_ppr,2026-09-22 13:17,"Pre-kickoff snapshot locked 2026-09-22 (all Week 3 games 9/24-9/28, none yet played). Live data refreshed same day (Sleeper live API blocked by sandbox proxy 403, fell back to committed snapshot - see data/fallback/README). Manual weekly-out overrides applied for confirmed Week 3 absences: Jayden Daniels (WAS QB, elbow, Mariota starting), David Njoku and Charlie Kolar (both LAC TE, placed on IR after Week 2, min 4 games) - all via multi-source web confirmation (ESPN/CBS/NFL.com/Chargers.com), not yet reflected in Sleeper's live feed.",/home/user/ffcc/output/draft_rankings/draft_rankings_2026_half_ppr.csv
2026,3,00-0039305,Jack Westover,TE,WAS,SEA,False,1.09,0.21,-2.0,-2.0,-0.75,1.91,6.33,0.8,0.04,half_ppr,2026-09-22 13:17,"Pre-kickoff snapshot locked 2026-09-22 (all Week 3 games 9/24-9/28, none yet played). Live data refreshed same day (Sleeper live API blocked by sandbox proxy 403, fell back to committed snapshot - see data/fallback/README). Manual weekly-out overrides applied for confirmed Week 3 absences: Jayden Daniels (WAS QB, elbow, Mariota starting), David Njoku and Charlie Kolar (both LAC TE, placed on IR after Week 2, min 4 games) - all via multi-source web confirmation (ESPN/CBS/NFL.com/Chargers.com), not yet reflected in Sleeper's live feed.",/home/user/ffcc/output/draft_rankings/draft_rankings_2026_half_ppr.csv
2026,3,00-0035594,Travis Homer,RB,PIT,CIN,False,1.31,0.2,-2.0,-2.0,-1.18,3.36,9.13,0.74,0.03,half_ppr,2026-09-22 13:17,"Pre-kickoff snapshot locked 2026-09-22 (all Week 3 games 9/24-9/28, none yet played). Live data refreshed same day (Sleeper live API blocked by sandbox proxy 403, fell back to committed snapshot - see data/fallback/README). Manual weekly-out overrides applied for confirmed Week 3 absences: Jayden Daniels (WAS QB, elbow, Mariota starting), David Njoku and Charlie Kolar (both LAC TE, placed on IR after Week 2, min 4 games) - all via multi-source web confirmation (ESPN/CBS/NFL.com/Chargers.com), not yet reflected in Sleeper's live feed.",/home/user/ffcc/output/draft_rankings/draft_rankings_2026_half_ppr.csv
2026,3,00-0035567,Craig Reynolds,RB,WAS,SEA,False,0.79,0.17,-2.0,-2.0,-1.18,3.37,9.2,0.73,0.03,half_ppr,2026-09-22 13:17,"Pre-kickoff snapshot locked 2026-09-22 (all Week 3 games 9/24-9/28, none yet played). Live data refreshed same day (Sleeper live API blocked by sandbox proxy 403, fell back to committed snapshot - see data/fallback/README). Manual weekly-out overrides applied for confirmed Week 3 absences: Jayden Daniels (WAS QB, elbow, Mariota starting), David Njoku and Charlie Kolar (both LAC TE, placed on IR after Week 2, min 4 games) - all via multi-source web confirmation (ESPN/CBS/NFL.com/Chargers.com), not yet reflected in Sleeper's live feed.",/home/user/ffcc/output/draft_rankings/draft_rankings_2026_half_ppr.csv
2026,3,00-0033757,Robert Tonyan,TE,PIT,CIN,False,1.64,0.13,-2.0,-2.0,-0.79,2.1,6.25,0.79,0.04,half_ppr,2026-09-22 13:17,"Pre-kickoff snapshot locked 2026-09-22 (all Week 3 games 9/24-9/28, none yet played). Live data refreshed same day (Sleeper live API blocked by sandbox proxy 403, fell back to committed snapshot - see data/fallback/README). Manual weekly-out overrides applied for confirmed Week 3 absences: Jayden Daniels (WAS QB, elbow, Mariota starting), David Njoku and Charlie Kolar (both LAC TE, placed on IR after Week 2, min 4 games) - all via multi-source web confirmation (ESPN/CBS/NFL.com/Chargers.com), not yet reflected in Sleeper's live feed.",/home/user/ffcc/output/draft_rankings/draft_rankings_2026_half_ppr.csv
2026,3,00-0040901,Jaren Kanak,TE,TEN,NYG,False,0.84,0.13,-2.0,-2.0,-0.78,1.91,6.05,0.8,0.04,half_ppr,2026-09-22 13:17,"Pre-kickoff snapshot locked 2026-09-22 (all Week 3 games 9/24-9/28, none yet played). Live data refreshed same day (Sleeper live API blocked by sandbox proxy 403, fell back to committed snapshot - see data/fallback/README). Manual weekly-out overrides applied for confirmed Week 3 absences: Jayden Daniels (WAS QB, elbow, Mariota starting), David Njoku and Charlie Kolar (both LAC TE, placed on IR after Week 2, min 4 games) - all via multi-source web confirmation (ESPN/CBS/NFL.com/Chargers.com), not yet reflected in Sleeper's live feed.",/home/user/ffcc/output/draft_rankings/draft_rankings_2026_half_ppr.csv
2026,3,00-0041133,Dallen Bentley,TE,DEN,LA,False,0.98,0.04,-2.0,-2.0,-0.94,1.8,6.16,0.81,0.04,half_ppr,2026-09-22 13:17,"Pre-kickoff snapshot locked 2026-09-22 (all Week 3 games 9/24-9/28, none yet played). Live data refreshed same day (Sleeper live API blocked by sandbox proxy 403, fell back to committed snapshot - see data/fallback/README). Manual weekly-out overrides applied for confirmed Week 3 absences: Jayden Daniels (WAS QB, elbow, Mariota starting), David Njoku and Charlie Kolar (both LAC TE, placed on IR after Week 2, min 4 games) - all via multi-source web confirmation (ESPN/CBS/NFL.com/Chargers.com), not yet reflected in Sleeper's live feed.",/home/user/ffcc/output/draft_rankings/draft_rankings_2026_half_ppr.csv
2026,3,00-0035645,Gunner Olszewski,WR,NYG,TEN,False,1.17,0.0,0.0,0.0,0.0,0.0,0.0,1.0,0.0,half_ppr,2026-09-22 13:17,"Pre-kickoff snapshot locked 2026-09-22 (all Week 3 games 9/24-9/28, none yet played). Live data refreshed same day (Sleeper live API blocked by sandbox proxy 403, fell back to committed snapshot - see data/fallback/README). Manual weekly-out overrides applied for confirmed Week 3 absences: Jayden Daniels (WAS QB, elbow, Mariota starting), David Njoku and Charlie Kolar (both LAC TE, placed on IR after Week 2, min 4 games) - all via multi-source web confirmation (ESPN/CBS/NFL.com/Chargers.com), not yet reflected in Sleeper's live feed.",/home/user/ffcc/output/draft_rankings/draft_rankings_2026_half_ppr.csv
2026,3,00-0029263,Russell Wilson,QB,,,True,1.0,0.0,0.0,0.0,0.0,0.0,0.0,1.0,0.0,half_ppr,2026-09-22 13:17,"Pre-kickoff snapshot locked 2026-09-22 (all Week 3 games 9/24-9/28, none yet played). Live data refreshed same day (Sleeper live API blocked by sandbox proxy 403, fell back to committed snapshot - see data/fallback/README). Manual weekly-out overrides applied for confirmed Week 3 absences: Jayden Daniels (WAS QB, elbow, Mariota starting), David Njoku and Charlie Kolar (both LAC TE, placed on IR after Week 2, min 4 games) - all via multi-source web confirmation (ESPN/CBS/NFL.com/Chargers.com), not yet reflected in Sleeper's live feed.",/home/user/ffcc/output/draft_rankings/draft_rankings_2026_half_ppr.csv
2026,3,00-0032434,Brandon Allen,QB,,,True,1.0,0.0,0.0,0.0,0.0,0.0,0.0,1.0,0.0,half_ppr,2026-09-22 13:17,"Pre-kickoff snapshot locked 2026-09-22 (all Week 3 games 9/24-9/28, none yet played). Live data refreshed same day (Sleeper live API blocked by sandbox proxy 403, fell back to committed snapshot - see data/fallback/README). Manual weekly-out overrides applied for confirmed Week 3 absences: Jayden Daniels (WAS QB, elbow, Mariota starting), David Njoku and Charlie Kolar (both LAC TE, placed on IR after Week 2, min 4 games) - all via multi-source web confirmation (ESPN/CBS/NFL.com/Chargers.com), not yet reflected in Sleeper's live feed.",/home/user/ffcc/output/draft_rankings/draft_rankings_2026_half_ppr.csv
2026,3,00-0033885,David Njoku,TE,LAC,BUF,False,0.62,0.0,0.0,0.0,0.0,0.0,0.0,1.0,0.0,half_ppr,2026-09-22 13:17,"Pre-kickoff snapshot locked 2026-09-22 (all Week 3 games 9/24-9/28, none yet played). Live data refreshed same day (Sleeper live API blocked by sandbox proxy 403, fell back to committed snapshot - see data/fallback/README). Manual weekly-out overrides applied for confirmed Week 3 absences: Jayden Daniels (WAS QB, elbow, Mariota starting), David Njoku and Charlie Kolar (both LAC TE, placed on IR after Week 2, min 4 games) - all via multi-source web confirmation (ESPN/CBS/NFL.com/Chargers.com), not yet reflected in Sleeper's live feed.",/home/user/ffcc/output/draft_rankings/draft_rankings_2026_half_ppr.csv
2026,3,00-0035676,A.J. Brown,WR,NE,JAX,False,0.99,0.0,0.0,0.0,0.0,0.0,0.0,1.0,0.0,half_ppr,2026-09-22 13:17,"Pre-kickoff snapshot locked 2026-09-22 (all Week 3 games 9/24-9/28, none yet played). Live data refreshed same day (Sleeper live API blocked by sandbox proxy 403, fell back to committed snapshot - see data/fallback/README). Manual weekly-out overrides applied for confirmed Week 3 absences: Jayden Daniels (WAS QB, elbow, Mariota starting), David Njoku and Charlie Kolar (both LAC TE, placed on IR after Week 2, min 4 games) - all via multi-source web confirmation (ESPN/CBS/NFL.com/Chargers.com), not yet reflected in Sleeper's live feed.",/home/user/ffcc/output/draft_rankings/draft_rankings_2026_half_ppr.csv
2026,3,00-0035726,Jakob Johnson,RB,,,True,1.0,0.0,0.0,0.0,0.0,0.0,0.0,1.0,0.0,half_ppr,2026-09-22 13:17,"Pre-kickoff snapshot locked 2026-09-22 (all Week 3 games 9/24-9/28, none yet played). Live data refreshed same day (Sleeper live API blocked by sandbox proxy 403, fell back to committed snapshot - see data/fallback/README). Manual weekly-out overrides applied for confirmed Week 3 absences: Jayden Daniels (WAS QB, elbow, Mariota starting), David Njoku and Charlie Kolar (both LAC TE, placed on IR after Week 2, min 4 games) - all via multi-source web confirmation (ESPN/CBS/NFL.com/Chargers.com), not yet reflected in Sleeper's live feed.",/home/user/ffcc/output/draft_rankings/draft_rankings_2026_half_ppr.csv
2026,3,00-0034869,Sam Darnold,QB,SEA,WAS,False,1.2,0.0,0.0,0.0,0.0,0.0,0.0,1.0,0.0,half_ppr,2026-09-22 13:17,"Pre-kickoff snapshot locked 2026-09-22 (all Week 3 games 9/24-9/28, none yet played). Live data refreshed same day (Sleeper live API blocked by sandbox proxy 403, fell back to committed snapshot - see data/fallback/README). Manual weekly-out overrides applied for confirmed Week 3 absences: Jayden Daniels (WAS QB, elbow, Mariota starting), David Njoku and Charlie Kolar (both LAC TE, placed on IR after Week 2, min 4 games) - all via multi-source web confirmation (ESPN/CBS/NFL.com/Chargers.com), not yet reflected in Sleeper's live feed.",/home/user/ffcc/output/draft_rankings/draft_rankings_2026_half_ppr.csv
2026,3,00-0033040,Tyreek Hill,WR,,,True,1.0,0.0,0.0,0.0,0.0,0.0,0.0,1.0,0.0,half_ppr,2026-09-22 13:17,"Pre-kickoff snapshot locked 2026-09-22 (all Week 3 games 9/24-9/28, none yet played). Live data refreshed same day (Sleeper live API blocked by sandbox proxy 403, fell back to committed snapshot - see data/fallback/README). Manual weekly-out overrides applied for confirmed Week 3 absences: Jayden Daniels (WAS QB, elbow, Mariota starting), David Njoku and Charlie Kolar (both LAC TE, placed on IR after Week 2, min 4 games) - all via multi-source web confirmation (ESPN/CBS/NFL.com/Chargers.com), not yet reflected in Sleeper's live feed.",/home/user/ffcc/output/draft_rankings/draft_rankings_2026_half_ppr.csv
2026,3,00-0039910,Jayden Daniels,QB,WAS,SEA,False,0.86,0.0,0.0,0.0,0.0,0.0,0.0,1.0,0.0,half_ppr,2026-09-22 13:17,"Pre-kickoff snapshot locked 2026-09-22 (all Week 3 games 9/24-9/28, none yet played). Live data refreshed same day (Sleeper live API blocked by sandbox proxy 403, fell back to committed snapshot - see data/fallback/README). Manual weekly-out overrides applied for confirmed Week 3 absences: Jayden Daniels (WAS QB, elbow, Mariota starting), David Njoku and Charlie Kolar (both LAC TE, placed on IR after Week 2, min 4 games) - all via multi-source web confirmation (ESPN/CBS/NFL.com/Chargers.com), not yet reflected in Sleeper's live feed.",/home/user/ffcc/output/draft_rankings/draft_rankings_2026_half_ppr.csv
2026,3,00-0038046,Charlie Kolar,TE,LAC,BUF,False,0.62,0.0,0.0,0.0,0.0,0.0,0.0,1.0,0.0,half_ppr,2026-09-22 13:17,"Pre-kickoff snapshot locked 2026-09-22 (all Week 3 games 9/24-9/28, none yet played). Live data refreshed same day (Sleeper live API blocked by sandbox proxy 403, fell back to committed snapshot - see data/fallback/README). Manual weekly-out overrides applied for confirmed Week 3 absences: Jayden Daniels (WAS QB, elbow, Mariota starting), David Njoku and Charlie Kolar (both LAC TE, placed on IR after Week 2, min 4 games) - all via multi-source web confirmation (ESPN/CBS/NFL.com/Chargers.com), not yet reflected in Sleeper's live feed.",/home/user/ffcc/output/draft_rankings/draft_rankings_2026_half_ppr.csv
2026,3,00-0033357,Taysom Hill,TE,,,True,1.0,0.0,0.0,0.0,0.0,0.0,0.0,1.0,0.0,half_ppr,2026-09-22 13:17,"Pre-kickoff snapshot locked 2026-09-22 (all Week 3 games 9/24-9/28, none yet played). Live data refreshed same day (Sleeper live API blocked by sandbox proxy 403, fell back to committed snapshot - see data/fallback/README). Manual weekly-out overrides applied for confirmed Week 3 absences: Jayden Daniels (WAS QB, elbow, Mariota starting), David Njoku and Charlie Kolar (both LAC TE, placed on IR after Week 2, min 4 games) - all via multi-source web confirmation (ESPN/CBS/NFL.com/Chargers.com), not yet reflected in Sleeper's live feed.",/home/user/ffcc/output/draft_rankings/draft_rankings_2026_half_ppr.csv
2026,3,00-0030061,Zach Ertz,TE,,,True,1.0,0.0,0.0,0.0,0.0,0.0,0.0,1.0,0.0,half_ppr,2026-09-22 13:17,"Pre-kickoff snapshot locked 2026-09-22 (all Week 3 games 9/24-9/28, none yet played). Live data refreshed same day (Sleeper live API blocked by sandbox proxy 403, fell back to committed snapshot - see data/fallback/README). Manual weekly-out overrides applied for confirmed Week 3 absences: Jayden Daniels (WAS QB, elbow, Mariota starting), David Njoku and Charlie Kolar (both LAC TE, placed on IR after Week 2, min 4 games) - all via multi-source web confirmation (ESPN/CBS/NFL.com/Chargers.com), not yet reflected in Sleeper's live feed.",/home/user/ffcc/output/draft_rankings/draft_rankings_2026_half_ppr.csv
2026,3,00-0034983,Hunter Renfrow,WR,,,True,1.0,0.0,0.0,0.0,0.0,0.0,0.0,1.0,0.0,half_ppr,2026-09-22 13:17,"Pre-kickoff snapshot locked 2026-09-22 (all Week 3 games 9/24-9/28, none yet played). Live data refreshed same day (Sleeper live API blocked by sandbox proxy 403, fell back to committed snapshot - see data/fallback/README). Manual weekly-out overrides applied for confirmed Week 3 absences: Jayden Daniels (WAS QB, elbow, Mariota starting), David Njoku and Charlie Kolar (both LAC TE, placed on IR after Week 2, min 4 games) - all via multi-source web confirmation (ESPN/CBS/NFL.com/Chargers.com), not yet reflected in Sleeper's live feed.",/home/user/ffcc/output/draft_rankings/draft_rankings_2026_half_ppr.csv
2026,3,00-0031345,Jimmy Garoppolo,QB,,,True,1.0,0.0,0.0,0.0,0.0,0.0,0.0,1.0,0.0,half_ppr,2026-09-22 13:17,"Pre-kickoff snapshot locked 2026-09-22 (all Week 3 games 9/24-9/28, none yet played). Live data refreshed same day (Sleeper live API blocked by sandbox proxy 403, fell back to committed snapshot - see data/fallback/README). Manual weekly-out overrides applied for confirmed Week 3 absences: Jayden Daniels (WAS QB, elbow, Mariota starting), David Njoku and Charlie Kolar (both LAC TE, placed on IR after Week 2, min 4 games) - all via multi-source web confirmation (ESPN/CBS/NFL.com/Chargers.com), not yet reflected in Sleeper's live feed.",/home/user/ffcc/output/draft_rankings/draft_rankings_2026_half_ppr.csv
2026,3,00-0036165,Isaiah Hodgins,WR,,,True,1.0,0.0,0.0,0.0,0.0,0.0,0.0,1.0,0.0,half_ppr,2026-09-22 13:17,"Pre-kickoff snapshot locked 2026-09-22 (all Week 3 games 9/24-9/28, none yet played). Live data refreshed same day (Sleeper live API blocked by sandbox proxy 403, fell back to committed snapshot - see data/fallback/README). Manual weekly-out overrides applied for confirmed Week 3 absences: Jayden Daniels (WAS QB, elbow, Mariota starting), David Njoku and Charlie Kolar (both LAC TE, placed on IR after Week 2, min 4 games) - all via multi-source web confirmation (ESPN/CBS/NFL.com/Chargers.com), not yet reflected in Sleeper's live feed.",/home/user/ffcc/output/draft_rankings/draft_rankings_2026_half_ppr.csv
2026,3,00-0022942,Philip Rivers,QB,,,True,1.0,0.0,0.0,0.0,0.0,0.0,0.0,1.0,0.0,half_ppr,2026-09-22 13:17,"Pre-kickoff snapshot locked 2026-09-22 (all Week 3 games 9/24-9/28, none yet played). Live data refreshed same day (Sleeper live API blocked by sandbox proxy 403, fell back to committed snapshot - see data/fallback/README). Manual weekly-out overrides applied for confirmed Week 3 absences: Jayden Daniels (WAS QB, elbow, Mariota starting), David Njoku and Charlie Kolar (both LAC TE, placed on IR after Week 2, min 4 games) - all via multi-source web confirmation (ESPN/CBS/NFL.com/Chargers.com), not yet reflected in Sleeper's live feed.",/home/user/ffcc/output/draft_rankings/draft_rankings_2026_half_ppr.csv
2026,3,00-0035100,Jake Browning,QB,,,True,1.0,0.0,0.0,0.0,0.0,0.0,0.0,1.0,0.0,half_ppr,2026-09-22 13:17,"Pre-kickoff snapshot locked 2026-09-22 (all Week 3 games 9/24-9/28, none yet played). Live data refreshed same day (Sleeper live API blocked by sandbox proxy 403, fell back to committed snapshot - see data/fallback/README). Manual weekly-out overrides applied for confirmed Week 3 absences: Jayden Daniels (WAS QB, elbow, Mariota starting), David Njoku and Charlie Kolar (both LAC TE, placed on IR after Week 2, min 4 games) - all via multi-source web confirmation (ESPN/CBS/NFL.com/Chargers.com), not yet reflected in Sleeper's live feed.",/home/user/ffcc/output/draft_rankings/draft_rankings_2026_half_ppr.csv
2026,3,00-0039458,Brenden Bates,TE,,,True,1.0,0.0,0.0,0.0,0.0,0.0,0.0,1.0,0.0,half_ppr,2026-09-22 13:17,"Pre-kickoff snapshot locked 2026-09-22 (all Week 3 games 9/24-9/28, none yet played). Live data refreshed same day (Sleeper live API blocked by sandbox proxy 403, fell back to committed snapshot - see data/fallback/README). Manual weekly-out overrides applied for confirmed Week 3 absences: Jayden Daniels (WAS QB, elbow, Mariota starting), David Njoku and Charlie Kolar (both LAC TE, placed on IR after Week 2, min 4 games) - all via multi-source web confirmation (ESPN/CBS/NFL.com/Chargers.com), not yet reflected in Sleeper's live feed.",/home/user/ffcc/output/draft_rankings/draft_rankings_2026_half_ppr.csv
2026,3,00-0036620,Dee Eskridge,WR,,,True,1.0,0.0,0.0,0.0,0.0,0.0,0.0,1.0,0.0,half_ppr,2026-09-22 13:17,"Pre-kickoff snapshot locked 2026-09-22 (all Week 3 games 9/24-9/28, none yet played). Live data refreshed same day (Sleeper live API blocked by sandbox proxy 403, fell back to committed snapshot - see data/fallback/README). Manual weekly-out overrides applied for confirmed Week 3 absences: Jayden Daniels (WAS QB, elbow, Mariota starting), David Njoku and Charlie Kolar (both LAC TE, placed on IR after Week 2, min 4 games) - all via multi-source web confirmation (ESPN/CBS/NFL.com/Chargers.com), not yet reflected in Sleeper's live feed.",/home/user/ffcc/output/draft_rankings/draft_rankings_2026_half_ppr.csv
2026,3,00-0036527,DJ Turner,WR,,,True,1.0,0.0,0.0,0.0,0.0,0.0,0.0,1.0,0.0,half_ppr,2026-09-22 13:17,"Pre-kickoff snapshot locked 2026-09-22 (all Week 3 games 9/24-9/28, none yet played). Live data refreshed same day (Sleeper live API blocked by sandbox proxy 403, fell back to committed snapshot - see data/fallback/README). Manual weekly-out overrides applied for confirmed Week 3 absences: Jayden Daniels (WAS QB, elbow, Mariota starting), David Njoku and Charlie Kolar (both LAC TE, placed on IR after Week 2, min 4 games) - all via multi-source web confirmation (ESPN/CBS/NFL.com/Chargers.com), not yet reflected in Sleeper's live feed.",/home/user/ffcc/output/draft_rankings/draft_rankings_2026_half_ppr.csv
2026,3,00-0036133,James Proche,WR,,,True,1.0,0.0,0.0,0.0,0.0,0.0,0.0,1.0,0.0,half_ppr,2026-09-22 13:17,"Pre-kickoff snapshot locked 2026-09-22 (all Week 3 games 9/24-9/28, none yet played). Live data refreshed same day (Sleeper live API blocked by sandbox proxy 403, fell back to committed snapshot - see data/fallback/README). Manual weekly-out overrides applied for confirmed Week 3 absences: Jayden Daniels (WAS QB, elbow, Mariota starting), David Njoku and Charlie Kolar (both LAC TE, placed on IR after Week 2, min 4 games) - all via multi-source web confirmation (ESPN/CBS/NFL.com/Chargers.com), not yet reflected in Sleeper's live feed.",/home/user/ffcc/output/draft_rankings/draft_rankings_2026_half_ppr.csv
2026,3,00-0036360,Clyde Edwards-Helaire,RB,,,True,1.0,0.0,0.0,0.0,0.0,0.0,0.0,1.0,0.0,half_ppr,2026-09-22 13:17,"Pre-kickoff snapshot locked 2026-09-22 (all Week 3 games 9/24-9/28, none yet played). Live data refreshed same day (Sleeper live API blocked by sandbox proxy 403, fell back to committed snapshot - see data/fallback/README). Manual weekly-out overrides applied for confirmed Week 3 absences: Jayden Daniels (WAS QB, elbow, Mariota starting), David Njoku and Charlie Kolar (both LAC TE, placed on IR after Week 2, min 4 games) - all via multi-source web confirmation (ESPN/CBS/NFL.com/Chargers.com), not yet reflected in Sleeper's live feed.",/home/user/ffcc/output/draft_rankings/draft_rankings_2026_half_ppr.csv
2026,3,00-0035956,Giovanni Ricci,TE,,,True,1.0,0.0,0.0,0.0,0.0,0.0,0.0,1.0,0.0,half_ppr,2026-09-22 13:17,"Pre-kickoff snapshot locked 2026-09-22 (all Week 3 games 9/24-9/28, none yet played). Live data refreshed same day (Sleeper live API blocked by sandbox proxy 403, fell back to committed snapshot - see data/fallback/README). Manual weekly-out overrides applied for confirmed Week 3 absences: Jayden Daniels (WAS QB, elbow, Mariota starting), David Njoku and Charlie Kolar (both LAC TE, placed on IR after Week 2, min 4 games) - all via multi-source web confirmation (ESPN/CBS/NFL.com/Chargers.com), not yet reflected in Sleeper's live feed.",/home/user/ffcc/output/draft_rankings/draft_rankings_2026_half_ppr.csv
2026,3,00-0035243,Miles Sanders,RB,,,True,1.0,0.0,0.0,0.0,0.0,0.0,0.0,1.0,0.0,half_ppr,2026-09-22 13:17,"Pre-kickoff snapshot locked 2026-09-22 (all Week 3 games 9/24-9/28, none yet played). Live data refreshed same day (Sleeper live API blocked by sandbox proxy 403, fell back to committed snapshot - see data/fallback/README). Manual weekly-out overrides applied for confirmed Week 3 absences: Jayden Daniels (WAS QB, elbow, Mariota starting), David Njoku and Charlie Kolar (both LAC TE, placed on IR after Week 2, min 4 games) - all via multi-source web confirmation (ESPN/CBS/NFL.com/Chargers.com), not yet reflected in Sleeper's live feed.",/home/user/ffcc/output/draft_rankings/draft_rankings_2026_half_ppr.csv
2026,3,00-0034073,Ross Dwelley,TE,,,True,1.0,0.0,0.0,0.0,0.0,0.0,0.0,1.0,0.0,half_ppr,2026-09-22 13:17,"Pre-kickoff snapshot locked 2026-09-22 (all Week 3 games 9/24-9/28, none yet played). Live data refreshed same day (Sleeper live API blocked by sandbox proxy 403, fell back to committed snapshot - see data/fallback/README). Manual weekly-out overrides applied for confirmed Week 3 absences: Jayden Daniels (WAS QB, elbow, Mariota starting), David Njoku and Charlie Kolar (both LAC TE, placed on IR after Week 2, min 4 games) - all via multi-source web confirmation (ESPN/CBS/NFL.com/Chargers.com), not yet reflected in Sleeper's live feed.",/home/user/ffcc/output/draft_rankings/draft_rankings_2026_half_ppr.csv
2026,3,00-0038465,Malik Heath,WR,,,True,1.0,0.0,0.0,0.0,0.0,0.0,0.0,1.0,0.0,half_ppr,2026-09-22 13:17,"Pre-kickoff snapshot locked 2026-09-22 (all Week 3 games 9/24-9/28, none yet played). Live data refreshed same day (Sleeper live API blocked by sandbox proxy 403, fell back to committed snapshot - see data/fallback/README). Manual weekly-out overrides applied for confirmed Week 3 absences: Jayden Daniels (WAS QB, elbow, Mariota starting), David Njoku and Charlie Kolar (both LAC TE, placed on IR after Week 2, min 4 games) - all via multi-source web confirmation (ESPN/CBS/NFL.com/Chargers.com), not yet reflected in Sleeper's live feed.",/home/user/ffcc/output/draft_rankings/draft_rankings_2026_half_ppr.csv
2026,3,00-0036328,Antonio Gibson,RB,,,True,1.0,0.0,0.0,0.0,0.0,0.0,0.0,1.0,0.0,half_ppr,2026-09-22 13:17,"Pre-kickoff snapshot locked 2026-09-22 (all Week 3 games 9/24-9/28, none yet played). Live data refreshed same day (Sleeper live API blocked by sandbox proxy 403, fell back to committed snapshot - see data/fallback/README). Manual weekly-out overrides applied for confirmed Week 3 absences: Jayden Daniels (WAS QB, elbow, Mariota starting), David Njoku and Charlie Kolar (both LAC TE, placed on IR after Week 2, min 4 games) - all via multi-source web confirmation (ESPN/CBS/NFL.com/Chargers.com), not yet reflected in Sleeper's live feed.",/home/user/ffcc/output/draft_rankings/draft_rankings_2026_half_ppr.csv
2026,3,00-0036950,Avery Williams,RB,,,True,1.0,0.0,0.0,0.0,0.0,0.0,0.0,1.0,0.0,half_ppr,2026-09-22 13:17,"Pre-kickoff snapshot locked 2026-09-22 (all Week 3 games 9/24-9/28, none yet played). Live data refreshed same day (Sleeper live API blocked by sandbox proxy 403, fell back to committed snapshot - see data/fallback/README). Manual weekly-out overrides applied for confirmed Week 3 absences: Jayden Daniels (WAS QB, elbow, Mariota starting), David Njoku and Charlie Kolar (both LAC TE, placed on IR after Week 2, min 4 games) - all via multi-source web confirmation (ESPN/CBS/NFL.com/Chargers.com), not yet reflected in Sleeper's live feed.",/home/user/ffcc/output/draft_rankings/draft_rankings_2026_half_ppr.csv
2026,3,00-0030564,DeAndre Hopkins,WR,,,True,1.0,0.0,0.0,0.0,0.0,0.0,0.0,1.0,0.0,half_ppr,2026-09-22 13:17,"Pre-kickoff snapshot locked 2026-09-22 (all Week 3 games 9/24-9/28, none yet played). Live data refreshed same day (Sleeper live API blocked by sandbox proxy 403, fell back to committed snapshot - see data/fallback/README). Manual weekly-out overrides applied for confirmed Week 3 absences: Jayden Daniels (WAS QB, elbow, Mariota starting), David Njoku and Charlie Kolar (both LAC TE, placed on IR after Week 2, min 4 games) - all via multi-source web confirmation (ESPN/CBS/NFL.com/Chargers.com), not yet reflected in Sleeper's live feed.",/home/user/ffcc/output/draft_rankings/draft_rankings_2026_half_ppr.csv
2026,3,00-0034521,Allen Lazard,WR,,,True,1.0,0.0,0.0,0.0,0.0,0.0,0.0,1.0,0.0,half_ppr,2026-09-22 13:17,"Pre-kickoff snapshot locked 2026-09-22 (all Week 3 games 9/24-9/28, none yet played). Live data refreshed same day (Sleeper live API blocked by sandbox proxy 403, fell back to committed snapshot - see data/fallback/README). Manual weekly-out overrides applied for confirmed Week 3 absences: Jayden Daniels (WAS QB, elbow, Mariota starting), David Njoku and Charlie Kolar (both LAC TE, placed on IR after Week 2, min 4 games) - all via multi-source web confirmation (ESPN/CBS/NFL.com/Chargers.com), not yet reflected in Sleeper's live feed.",/home/user/ffcc/output/draft_rankings/draft_rankings_2026_half_ppr.csv
2026,3,00-0033591,Noah Brown,WR,,,True,1.0,0.0,0.0,0.0,0.0,0.0,0.0,1.0,0.0,half_ppr,2026-09-22 13:17,"Pre-kickoff snapshot locked 2026-09-22 (all Week 3 games 9/24-9/28, none yet played). Live data refreshed same day (Sleeper live API blocked by sandbox proxy 403, fell back to committed snapshot - see data/fallback/README). Manual weekly-out overrides applied for confirmed Week 3 absences: Jayden Daniels (WAS QB, elbow, Mariota starting), David Njoku and Charlie Kolar (both LAC TE, placed on IR after Week 2, min 4 games) - all via multi-source web confirmation (ESPN/CBS/NFL.com/Chargers.com), not yet reflected in Sleeper's live feed.",/home/user/ffcc/output/draft_rankings/draft_rankings_2026_half_ppr.csv
2026,3,00-0034928,Steven Sims,WR,,,True,1.0,0.0,0.0,0.0,0.0,0.0,0.0,1.0,0.0,half_ppr,2026-09-22 13:17,"Pre-kickoff snapshot locked 2026-09-22 (all Week 3 games 9/24-9/28, none yet played). Live data refreshed same day (Sleeper live API blocked by sandbox proxy 403, fell back to committed snapshot - see data/fallback/README). Manual weekly-out overrides applied for confirmed Week 3 absences: Jayden Daniels (WAS QB, elbow, Mariota starting), David Njoku and Charlie Kolar (both LAC TE, placed on IR after Week 2, min 4 games) - all via multi-source web confirmation (ESPN/CBS/NFL.com/Chargers.com), not yet reflected in Sleeper's live feed.",/home/user/ffcc/output/draft_rankings/draft_rankings_2026_half_ppr.csv
2026,3,00-0033282,Curtis Samuel,WR,,,True,1.0,0.0,0.0,0.0,0.0,0.0,0.0,1.0,0.0,half_ppr,2026-09-22 13:17,"Pre-kickoff snapshot locked 2026-09-22 (all Week 3 games 9/24-9/28, none yet played). Live data refreshed same day (Sleeper live API blocked by sandbox proxy 403, fell back to committed snapshot - see data/fallback/README). Manual weekly-out overrides applied for confirmed Week 3 absences: Jayden Daniels (WAS QB, elbow, Mariota starting), David Njoku and Charlie Kolar (both LAC TE, placed on IR after Week 2, min 4 games) - all via multi-source web confirmation (ESPN/CBS/NFL.com/Chargers.com), not yet reflected in Sleeper's live feed.",/home/user/ffcc/output/draft_rankings/draft_rankings_2026_half_ppr.csv
2026,3,00-0034054,River Cracraft,WR,,,True,1.0,0.0,0.0,0.0,0.0,0.0,0.0,1.0,0.0,half_ppr,2026-09-22 13:17,"Pre-kickoff snapshot locked 2026-09-22 (all Week 3 games 9/24-9/28, none yet played). Live data refreshed same day (Sleeper live API blocked by sandbox proxy 403, fell back to committed snapshot - see data/fallback/README). Manual weekly-out overrides applied for confirmed Week 3 absences: Jayden Daniels (WAS QB, elbow, Mariota starting), David Njoku and Charlie Kolar (both LAC TE, placed on IR after Week 2, min 4 games) - all via multi-source web confirmation (ESPN/CBS/NFL.com/Chargers.com), not yet reflected in Sleeper's live feed.",/home/user/ffcc/output/draft_rankings/draft_rankings_2026_half_ppr.csv
2026,3,00-0031236,Brandin Cooks,WR,,,True,1.0,0.0,0.0,0.0,0.0,0.0,0.0,1.0,0.0,half_ppr,2026-09-22 13:17,"Pre-kickoff snapshot locked 2026-09-22 (all Week 3 games 9/24-9/28, none yet played). Live data refreshed same day (Sleeper live API blocked by sandbox proxy 403, fell back to committed snapshot - see data/fallback/README). Manual weekly-out overrides applied for confirmed Week 3 absences: Jayden Daniels (WAS QB, elbow, Mariota starting), David Njoku and Charlie Kolar (both LAC TE, placed on IR after Week 2, min 4 games) - all via multi-source web confirmation (ESPN/CBS/NFL.com/Chargers.com), not yet reflected in Sleeper's live feed.",/home/user/ffcc/output/draft_rankings/draft_rankings_2026_half_ppr.csv
2026,3,00-0032688,Robbie Chosen,WR,,,True,1.0,0.0,0.0,0.0,0.0,0.0,0.0,1.0,0.0,half_ppr,2026-09-22 13:17,"Pre-kickoff snapshot locked 2026-09-22 (all Week 3 games 9/24-9/28, none yet played). Live data refreshed same day (Sleeper live API blocked by sandbox proxy 403, fell back to committed snapshot - see data/fallback/README). Manual weekly-out overrides applied for confirmed Week 3 absences: Jayden Daniels (WAS QB, elbow, Mariota starting), David Njoku and Charlie Kolar (both LAC TE, placed on IR after Week 2, min 4 games) - all via multi-source web confirmation (ESPN/CBS/NFL.com/Chargers.com), not yet reflected in Sleeper's live feed.",/home/user/ffcc/output/draft_rankings/draft_rankings_2026_half_ppr.csv
2026,3,00-0038456,Travis Vokolek,TE,,,True,1.0,0.0,0.0,0.0,0.0,0.0,0.0,1.0,0.0,half_ppr,2026-09-22 13:17,"Pre-kickoff snapshot locked 2026-09-22 (all Week 3 games 9/24-9/28, none yet played). Live data refreshed same day (Sleeper live API blocked by sandbox proxy 403, fell back to committed snapshot - see data/fallback/README). Manual weekly-out overrides applied for confirmed Week 3 absences: Jayden Daniels (WAS QB, elbow, Mariota starting), David Njoku and Charlie Kolar (both LAC TE, placed on IR after Week 2, min 4 games) - all via multi-source web confirmation (ESPN/CBS/NFL.com/Chargers.com), not yet reflected in Sleeper's live feed.",/home/user/ffcc/output/draft_rankings/draft_rankings_2026_half_ppr.csv
2026,3,00-0024243,Marcedes Lewis,TE,,,True,1.0,0.0,0.0,0.0,0.0,0.0,0.0,1.0,0.0,half_ppr,2026-09-22 13:17,"Pre-kickoff snapshot locked 2026-09-22 (all Week 3 games 9/24-9/28, none yet played). Live data refreshed same day (Sleeper live API blocked by sandbox proxy 403, fell back to committed snapshot - see data/fallback/README). Manual weekly-out overrides applied for confirmed Week 3 absences: Jayden Daniels (WAS QB, elbow, Mariota starting), David Njoku and Charlie Kolar (both LAC TE, placed on IR after Week 2, min 4 games) - all via multi-source web confirmation (ESPN/CBS/NFL.com/Chargers.com), not yet reflected in Sleeper's live feed.",/home/user/ffcc/output/draft_rankings/draft_rankings_2026_half_ppr.csv
2026,3,00-0034791,Nick Chubb,RB,,,True,1.0,0.0,0.0,0.0,0.0,0.0,0.0,1.0,0.0,half_ppr,2026-09-22 13:17,"Pre-kickoff snapshot locked 2026-09-22 (all Week 3 games 9/24-9/28, none yet played). Live data refreshed same day (Sleeper live API blocked by sandbox proxy 403, fell back to committed snapshot - see data/fallback/README). Manual weekly-out overrides applied for confirmed Week 3 absences: Jayden Daniels (WAS QB, elbow, Mariota starting), David Njoku and Charlie Kolar (both LAC TE, placed on IR after Week 2, min 4 games) - all via multi-source web confirmation (ESPN/CBS/NFL.com/Chargers.com), not yet reflected in Sleeper's live feed.",/home/user/ffcc/output/draft_rankings/draft_rankings_2026_half_ppr.csv
2026,3,00-0031687,Raheem Mostert,RB,,,True,1.0,0.0,0.0,0.0,0.0,0.0,0.0,1.0,0.0,half_ppr,2026-09-22 13:17,"Pre-kickoff snapshot locked 2026-09-22 (all Week 3 games 9/24-9/28, none yet played). Live data refreshed same day (Sleeper live API blocked by sandbox proxy 403, fell back to committed snapshot - see data/fallback/README). Manual weekly-out overrides applied for confirmed Week 3 absences: Jayden Daniels (WAS QB, elbow, Mariota starting), David Njoku and Charlie Kolar (both LAC TE, placed on IR after Week 2, min 4 games) - all via multi-source web confirmation (ESPN/CBS/NFL.com/Chargers.com), not yet reflected in Sleeper's live feed.",/home/user/ffcc/output/draft_rankings/draft_rankings_2026_half_ppr.csv
2026,3,00-0036567,Elijah Mitchell,RB,,,True,1.0,0.0,0.0,0.0,0.0,0.0,0.0,1.0,0.0,half_ppr,2026-09-22 13:17,"Pre-kickoff snapshot locked 2026-09-22 (all Week 3 games 9/24-9/28, none yet played). Live data refreshed same day (Sleeper live API blocked by sandbox proxy 403, fell back to committed snapshot - see data/fallback/README). Manual weekly-out overrides applied for confirmed Week 3 absences: Jayden Daniels (WAS QB, elbow, Mariota starting), David Njoku and Charlie Kolar (both LAC TE, placed on IR after Week 2, min 4 games) - all via multi-source web confirmation (ESPN/CBS/NFL.com/Chargers.com), not yet reflected in Sleeper's live feed.",/home/user/ffcc/output/draft_rankings/draft_rankings_2026_half_ppr.csv
2026,3,00-0034867,Malik Turner,WR,,,True,1.0,0.0,0.0,0.0,0.0,0.0,0.0,1.0,0.0,half_ppr,2026-09-22 13:17,"Pre-kickoff snapshot locked 2026-09-22 (all Week 3 games 9/24-9/28, none yet played). Live data refreshed same day (Sleeper live API blocked by sandbox proxy 403, fell back to committed snapshot - see data/fallback/README). Manual weekly-out overrides applied for confirmed Week 3 absences: Jayden Daniels (WAS QB, elbow, Mariota starting), David Njoku and Charlie Kolar (both LAC TE, placed on IR after Week 2, min 4 games) - all via multi-source web confirmation (ESPN/CBS/NFL.com/Chargers.com), not yet reflected in Sleeper's live feed.",/home/user/ffcc/output/draft_rankings/draft_rankings_2026_half_ppr.csv
2026,3,00-0039757,Terrell Jennings,RB,,,True,1.0,0.0,0.0,0.0,0.0,0.0,0.0,1.0,0.0,half_ppr,2026-09-22 13:17,"Pre-kickoff snapshot locked 2026-09-22 (all Week 3 games 9/24-9/28, none yet played). Live data refreshed same day (Sleeper live API blocked by sandbox proxy 403, fell back to committed snapshot - see data/fallback/README). Manual weekly-out overrides applied for confirmed Week 3 absences: Jayden Daniels (WAS QB, elbow, Mariota starting), David Njoku and Charlie Kolar (both LAC TE, placed on IR after Week 2, min 4 games) - all via multi-source web confirmation (ESPN/CBS/NFL.com/Chargers.com), not yet reflected in Sleeper's live feed.",/home/user/ffcc/output/draft_rankings/draft_rankings_2026_half_ppr.csv
2026,3,00-0033455,Anthony Firkser,TE,,,True,1.0,0.0,0.0,0.0,0.0,0.0,0.0,1.0,0.0,half_ppr,2026-09-22 13:17,"Pre-kickoff snapshot locked 2026-09-22 (all Week 3 games 9/24-9/28, none yet played). Live data refreshed same day (Sleeper live API blocked by sandbox proxy 403, fell back to committed snapshot - see data/fallback/README). Manual weekly-out overrides applied for confirmed Week 3 absences: Jayden Daniels (WAS QB, elbow, Mariota starting), David Njoku and Charlie Kolar (both LAC TE, placed on IR after Week 2, min 4 games) - all via multi-source web confirmation (ESPN/CBS/NFL.com/Chargers.com), not yet reflected in Sleeper's live feed.",/home/user/ffcc/output/draft_rankings/draft_rankings_2026_half_ppr.csv
2026,3,00-0034418,Cedrick Wilson Jr.,WR,,,True,1.0,0.0,0.0,0.0,0.0,0.0,0.0,1.0,0.0,half_ppr,2026-09-22 13:17,"Pre-kickoff snapshot locked 2026-09-22 (all Week 3 games 9/24-9/28, none yet played). Live data refreshed same day (Sleeper live API blocked by sandbox proxy 403, fell back to committed snapshot - see data/fallback/README). Manual weekly-out overrides applied for confirmed Week 3 absences: Jayden Daniels (WAS QB, elbow, Mariota starting), David Njoku and Charlie Kolar (both LAC TE, placed on IR after Week 2, min 4 games) - all via multi-source web confirmation (ESPN/CBS/NFL.com/Chargers.com), not yet reflected in Sleeper's live feed.",/home/user/ffcc/output/draft_rankings/draft_rankings_2026_half_ppr.csv
2026,3,00-0033891,Zay Jones,WR,,,True,1.0,0.0,0.0,0.0,0.0,0.0,0.0,1.0,0.0,half_ppr,2026-09-22 13:17,"Pre-kickoff snapshot locked 2026-09-22 (all Week 3 games 9/24-9/28, none yet played). Live data refreshed same day (Sleeper live API blocked by sandbox proxy 403, fell back to committed snapshot - see data/fallback/README). Manual weekly-out overrides applied for confirmed Week 3 absences: Jayden Daniels (WAS QB, elbow, Mariota starting), David Njoku and Charlie Kolar (both LAC TE, placed on IR after Week 2, min 4 games) - all via multi-source web confirmation (ESPN/CBS/NFL.com/Chargers.com), not yet reflected in Sleeper's live feed.",/home/user/ffcc/output/draft_rankings/draft_rankings_2026_half_ppr.csv
2026,3,00-0034860,Dante Pettis,WR,,,True,1.0,0.0,0.0,0.0,0.0,0.0,0.0,1.0,0.0,half_ppr,2026-09-22 13:17,"Pre-kickoff snapshot locked 2026-09-22 (all Week 3 games 9/24-9/28, none yet played). Live data refreshed same day (Sleeper live API blocked by sandbox proxy 403, fell back to committed snapshot - see data/fallback/README). Manual weekly-out overrides applied for confirmed Week 3 absences: Jayden Daniels (WAS QB, elbow, Mariota starting), David Njoku and Charlie Kolar (both LAC TE, placed on IR after Week 2, min 4 games) - all via multi-source web confirmation (ESPN/CBS/NFL.com/Chargers.com), not yet reflected in Sleeper's live feed.",/home/user/ffcc/output/draft_rankings/draft_rankings_2026_half_ppr.csv
2026,3,00-0036414,Cam Akers,RB,,,True,1.0,0.0,0.0,0.0,0.0,0.0,0.0,1.0,0.0,half_ppr,2026-09-22 13:17,"Pre-kickoff snapshot locked 2026-09-22 (all Week 3 games 9/24-9/28, none yet played). Live data refreshed same day (Sleeper live API blocked by sandbox proxy 403, fell back to committed snapshot - see data/fallback/README). Manual weekly-out overrides applied for confirmed Week 3 absences: Jayden Daniels (WAS QB, elbow, Mariota starting), David Njoku and Charlie Kolar (both LAC TE, placed on IR after Week 2, min 4 games) - all via multi-source web confirmation (ESPN/CBS/NFL.com/Chargers.com), not yet reflected in Sleeper's live feed.",/home/user/ffcc/output/draft_rankings/draft_rankings_2026_half_ppr.csv
2026,3,00-0035140,Mecole Hardman,WR,,,True,1.0,0.0,0.0,0.0,0.0,0.0,0.0,1.0,0.0,half_ppr,2026-09-22 13:17,"Pre-kickoff snapshot locked 2026-09-22 (all Week 3 games 9/24-9/28, none yet played). Live data refreshed same day (Sleeper live API blocked by sandbox proxy 403, fell back to committed snapshot - see data/fallback/README). Manual weekly-out overrides applied for confirmed Week 3 absences: Jayden Daniels (WAS QB, elbow, Mariota starting), David Njoku and Charlie Kolar (both LAC TE, placed on IR after Week 2, min 4 games) - all via multi-source web confirmation (ESPN/CBS/NFL.com/Chargers.com), not yet reflected in Sleeper's live feed.",/home/user/ffcc/output/draft_rankings/draft_rankings_2026_half_ppr.csv
2026,3,00-0034386,Justin Watson,WR,,,True,1.0,0.0,0.0,0.0,0.0,0.0,0.0,1.0,0.0,half_ppr,2026-09-22 13:17,"Pre-kickoff snapshot locked 2026-09-22 (all Week 3 games 9/24-9/28, none yet played). Live data refreshed same day (Sleeper live API blocked by sandbox proxy 403, fell back to committed snapshot - see data/fallback/README). Manual weekly-out overrides applied for confirmed Week 3 absences: Jayden Daniels (WAS QB, elbow, Mariota starting), David Njoku and Charlie Kolar (both LAC TE, placed on IR after Week 2, min 4 games) - all via multi-source web confirmation (ESPN/CBS/NFL.com/Chargers.com), not yet reflected in Sleeper's live feed.",/home/user/ffcc/output/draft_rankings/draft_rankings_2026_half_ppr.csv
2026,3,00-0036755,Jaret Patterson,RB,,,True,1.0,0.0,0.0,0.0,0.0,0.0,0.0,1.0,0.0,half_ppr,2026-09-22 13:17,"Pre-kickoff snapshot locked 2026-09-22 (all Week 3 games 9/24-9/28, none yet played). Live data refreshed same day (Sleeper live API blocked by sandbox proxy 403, fell back to committed snapshot - see data/fallback/README). Manual weekly-out overrides applied for confirmed Week 3 absences: Jayden Daniels (WAS QB, elbow, Mariota starting), David Njoku and Charlie Kolar (both LAC TE, placed on IR after Week 2, min 4 games) - all via multi-source web confirmation (ESPN/CBS/NFL.com/Chargers.com), not yet reflected in Sleeper's live feed.",/home/user/ffcc/output/draft_rankings/draft_rankings_2026_half_ppr.csv
2026,3,00-0033943,Josh Reynolds,WR,,,True,1.0,0.0,0.0,0.0,0.0,0.0,0.0,1.0,0.0,half_ppr,2026-09-22 13:17,"Pre-kickoff snapshot locked 2026-09-22 (all Week 3 games 9/24-9/28, none yet played). Live data refreshed same day (Sleeper live API blocked by sandbox proxy 403, fell back to committed snapshot - see data/fallback/README). Manual weekly-out overrides applied for confirmed Week 3 absences: Jayden Daniels (WAS QB, elbow, Mariota starting), David Njoku and Charlie Kolar (both LAC TE, placed on IR after Week 2, min 4 games) - all via multi-source web confirmation (ESPN/CBS/NFL.com/Chargers.com), not yet reflected in Sleeper's live feed.",/home/user/ffcc/output/draft_rankings/draft_rankings_2026_half_ppr.csv
2026,3,00-0033572,Jamal Agnew,WR,,,True,1.0,0.0,0.0,0.0,0.0,0.0,0.0,1.0,0.0,half_ppr,2026-09-22 13:17,"Pre-kickoff snapshot locked 2026-09-22 (all Week 3 games 9/24-9/28, none yet played). Live data refreshed same day (Sleeper live API blocked by sandbox proxy 403, fell back to committed snapshot - see data/fallback/README). Manual weekly-out overrides applied for confirmed Week 3 absences: Jayden Daniels (WAS QB, elbow, Mariota starting), David Njoku and Charlie Kolar (both LAC TE, placed on IR after Week 2, min 4 games) - all via multi-source web confirmation (ESPN/CBS/NFL.com/Chargers.com), not yet reflected in Sleeper's live feed.",/home/user/ffcc/output/draft_rankings/draft_rankings_2026_half_ppr.csv
2026,3,00-0036196,Gabe Davis,WR,,,True,1.0,0.0,0.0,0.0,0.0,0.0,0.0,1.0,0.0,half_ppr,2026-09-22 13:17,"Pre-kickoff snapshot locked 2026-09-22 (all Week 3 games 9/24-9/28, none yet played). Live data refreshed same day (Sleeper live API blocked by sandbox proxy 403, fell back to committed snapshot - see data/fallback/README). Manual weekly-out overrides applied for confirmed Week 3 absences: Jayden Daniels (WAS QB, elbow, Mariota starting), David Njoku and Charlie Kolar (both LAC TE, placed on IR after Week 2, min 4 games) - all via multi-source web confirmation (ESPN/CBS/NFL.com/Chargers.com), not yet reflected in Sleeper's live feed.",/home/user/ffcc/output/draft_rankings/draft_rankings_2026_half_ppr.csv
2026,3,00-0036176,Mason Kinsey,WR,,,True,1.0,0.0,0.0,0.0,0.0,0.0,0.0,1.0,0.0,half_ppr,2026-09-22 13:17,"Pre-kickoff snapshot locked 2026-09-22 (all Week 3 games 9/24-9/28, none yet played). Live data refreshed same day (Sleeper live API blocked by sandbox proxy 403, fell back to committed snapshot - see data/fallback/README). Manual weekly-out overrides applied for confirmed Week 3 absences: Jayden Daniels (WAS QB, elbow, Mariota starting), David Njoku and Charlie Kolar (both LAC TE, placed on IR after Week 2, min 4 games) - all via multi-source web confirmation (ESPN/CBS/NFL.com/Chargers.com), not yet reflected in Sleeper's live feed.",/home/user/ffcc/output/draft_rankings/draft_rankings_2026_half_ppr.csv
2026,3,00-0035700,Josh Jacobs,RB,GB,ATL,False,0.98,0.0,0.0,0.0,0.0,0.0,0.0,1.0,0.0,half_ppr,2026-09-22 13:17,"Pre-kickoff snapshot locked 2026-09-22 (all Week 3 games 9/24-9/28, none yet played). Live data refreshed same day (Sleeper live API blocked by sandbox proxy 403, fell back to committed snapshot - see data/fallback/README). Manual weekly-out overrides applied for confirmed Week 3 absences: Jayden Daniels (WAS QB, elbow, Mariota starting), David Njoku and Charlie Kolar (both LAC TE, placed on IR after Week 2, min 4 games) - all via multi-source web confirmation (ESPN/CBS/NFL.com/Chargers.com), not yet reflected in Sleeper's live feed.",/home/user/ffcc/output/draft_rankings/draft_rankings_2026_half_ppr.csv
2026,3,00-0033699,Austin Ekeler,RB,,,True,1.0,0.0,0.0,0.0,0.0,0.0,0.0,1.0,0.0,half_ppr,2026-09-22 13:17,"Pre-kickoff snapshot locked 2026-09-22 (all Week 3 games 9/24-9/28, none yet played). Live data refreshed same day (Sleeper live API blocked by sandbox proxy 403, fell back to committed snapshot - see data/fallback/README). Manual weekly-out overrides applied for confirmed Week 3 absences: Jayden Daniels (WAS QB, elbow, Mariota starting), David Njoku and Charlie Kolar (both LAC TE, placed on IR after Week 2, min 4 games) - all via multi-source web confirmation (ESPN/CBS/NFL.com/Chargers.com), not yet reflected in Sleeper's live feed.",/home/user/ffcc/output/draft_rankings/draft_rankings_2026_half_ppr.csv
2026,3,00-0035876,Andre Baccellia,WR,,,True,1.0,0.0,0.0,0.0,0.0,0.0,0.0,1.0,0.0,half_ppr,2026-09-22 13:17,"Pre-kickoff snapshot locked 2026-09-22 (all Week 3 games 9/24-9/28, none yet played). Live data refreshed same day (Sleeper live API blocked by sandbox proxy 403, fell back to committed snapshot - see data/fallback/README). Manual weekly-out overrides applied for confirmed Week 3 absences: Jayden Daniels (WAS QB, elbow, Mariota starting), David Njoku and Charlie Kolar (both LAC TE, placed on IR after Week 2, min 4 games) - all via multi-source web confirmation (ESPN/CBS/NFL.com/Chargers.com), not yet reflected in Sleeper's live feed.",/home/user/ffcc/output/draft_rankings/draft_rankings_2026_half_ppr.csv
2026,3,00-0032211,Tyler Lockett,WR,,,True,1.0,0.0,0.0,0.0,0.0,0.0,0.0,1.0,0.0,half_ppr,2026-09-22 13:17,"Pre-kickoff snapshot locked 2026-09-22 (all Week 3 games 9/24-9/28, none yet played). Live data refreshed same day (Sleeper live API blocked by sandbox proxy 403, fell back to committed snapshot - see data/fallback/README). Manual weekly-out overrides applied for confirmed Week 3 absences: Jayden Daniels (WAS QB, elbow, Mariota starting), David Njoku and Charlie Kolar (both LAC TE, placed on IR after Week 2, min 4 games) - all via multi-source web confirmation (ESPN/CBS/NFL.com/Chargers.com), not yet reflected in Sleeper's live feed.",/home/user/ffcc/output/draft_rankings/draft_rankings_2026_half_ppr.csv
2026,3,00-0034955,Brett Rypien,QB,,,True,1.0,0.0,0.0,0.0,0.0,0.0,0.0,1.0,0.0,half_ppr,2026-09-22 13:17,"Pre-kickoff snapshot locked 2026-09-22 (all Week 3 games 9/24-9/28, none yet played). Live data refreshed same day (Sleeper live API blocked by sandbox proxy 403, fell back to committed snapshot - see data/fallback/README). Manual weekly-out overrides applied for confirmed Week 3 absences: Jayden Daniels (WAS QB, elbow, Mariota starting), David Njoku and Charlie Kolar (both LAC TE, placed on IR after Week 2, min 4 games) - all via multi-source web confirmation (ESPN/CBS/NFL.com/Chargers.com), not yet reflected in Sleeper's live feed.",/home/user/ffcc/output/draft_rankings/draft_rankings_2026_half_ppr.csv
2026,3,00-0035045,D.J. Montgomery,WR,IND,HOU,False,0.84,0.0,0.0,0.0,0.0,0.0,0.0,1.0,0.0,half_ppr,2026-09-22 13:17,"Pre-kickoff snapshot locked 2026-09-22 (all Week 3 games 9/24-9/28, none yet played). Live data refreshed same day (Sleeper live API blocked by sandbox proxy 403, fell back to committed snapshot - see data/fallback/README). Manual weekly-out overrides applied for confirmed Week 3 absences: Jayden Daniels (WAS QB, elbow, Mariota starting), David Njoku and Charlie Kolar (both LAC TE, placed on IR after Week 2, min 4 games) - all via multi-source web confirmation (ESPN/CBS/NFL.com/Chargers.com), not yet reflected in Sleeper's live feed.",/home/user/ffcc/output/draft_rankings/draft_rankings_2026_half_ppr.csv
2026,3,00-0033955,Jeremy McNichols,RB,WAS,SEA,False,0.79,0.0,0.0,0.0,0.0,0.0,0.0,1.0,0.0,half_ppr,2026-09-22 13:17,"Pre-kickoff snapshot locked 2026-09-22 (all Week 3 games 9/24-9/28, none yet played). Live data refreshed same day (Sleeper live API blocked by sandbox proxy 403, fell back to committed snapshot - see data/fallback/README). Manual weekly-out overrides applied for confirmed Week 3 absences: Jayden Daniels (WAS QB, elbow, Mariota starting), David Njoku and Charlie Kolar (both LAC TE, placed on IR after Week 2, min 4 games) - all via multi-source web confirmation (ESPN/CBS/NFL.com/Chargers.com), not yet reflected in Sleeper's live feed.",/home/user/ffcc/output/draft_rankings/draft_rankings_2026_half_ppr.csv
2026,3,00-0033857,JuJu Smith-Schuster,WR,,,True,1.0,0.0,0.0,0.0,0.0,0.0,0.0,1.0,0.0,half_ppr,2026-09-22 13:17,"Pre-kickoff snapshot locked 2026-09-22 (all Week 3 games 9/24-9/28, none yet played). Live data refreshed same day (Sleeper live API blocked by sandbox proxy 403, fell back to committed snapshot - see data/fallback/README). Manual weekly-out overrides applied for confirmed Week 3 absences: Jayden Daniels (WAS QB, elbow, Mariota starting), David Njoku and Charlie Kolar (both LAC TE, placed on IR after Week 2, min 4 games) - all via multi-source web confirmation (ESPN/CBS/NFL.com/Chargers.com), not yet reflected in Sleeper's live feed.",/home/user/ffcc/output/draft_rankings/draft_rankings_2026_half_ppr.csv
2026,3,00-0034681,Chase Edmonds,RB,,,True,1.0,0.0,0.0,0.0,0.0,0.0,0.0,1.0,0.0,half_ppr,2026-09-22 13:17,"Pre-kickoff snapshot locked 2026-09-22 (all Week 3 games 9/24-9/28, none yet played). Live data refreshed same day (Sleeper live API blocked by sandbox proxy 403, fell back to committed snapshot - see data/fallback/README). Manual weekly-out overrides applied for confirmed Week 3 absences: Jayden Daniels (WAS QB, elbow, Mariota starting), David Njoku and Charlie Kolar (both LAC TE, placed on IR after Week 2, min 4 games) - all via multi-source web confirmation (ESPN/CBS/NFL.com/Chargers.com), not yet reflected in Sleeper's live feed.",/home/user/ffcc/output/draft_rankings/draft_rankings_2026_half_ppr.csv
2026,3,00-0035311,Myles Gaskin,RB,,,True,1.0,0.0,0.0,0.0,0.0,0.0,0.0,1.0,0.0,half_ppr,2026-09-22 13:17,"Pre-kickoff snapshot locked 2026-09-22 (all Week 3 games 9/24-9/28, none yet played). Live data refreshed same day (Sleeper live API blocked by sandbox proxy 403, fell back to committed snapshot - see data/fallback/README). Manual weekly-out overrides applied for confirmed Week 3 absences: Jayden Daniels (WAS QB, elbow, Mariota starting), David Njoku and Charlie Kolar (both LAC TE, placed on IR after Week 2, min 4 games) - all via multi-source web confirmation (ESPN/CBS/NFL.com/Chargers.com), not yet reflected in Sleeper's live feed.",/home/user/ffcc/output/draft_rankings/draft_rankings_2026_half_ppr.csv
2026,3,00-0037654,Tucker Fisk,TE,,,True,1.0,0.0,0.0,0.0,0.0,0.0,0.0,1.0,0.0,half_ppr,2026-09-22 13:17,"Pre-kickoff snapshot locked 2026-09-22 (all Week 3 games 9/24-9/28, none yet played). Live data refreshed same day (Sleeper live API blocked by sandbox proxy 403, fell back to committed snapshot - see data/fallback/README). Manual weekly-out overrides applied for confirmed Week 3 absences: Jayden Daniels (WAS QB, elbow, Mariota starting), David Njoku and Charlie Kolar (both LAC TE, placed on IR after Week 2, min 4 games) - all via multi-source web confirmation (ESPN/CBS/NFL.com/Chargers.com), not yet reflected in Sleeper's live feed.",/home/user/ffcc/output/draft_rankings/draft_rankings_2026_half_ppr.csv
2026,3,00-0037348,Tanner Conner,TE,,,True,1.0,0.0,0.0,0.0,0.0,0.0,0.0,1.0,0.0,half_ppr,2026-09-22 13:17,"Pre-kickoff snapshot locked 2026-09-22 (all Week 3 games 9/24-9/28, none yet played). Live data refreshed same day (Sleeper live API blocked by sandbox proxy 403, fell back to committed snapshot - see data/fallback/README). Manual weekly-out overrides applied for confirmed Week 3 absences: Jayden Daniels (WAS QB, elbow, Mariota starting), David Njoku and Charlie Kolar (both LAC TE, placed on IR after Week 2, min 4 games) - all via multi-source web confirmation (ESPN/CBS/NFL.com/Chargers.com), not yet reflected in Sleeper's live feed.",/home/user/ffcc/output/draft_rankings/draft_rankings_2026_half_ppr.csv
2026,3,00-0034159,Will Dissly,TE,,,True,1.0,0.0,0.0,0.0,0.0,0.0,0.0,1.0,0.0,half_ppr,2026-09-22 13:17,"Pre-kickoff snapshot locked 2026-09-22 (all Week 3 games 9/24-9/28, none yet played). Live data refreshed same day (Sleeper live API blocked by sandbox proxy 403, fell back to committed snapshot - see data/fallback/README). Manual weekly-out overrides applied for confirmed Week 3 absences: Jayden Daniels (WAS QB, elbow, Mariota starting), David Njoku and Charlie Kolar (both LAC TE, placed on IR after Week 2, min 4 games) - all via multi-source web confirmation (ESPN/CBS/NFL.com/Chargers.com), not yet reflected in Sleeper's live feed.",/home/user/ffcc/output/draft_rankings/draft_rankings_2026_half_ppr.csv
2026,3,00-0033375,Tim Patrick,WR,NYJ,DET,False,1.19,0.0,0.0,0.0,0.0,0.0,0.0,1.0,0.0,half_ppr,2026-09-22 13:17,"Pre-kickoff snapshot locked 2026-09-22 (all Week 3 games 9/24-9/28, none yet played). Live data refreshed same day (Sleeper live API blocked by sandbox proxy 403, fell back to committed snapshot - see data/fallback/README). Manual weekly-out overrides applied for confirmed Week 3 absences: Jayden Daniels (WAS QB, elbow, Mariota starting), David Njoku and Charlie Kolar (both LAC TE, placed on IR after Week 2, min 4 games) - all via multi-source web confirmation (ESPN/CBS/NFL.com/Chargers.com), not yet reflected in Sleeper's live feed.",/home/user/ffcc/output/draft_rankings/draft_rankings_2026_half_ppr.csv
2026,3,00-0033923,Kareem Hunt,RB,,,True,1.0,0.0,0.0,0.0,0.0,0.0,0.0,1.0,0.0,half_ppr,2026-09-22 13:17,"Pre-kickoff snapshot locked 2026-09-22 (all Week 3 games 9/24-9/28, none yet played). Live data refreshed same day (Sleeper live API blocked by sandbox proxy 403, fell back to committed snapshot - see data/fallback/README). Manual weekly-out overrides applied for confirmed Week 3 absences: Jayden Daniels (WAS QB, elbow, Mariota starting), David Njoku and Charlie Kolar (both LAC TE, placed on IR after Week 2, min 4 games) - all via multi-source web confirmation (ESPN/CBS/NFL.com/Chargers.com), not yet reflected in Sleeper's live feed.",/home/user/ffcc/output/draft_rankings/draft_rankings_2026_half_ppr.csv
2026,3,00-0035359,David Sills,WR,TB,MIN,False,0.76,0.0,0.0,0.0,0.0,0.0,0.0,1.0,0.0,half_ppr,2026-09-22 13:17,"Pre-kickoff snapshot locked 2026-09-22 (all Week 3 games 9/24-9/28, none yet played). Live data refreshed same day (Sleeper live API blocked by sandbox proxy 403, fell back to committed snapshot - see data/fallback/README). Manual weekly-out overrides applied for confirmed Week 3 absences: Jayden Daniels (WAS QB, elbow, Mariota starting), David Njoku and Charlie Kolar (both LAC TE, placed on IR after Week 2, min 4 games) - all via multi-source web confirmation (ESPN/CBS/NFL.com/Chargers.com), not yet reflected in Sleeper's live feed.",/home/user/ffcc/output/draft_rankings/draft_rankings_2026_half_ppr.csv
2026,3,00-0033553,James Conner,RB,ARI,SF,False,1.05,0.0,0.0,0.0,0.0,0.0,0.0,1.0,0.0,half_ppr,2026-09-22 13:17,"Pre-kickoff snapshot locked 2026-09-22 (all Week 3 games 9/24-9/28, none yet played). Live data refreshed same day (Sleeper live API blocked by sandbox proxy 403, fell back to committed snapshot - see data/fallback/README). Manual weekly-out overrides applied for confirmed Week 3 absences: Jayden Daniels (WAS QB, elbow, Mariota starting), David Njoku and Charlie Kolar (both LAC TE, placed on IR after Week 2, min 4 games) - all via multi-source web confirmation (ESPN/CBS/NFL.com/Chargers.com), not yet reflected in Sleeper's live feed.",/home/user/ffcc/output/draft_rankings/draft_rankings_2026_half_ppr.csv
2026,3,00-0037015,Sal Cannella,TE,,,True,1.0,0.0,0.0,0.0,0.0,0.0,0.0,1.0,0.0,half_ppr,2026-09-22 13:17,"Pre-kickoff snapshot locked 2026-09-22 (all Week 3 games 9/24-9/28, none yet played). Live data refreshed same day (Sleeper live API blocked by sandbox proxy 403, fell back to committed snapshot - see data/fallback/README). Manual weekly-out overrides applied for confirmed Week 3 absences: Jayden Daniels (WAS QB, elbow, Mariota starting), David Njoku and Charlie Kolar (both LAC TE, placed on IR after Week 2, min 4 games) - all via multi-source web confirmation (ESPN/CBS/NFL.com/Chargers.com), not yet reflected in Sleeper's live feed.",/home/user/ffcc/output/draft_rankings/draft_rankings_2026_half_ppr.csv
2026,3,00-0036232,Harrison Bryant,TE,,,True,1.0,0.0,0.0,0.0,0.0,0.0,0.0,1.0,0.0,half_ppr,2026-09-22 13:17,"Pre-kickoff snapshot locked 2026-09-22 (all Week 3 games 9/24-9/28, none yet played). Live data refreshed same day (Sleeper live API blocked by sandbox proxy 403, fell back to committed snapshot - see data/fallback/README). Manual weekly-out overrides applied for confirmed Week 3 absences: Jayden Daniels (WAS QB, elbow, Mariota starting), David Njoku and Charlie Kolar (both LAC TE, placed on IR after Week 2, min 4 games) - all via multi-source web confirmation (ESPN/CBS/NFL.com/Chargers.com), not yet reflected in Sleeper's live feed.",/home/user/ffcc/output/draft_rankings/draft_rankings_2026_half_ppr.csv
2026,3,00-0037306,John FitzPatrick,TE,,,True,1.0,0.0,0.0,0.0,0.0,0.0,0.0,1.0,0.0,half_ppr,2026-09-22 13:17,"Pre-kickoff snapshot locked 2026-09-22 (all Week 3 games 9/24-9/28, none yet played). Live data refreshed same day (Sleeper live API blocked by sandbox proxy 403, fell back to committed snapshot - see data/fallback/README). Manual weekly-out overrides applied for confirmed Week 3 absences: Jayden Daniels (WAS QB, elbow, Mariota starting), David Njoku and Charlie Kolar (both LAC TE, placed on IR after Week 2, min 4 games) - all via multi-source web confirmation (ESPN/CBS/NFL.com/Chargers.com), not yet reflected in Sleeper's live feed.",/home/user/ffcc/output/draft_rankings/draft_rankings_2026_half_ppr.csv
2026,3,00-0038582,Clayton Tune,QB,,,True,1.0,0.0,0.0,0.0,0.0,0.0,0.0,1.0,0.0,half_ppr,2026-09-22 13:17,"Pre-kickoff snapshot locked 2026-09-22 (all Week 3 games 9/24-9/28, none yet played). Live data refreshed same day (Sleeper live API blocked by sandbox proxy 403, fell back to committed snapshot - see data/fallback/README). Manual weekly-out overrides applied for confirmed Week 3 absences: Jayden Daniels (WAS QB, elbow, Mariota starting), David Njoku and Charlie Kolar (both LAC TE, placed on IR after Week 2, min 4 games) - all via multi-source web confirmation (ESPN/CBS/NFL.com/Chargers.com), not yet reflected in Sleeper's live feed.",/home/user/ffcc/output/draft_rankings/draft_rankings_2026_half_ppr.csv
2026,3,00-0034367,Nyheim Hines,RB,,,True,1.0,0.0,0.0,0.0,0.0,0.0,0.0,1.0,0.0,half_ppr,2026-09-22 13:17,"Pre-kickoff snapshot locked 2026-09-22 (all Week 3 games 9/24-9/28, none yet played). Live data refreshed same day (Sleeper live API blocked by sandbox proxy 403, fell back to committed snapshot - see data/fallback/README). Manual weekly-out overrides applied for confirmed Week 3 absences: Jayden Daniels (WAS QB, elbow, Mariota starting), David Njoku and Charlie Kolar (both LAC TE, placed on IR after Week 2, min 4 games) - all via multi-source web confirmation (ESPN/CBS/NFL.com/Chargers.com), not yet reflected in Sleeper's live feed.",/home/user/ffcc/output/draft_rankings/draft_rankings_2026_half_ppr.csv
2026,3,00-0035291,Trayveon Williams,RB,,,True,1.0,0.0,0.0,0.0,0.0,0.0,0.0,1.0,0.0,half_ppr,2026-09-22 13:17,"Pre-kickoff snapshot locked 2026-09-22 (all Week 3 games 9/24-9/28, none yet played). Live data refreshed same day (Sleeper live API blocked by sandbox proxy 403, fell back to committed snapshot - see data/fallback/README). Manual weekly-out overrides applied for confirmed Week 3 absences: Jayden Daniels (WAS QB, elbow, Mariota starting), David Njoku and Charlie Kolar (both LAC TE, placed on IR after Week 2, min 4 games) - all via multi-source web confirmation (ESPN/CBS/NFL.com/Chargers.com), not yet reflected in Sleeper's live feed.",/home/user/ffcc/output/draft_rankings/draft_rankings_2026_half_ppr.csv
2026,3,00-0034775,Christian Kirk,WR,SF,ARI,False,0.97,0.0,0.0,0.0,0.0,0.0,0.0,1.0,0.0,half_ppr,2026-09-22 13:17,"Pre-kickoff snapshot locked 2026-09-22 (all Week 3 games 9/24-9/28, none yet played). Live data refreshed same day (Sleeper live API blocked by sandbox proxy 403, fell back to committed snapshot - see data/fallback/README). Manual weekly-out overrides applied for confirmed Week 3 absences: Jayden Daniels (WAS QB, elbow, Mariota starting), David Njoku and Charlie Kolar (both LAC TE, placed on IR after Week 2, min 4 games) - all via multi-source web confirmation (ESPN/CBS/NFL.com/Chargers.com), not yet reflected in Sleeper's live feed.",/home/user/ffcc/output/draft_rankings/draft_rankings_2026_half_ppr.csv
2026,3,00-0031763,DeAndre Carter,WR,,,True,1.0,0.0,0.0,0.0,0.0,0.0,0.0,1.0,0.0,half_ppr,2026-09-22 13:17,"Pre-kickoff snapshot locked 2026-09-22 (all Week 3 games 9/24-9/28, none yet played). Live data refreshed same day (Sleeper live API blocked by sandbox proxy 403, fell back to committed snapshot - see data/fallback/README). Manual weekly-out overrides applied for confirmed Week 3 absences: Jayden Daniels (WAS QB, elbow, Mariota starting), David Njoku and Charlie Kolar (both LAC TE, placed on IR after Week 2, min 4 games) - all via multi-source web confirmation (ESPN/CBS/NFL.com/Chargers.com), not yet reflected in Sleeper's live feed.",/home/user/ffcc/output/draft_rankings/draft_rankings_2026_half_ppr.csv
2026,3,00-0040130,Jayden Higgins,WR,HOU,IND,False,1.16,0.0,0.0,0.0,0.0,0.0,0.0,1.0,0.0,half_ppr,2026-09-22 13:17,"Pre-kickoff snapshot locked 2026-09-22 (all Week 3 games 9/24-9/28, none yet played). Live data refreshed same day (Sleeper live API blocked by sandbox proxy 403, fell back to committed snapshot - see data/fallback/README). Manual weekly-out overrides applied for confirmed Week 3 absences: Jayden Daniels (WAS QB, elbow, Mariota starting), David Njoku and Charlie Kolar (both LAC TE, placed on IR after Week 2, min 4 games) - all via multi-source web confirmation (ESPN/CBS/NFL.com/Chargers.com), not yet reflected in Sleeper's live feed.",/home/user/ffcc/output/draft_rankings/draft_rankings_2026_half_ppr.csv
2026,3,00-0039916,Ricky Pearsall,WR,SF,ARI,False,0.97,0.0,0.0,0.0,0.0,0.0,0.0,1.0,0.0,half_ppr,2026-09-22 13:17,"Pre-kickoff snapshot locked 2026-09-22 (all Week 3 games 9/24-9/28, none yet played). Live data refreshed same day (Sleeper live API blocked by sandbox proxy 403, fell back to committed snapshot - see data/fallback/README). Manual weekly-out overrides applied for confirmed Week 3 absences: Jayden Daniels (WAS QB, elbow, Mariota starting), David Njoku and Charlie Kolar (both LAC TE, placed on IR after Week 2, min 4 games) - all via multi-source web confirmation (ESPN/CBS/NFL.com/Chargers.com), not yet reflected in Sleeper's live feed.",/home/user/ffcc/output/draft_rankings/draft_rankings_2026_half_ppr.csv
2026,3,00-0035628,D'Ernest Johnson,RB,,,True,1.0,0.0,0.0,0.0,0.0,0.0,0.0,1.0,0.0,half_ppr,2026-09-22 13:17,"Pre-kickoff snapshot locked 2026-09-22 (all Week 3 games 9/24-9/28, none yet played). Live data refreshed same day (Sleeper live API blocked by sandbox proxy 403, fell back to committed snapshot - see data/fallback/README). Manual weekly-out overrides applied for confirmed Week 3 absences: Jayden Daniels (WAS QB, elbow, Mariota starting), David Njoku and Charlie Kolar (both LAC TE, placed on IR after Week 2, min 4 games) - all via multi-source web confirmation (ESPN/CBS/NFL.com/Chargers.com), not yet reflected in Sleeper's live feed.",/home/user/ffcc/output/draft_rankings/draft_rankings_2026_half_ppr.csv
2026,3,00-0036569,Gary Brightwell,RB,,,True,1.0,0.0,0.0,0.0,0.0,0.0,0.0,1.0,0.0,half_ppr,2026-09-22 13:17,"Pre-kickoff snapshot locked 2026-09-22 (all Week 3 games 9/24-9/28, none yet played). Live data refreshed same day (Sleeper live API blocked by sandbox proxy 403, fell back to committed snapshot - see data/fallback/README). Manual weekly-out overrides applied for confirmed Week 3 absences: Jayden Daniels (WAS QB, elbow, Mariota starting), David Njoku and Charlie Kolar (both LAC TE, placed on IR after Week 2, min 4 games) - all via multi-source web confirmation (ESPN/CBS/NFL.com/Chargers.com), not yet reflected in Sleeper's live feed.",/home/user/ffcc/output/draft_rankings/draft_rankings_2026_half_ppr.csv
2026,3,00-0038740,Jalen Moreno-Cropper,WR,NO,LV,False,1.08,-0.01,-2.0,-2.0,-1.37,2.49,7.75,0.77,0.02,half_ppr,2026-09-22 13:17,"Pre-kickoff snapshot locked 2026-09-22 (all Week 3 games 9/24-9/28, none yet played). Live data refreshed same day (Sleeper live API blocked by sandbox proxy 403, fell back to committed snapshot - see data/fallback/README). Manual weekly-out overrides applied for confirmed Week 3 absences: Jayden Daniels (WAS QB, elbow, Mariota starting), David Njoku and Charlie Kolar (both LAC TE, placed on IR after Week 2, min 4 games) - all via multi-source web confirmation (ESPN/CBS/NFL.com/Chargers.com), not yet reflected in Sleeper's live feed.",/home/user/ffcc/output/draft_rankings/draft_rankings_2026_half_ppr.csv
2026,3,00-0038735,Princeton Fant,TE,DAL,BAL,False,0.8,-0.14,-2.0,-2.0,-1.06,1.62,5.96,0.81,0.04,half_ppr,2026-09-22 13:17,"Pre-kickoff snapshot locked 2026-09-22 (all Week 3 games 9/24-9/28, none yet played). Live data refreshed same day (Sleeper live API blocked by sandbox proxy 403, fell back to committed snapshot - see data/fallback/README). Manual weekly-out overrides applied for confirmed Week 3 absences: Jayden Daniels (WAS QB, elbow, Mariota starting), David Njoku and Charlie Kolar (both LAC TE, placed on IR after Week 2, min 4 games) - all via multi-source web confirmation (ESPN/CBS/NFL.com/Chargers.com), not yet reflected in Sleeper's live feed.",/home/user/ffcc/output/draft_rankings/draft_rankings_2026_half_ppr.csv
2026,3,00-0037380,Kaden Davis,WR,CHI,PHI,False,0.85,-0.14,-2.0,-2.0,-1.46,2.28,7.62,0.78,0.02,half_ppr,2026-09-22 13:17,"Pre-kickoff snapshot locked 2026-09-22 (all Week 3 games 9/24-9/28, none yet played). Live data refreshed same day (Sleeper live API blocked by sandbox proxy 403, fell back to committed snapshot - see data/fallback/README). Manual weekly-out overrides applied for confirmed Week 3 absences: Jayden Daniels (WAS QB, elbow, Mariota starting), David Njoku and Charlie Kolar (both LAC TE, placed on IR after Week 2, min 4 games) - all via multi-source web confirmation (ESPN/CBS/NFL.com/Chargers.com), not yet reflected in Sleeper's live feed.",/home/user/ffcc/output/draft_rankings/draft_rankings_2026_half_ppr.csv
2026,3,00-0033854,Dare Ogunbowale,RB,LV,NO,False,0.96,-0.21,-2.0,-2.0,-1.64,2.83,8.95,0.76,0.03,half_ppr,2026-09-22 13:17,"Pre-kickoff snapshot locked 2026-09-22 (all Week 3 games 9/24-9/28, none yet played). Live data refreshed same day (Sleeper live API blocked by sandbox proxy 403, fell back to committed snapshot - see data/fallback/README). Manual weekly-out overrides applied for confirmed Week 3 absences: Jayden Daniels (WAS QB, elbow, Mariota starting), David Njoku and Charlie Kolar (both LAC TE, placed on IR after Week 2, min 4 games) - all via multi-source web confirmation (ESPN/CBS/NFL.com/Chargers.com), not yet reflected in Sleeper's live feed.",/home/user/ffcc/output/draft_rankings/draft_rankings_2026_half_ppr.csv
2026,3,00-0037277,Teagan Quitoriano,TE,ARI,SF,False,1.12,-0.23,-2.0,-2.0,-1.15,1.55,5.82,0.81,0.03,half_ppr,2026-09-22 13:17,"Pre-kickoff snapshot locked 2026-09-22 (all Week 3 games 9/24-9/28, none yet played). Live data refreshed same day (Sleeper live API blocked by sandbox proxy 403, fell back to committed snapshot - see data/fallback/README). Manual weekly-out overrides applied for confirmed Week 3 absences: Jayden Daniels (WAS QB, elbow, Mariota starting), David Njoku and Charlie Kolar (both LAC TE, placed on IR after Week 2, min 4 games) - all via multi-source web confirmation (ESPN/CBS/NFL.com/Chargers.com), not yet reflected in Sleeper's live feed.",/home/user/ffcc/output/draft_rankings/draft_rankings_2026_half_ppr.csv
2026,3,00-0039489,Hayden Rucci,TE,JAX,NE,False,1.09,-0.57,-2.0,-2.0,-1.43,1.32,5.41,0.82,0.03,half_ppr,2026-09-22 13:17,"Pre-kickoff snapshot locked 2026-09-22 (all Week 3 games 9/24-9/28, none yet played). Live data refreshed same day (Sleeper live API blocked by sandbox proxy 403, fell back to committed snapshot - see data/fallback/README). Manual weekly-out overrides applied for confirmed Week 3 absences: Jayden Daniels (WAS QB, elbow, Mariota starting), David Njoku and Charlie Kolar (both LAC TE, placed on IR after Week 2, min 4 games) - all via multi-source web confirmation (ESPN/CBS/NFL.com/Chargers.com), not yet reflected in Sleeper's live feed.",/home/user/ffcc/output/draft_rankings/draft_rankings_2026_half_ppr.csv
2026,3,00-0037317,Nick Muse,TE,ATL,GB,False,0.88,-0.97,-2.0,-2.0,-1.85,0.94,5.13,0.83,0.03,half_ppr,2026-09-22 13:17,"Pre-kickoff snapshot locked 2026-09-22 (all Week 3 games 9/24-9/28, none yet played). Live data refreshed same day (Sleeper live API blocked by sandbox proxy 403, fell back to committed snapshot - see data/fallback/README). Manual weekly-out overrides applied for confirmed Week 3 absences: Jayden Daniels (WAS QB, elbow, Mariota starting), David Njoku and Charlie Kolar (both LAC TE, placed on IR after Week 2, min 4 games) - all via multi-source web confirmation (ESPN/CBS/NFL.com/Chargers.com), not yet reflected in Sleeper's live feed.",/home/user/ffcc/output/draft_rankings/draft_rankings_2026_half_ppr.csv
